CustomerID,Name,Gender,Age,City,Signup_Date,Last_purchase_date,purchase_amount,feedback_score,Country
,Ankit,F,36.0,Mumbai,2024-12-31,2025-08-13,-999.0,2.0,Canada
C2,Ravi,Female,43.0,Kolkata,,,-999.0,-1.0,Canada
3,Ravi,female,66.0,Ahmedabad,,2023-06-20,-999.0,10.0,India
C4,Ankit,male,44.0,Kolkata,,2025-09-13,-999.0,3.0,USA
5,Rahul,Male,200.0,Ahmedabad,2025-07-09,,-999.0,3.0,USA
C6,Amit,nan,64.0,Mumbai,,,-999.0,5.0,UK
7,Kiran,nan,200.0,Pune,,,-999.0,3.0,Australia
8,Rahul,nan,200.0,Delhi,,2021-11-15,-999.0,10.0,Canada
C9,Simran,Female,43.0,Pune,,,-999.0,-1.0,India
10,Simran,nan,43.0,Pune,2023-12-18,,887.49,10.0,Canada
,Ankit,nan,24.0,Chennai,,,-999.0,-1.0,nan
C12,Ravi,male,-5.0,Hyderabad,2025-05-29,2021-03-20,2712.5,3.0,UK
13,Rahul,male,43.0,Bangalore,,,2822.0,-1.0,Australia
14,Ravi,nan,43.0,Mumbai,2024-12-15,2022-03-26,-999.0,1.0,USA
15,Kiran,nan,62.0,nan,2022-10-16,2025-12-04,-999.0,5.0,USA
,nan,female,30.0,Pune,,,-999.0,3.0,Canada
17,Pooja,male,43.0,Pune,2021-12-18,2022-11-11,509.03,5.0,India
18,Priya,Female,-5.0,Ahmedabad,,2021-10-10,1582.43,3.0,UK
19,Sneha,nan,38.0,Pune,2023-01-07,,-999.0,-1.0,nan
20,Simran,M,-5.0,Pune,2021-07-21,2024-07-06,938.55,-1.0,Canada
C21,nan,Female,26.0,Mumbai,2021-06-28,,-999.0,2.0,USA
C22,Ravi,M,200.0,Kolkata,,,-999.0,3.0,nan
23,Rahul,Male,200.0,Bangalore,2022-05-28,,-999.0,3.0,Australia
C24,Kiran,Male,200.0,Chennai,,,-999.0,10.0,nan
,Ankit,female,43.0,Hyderabad,,,-999.0,4.0,Australia
26,Simran,female,-5.0,Kolkata,2025-07-17,2020-09-05,1250.98,3.0,UK
,Kiran,nan,43.0,Kolkata,2024-05-28,2020-11-14,4772.57,4.0,UK
C28,Neha,female,43.0,Ahmedabad,,2022-05-30,84.02,2.0,Australia
C29,nan,nan,47.0,Hyderabad,,,-999.0,2.0,nan
C30,Simran,nan,-5.0,Pune,2022-10-11,2024-06-13,-999.0,10.0,India
31,Sneha,nan,21.0,Mumbai,2025-02-28,,-999.0,10.0,USA
,Rahul,female,200.0,nan,,2024-05-09,41.61,3.0,Canada
C33,Ravi,nan,200.0,Chennai,2025-11-30,2024-01-23,-999.0,4.0,nan
,nan,M,-5.0,Kolkata,2023-04-16,2023-04-06,-999.0,3.0,Canada
C35,Pooja,male,-5.0,nan,2023-05-31,,1380.12,3.0,India
C36,Rahul,M,43.0,Delhi,2024-09-26,,-999.0,3.0,Australia
37,Rahul,Male,200.0,Pune,,2025-05-18,-999.0,-1.0,nan
38,Kiran,Female,200.0,Mumbai,,2025-12-03,-999.0,-1.0,India
39,Ankit,M,-5.0,Pune,2025-10-12,,870.32,1.0,UK
40,Rahul,Male,43.0,nan,2024-06-26,,-999.0,-1.0,India
41,Ravi,nan,42.0,Ahmedabad,2023-01-08,,-999.0,-1.0,Canada
,Simran,female,43.0,nan,,,-999.0,1.0,Canada
C43,Kiran,F,-5.0,nan,,,1719.83,5.0,Australia
,Kiran,Female,50.0,Chennai,2024-11-13,,-999.0,-1.0,Australia
45,Neha,Female,43.0,Chennai,2022-12-07,,3631.99,-1.0,Australia
,Neha,female,67.0,Ahmedabad,,2022-07-01,1661.36,1.0,USA
C47,Rahul,Male,47.0,Mumbai,2024-10-25,,-999.0,10.0,India
48,nan,Female,200.0,Pune,,2022-04-08,-999.0,3.0,India
C49,Sneha,Male,22.0,Mumbai,,2024-03-15,-999.0,5.0,Australia
C50,Sneha,Female,38.0,Delhi,,,3841.35,-1.0,nan
,nan,F,-5.0,Kolkata,,,-999.0,1.0,Canada
C52,nan,M,52.0,nan,,,-999.0,3.0,UK
53,Rahul,Male,24.0,nan,,2024-06-14,-999.0,3.0,UK
C54,Sneha,Female,200.0,Mumbai,2021-07-25,,3147.13,3.0,Australia
55,Amit,Male,43.0,Pune,,,4911.38,-1.0,Australia
56,Rahul,female,43.0,Chennai,,,-999.0,1.0,USA
57,Ravi,male,43.0,Hyderabad,,2021-07-28,-999.0,-1.0,India
,Pooja,Female,200.0,Chennai,2023-09-24,,-999.0,-1.0,Canada
C59,Simran,F,-5.0,Mumbai,,,-999.0,-1.0,Canada
,nan,male,57.0,Kolkata,,,4812.75,10.0,nan
61,Pooja,female,59.0,Kolkata,,,-999.0,1.0,Canada
,nan,Male,43.0,Kolkata,2024-04-12,2026-01-21,-999.0,4.0,Australia
63,Pooja,nan,200.0,Ahmedabad,,,176.23,-1.0,nan
64,Ankit,M,200.0,Ahmedabad,,,-999.0,10.0,USA
65,Simran,nan,43.0,Delhi,,,940.07,1.0,USA
C66,Priya,nan,23.0,Ahmedabad,2025-08-25,,659.47,10.0,USA
67,Simran,male,43.0,Ahmedabad,,,-999.0,-1.0,USA
C68,nan,Female,-5.0,Mumbai,2020-12-30,,-999.0,10.0,India
69,Rahul,male,-5.0,Hyderabad,2022-05-09,2022-11-18,1019.16,3.0,nan
C70,Amit,M,200.0,Delhi,2022-01-25,,-999.0,4.0,Canada
C71,Sneha,M,200.0,Kolkata,2023-11-23,2023-06-09,-999.0,10.0,UK
C72,Sneha,nan,23.0,Mumbai,,2024-10-05,-999.0,-1.0,Australia
73,nan,F,43.0,Bangalore,2025-12-13,,-999.0,10.0,nan
,Simran,Female,43.0,Bangalore,2023-09-22,2023-05-18,-999.0,-1.0,Canada
75,nan,Male,68.0,Mumbai,2021-04-01,,-999.0,-1.0,UK
C76,Simran,female,43.0,Hyderabad,,,1958.1,2.0,India
,nan,nan,43.0,Bangalore,2021-06-16,,-999.0,2.0,UK
78,Amit,nan,200.0,nan,2024-06-20,,2267.95,3.0,nan
79,Kiran,female,200.0,nan,2020-11-11,2022-03-28,-999.0,-1.0,India
,Ankit,nan,200.0,Chennai,2021-12-11,,1517.55,1.0,USA
,Rahul,Female,43.0,Delhi,,,-999.0,-1.0,UK
82,Pooja,Male,43.0,Hyderabad,,,477.91,-1.0,Australia
83,nan,Male,47.0,Bangalore,2025-11-22,,1105.17,3.0,Australia
,Priya,Female,43.0,Ahmedabad,,,3720.97,2.0,Canada
C85,Priya,male,51.0,Delhi,,,-999.0,3.0,USA
86,Kiran,F,43.0,Pune,,,-999.0,3.0,UK
87,nan,male,-5.0,Kolkata,2020-12-05,,-999.0,1.0,Canada
88,Kiran,Male,43.0,Delhi,,,-999.0,3.0,Australia
89,Rahul,nan,-5.0,Hyderabad,,,-999.0,10.0,nan
,Ankit,M,51.0,Hyderabad,,,-999.0,10.0,USA
91,Simran,Male,66.0,nan,,,-999.0,-1.0,USA
C92,Ankit,nan,-5.0,Delhi,2025-07-21,,2589.13,3.0,UK
93,Ravi,female,43.0,Pune,2023-12-05,,-999.0,10.0,India
,nan,male,53.0,Kolkata,,,-999.0,-1.0,USA
C95,Amit,M,-5.0,Hyderabad,,,-999.0,3.0,nan
,Simran,M,-5.0,nan,2023-02-03,2020-10-12,-999.0,10.0,USA
C97,Simran,Male,43.0,Pune,,,-999.0,-1.0,Canada
C98,Kiran,Female,-5.0,nan,,,-999.0,-1.0,nan
99,Amit,nan,-5.0,Bangalore,,,-999.0,5.0,India
C100,Priya,M,-5.0,Pune,,,-999.0,-1.0,USA
C101,Neha,nan,43.0,Mumbai,,2022-02-20,-999.0,3.0,India
102,Pooja,nan,200.0,Mumbai,2023-09-15,2022-05-10,-999.0,3.0,Canada
,Simran,nan,-5.0,Mumbai,,,-999.0,10.0,UK
104,nan,M,43.0,nan,2023-09-09,2022-05-22,-999.0,10.0,UK
,Rahul,nan,200.0,Kolkata,2021-07-27,,-999.0,10.0,USA
106,Priya,F,200.0,Delhi,2023-02-19,,-999.0,3.0,nan
107,Rahul,F,-5.0,Ahmedabad,2021-04-26,2024-06-05,-999.0,3.0,Canada
,Pooja,male,200.0,Ahmedabad,,,-999.0,10.0,Canada
C109,Ankit,male,200.0,nan,,,-999.0,10.0,USA
110,nan,nan,200.0,Delhi,2021-10-25,2023-08-27,-999.0,1.0,USA
C111,Simran,nan,-5.0,Bangalore,,,-999.0,10.0,UK
C112,Simran,Male,200.0,Kolkata,2024-10-24,,-999.0,3.0,Australia
,Ravi,nan,43.0,Pune,2022-02-22,,-999.0,10.0,nan
C114,nan,female,43.0,nan,2021-06-24,2024-07-22,1520.66,10.0,nan
115,nan,nan,200.0,Pune,2021-07-14,,2625.32,3.0,nan
,Ravi,M,200.0,Chennai,,,-999.0,2.0,Canada
,Pooja,Male,43.0,Kolkata,2024-07-07,2025-05-13,-999.0,-1.0,Australia
118,Sneha,Male,200.0,nan,,,-999.0,10.0,Canada
C119,Kiran,male,57.0,Delhi,2021-07-07,,-999.0,5.0,UK
120,nan,nan,43.0,Delhi,,,-999.0,5.0,USA
121,nan,nan,70.0,Hyderabad,,,-999.0,3.0,Canada
C122,Sneha,F,-5.0,Pune,,,-999.0,-1.0,USA
,Ankit,nan,-5.0,Chennai,,,-999.0,3.0,USA
124,Pooja,Male,-5.0,Hyderabad,2024-05-11,,-999.0,-1.0,Canada
C125,nan,F,-5.0,Kolkata,2024-06-08,,-999.0,3.0,Canada
126,nan,M,33.0,Hyderabad,,,-999.0,3.0,USA
,nan,male,200.0,Delhi,2024-02-01,,-999.0,10.0,Australia
128,Ankit,M,200.0,Pune,2024-03-07,,-999.0,-1.0,India
129,Ankit,F,-5.0,Hyderabad,,,384.1,3.0,USA
130,Ravi,Male,46.0,Ahmedabad,,,-999.0,10.0,USA
,Simran,male,-5.0,Ahmedabad,,,-999.0,10.0,India
132,Priya,F,200.0,Ahmedabad,2021-06-12,,-999.0,10.0,India
133,Ankit,female,43.0,Chennai,,2020-10-16,101.52,5.0,nan
C134,Ankit,female,200.0,nan,2025-11-02,2024-07-19,-999.0,10.0,nan
135,Neha,nan,21.0,Mumbai,2021-05-29,,3106.84,3.0,Australia
136,Ankit,nan,-5.0,Delhi,,2025-01-04,177.15,10.0,Australia
137,Sneha,female,39.0,Kolkata,2022-11-11,,-999.0,3.0,Australia
138,Ankit,M,43.0,Ahmedabad,2021-06-22,2020-12-01,-999.0,5.0,USA
139,Amit,Female,43.0,Hyderabad,2024-07-23,2021-01-12,-999.0,-1.0,USA
,Ravi,male,43.0,Pune,,,4302.36,-1.0,nan
C141,Neha,nan,29.0,Kolkata,,,-999.0,10.0,USA
C142,Amit,Male,67.0,Kolkata,2024-11-29,,3979.83,3.0,USA
C143,Rahul,Male,200.0,Delhi,2025-05-13,,-999.0,3.0,Australia
C144,Priya,male,-5.0,nan,2025-03-13,,-999.0,3.0,UK
C145,nan,female,43.0,nan,,2025-12-05,-999.0,10.0,nan
146,nan,Male,-5.0,Pune,2021-05-05,,819.86,1.0,USA
,Pooja,F,43.0,Chennai,,2021-01-25,4938.36,10.0,Australia
148,Amit,nan,68.0,Chennai,,,-999.0,-1.0,Canada
C149,Rahul,Female,38.0,Pune,2025-03-16,2026-01-20,-999.0,2.0,India
150,Amit,nan,200.0,Ahmedabad,2025-11-29,,-999.0,4.0,Australia
,Kiran,F,28.0,nan,,,-999.0,-1.0,Canada
,Simran,Female,-5.0,Hyderabad,2021-07-20,,-999.0,-1.0,nan
153,Pooja,Female,200.0,Bangalore,,2021-09-14,-999.0,1.0,Canada
154,Amit,M,-5.0,Bangalore,,,-999.0,10.0,USA
155,Neha,Male,200.0,Bangalore,,2025-12-21,-999.0,10.0,UK
C156,nan,M,35.0,Hyderabad,2020-10-11,,2102.22,10.0,India
,Ravi,M,35.0,nan,2021-05-15,,-999.0,-1.0,India
158,Pooja,nan,200.0,Kolkata,,,3902.94,10.0,Australia
C159,Rahul,F,43.0,Bangalore,2024-10-11,,502.02,-1.0,India
,nan,nan,-5.0,Mumbai,2021-03-27,2020-10-12,-999.0,10.0,USA
C161,Pooja,Male,35.0,nan,2023-11-18,,-999.0,2.0,India
,Pooja,F,200.0,Kolkata,2021-08-05,,-999.0,10.0,USA
163,Amit,nan,200.0,Chennai,,,-999.0,3.0,Canada
C164,Amit,F,200.0,Pune,2025-01-18,,-999.0,3.0,USA
165,Pooja,nan,43.0,Kolkata,,2024-02-09,-999.0,3.0,nan
C166,Rahul,nan,-5.0,Mumbai,,,1368.23,10.0,UK
,nan,M,26.0,Chennai,2021-04-28,,-999.0,10.0,USA
,Ravi,M,43.0,Pune,,,-999.0,10.0,USA
C169,nan,nan,43.0,Hyderabad,2022-08-23,,-999.0,5.0,nan
,nan,Female,-5.0,Chennai,,,-999.0,10.0,India
C171,Kiran,nan,43.0,Hyderabad,2022-02-24,2024-06-04,-999.0,5.0,India
C172,Neha,female,200.0,Bangalore,2023-12-24,,-999.0,10.0,Canada
C173,Simran,F,-5.0,nan,2023-06-02,,-999.0,2.0,UK
C174,nan,female,22.0,Chennai,2024-12-06,,-999.0,3.0,Australia
175,nan,Male,43.0,Kolkata,,,-999.0,-1.0,Canada
176,Kiran,female,200.0,Chennai,,2022-04-26,-999.0,10.0,India
C177,Ankit,nan,-5.0,Pune,,2024-03-26,-999.0,-1.0,Canada
178,Priya,male,43.0,Bangalore,2022-03-24,,4177.93,10.0,USA
C179,Neha,nan,200.0,Delhi,,,3779.89,-1.0,nan
,Ankit,M,43.0,Ahmedabad,,2023-06-10,2578.36,10.0,USA
181,nan,F,-5.0,nan,2022-06-10,2023-12-06,-999.0,-1.0,India
182,nan,nan,43.0,nan,,,-999.0,3.0,USA
C183,Pooja,M,-5.0,Delhi,,,-999.0,3.0,India
,Simran,Male,200.0,Delhi,,,2530.03,10.0,Canada
C185,nan,male,37.0,Hyderabad,,,-999.0,2.0,UK
,Ravi,M,43.0,Bangalore,,,-999.0,-1.0,Australia
187,Sneha,female,200.0,Pune,2020-12-07,2025-03-08,3124.58,3.0,India
C188,Ankit,nan,43.0,nan,,2023-04-13,-999.0,-1.0,nan
189,Ravi,nan,43.0,nan,2025-10-02,,-999.0,3.0,Australia
,Sneha,Male,200.0,Hyderabad,,,-999.0,3.0,USA
191,Rahul,male,44.0,nan,2024-05-20,2023-09-08,-999.0,3.0,Canada
192,nan,female,18.0,Kolkata,2024-09-27,,3740.72,3.0,Australia
C193,Rahul,nan,43.0,Delhi,2023-10-22,,-999.0,1.0,India
C194,Amit,Male,43.0,Delhi,2023-03-12,,-999.0,10.0,nan
195,Kiran,female,200.0,nan,2023-01-23,,-999.0,10.0,Canada
196,Ravi,nan,58.0,Hyderabad,2023-01-11,,-999.0,1.0,USA
,Pooja,nan,62.0,nan,2021-10-25,2023-01-29,1644.7,3.0,India
,Ankit,nan,200.0,Chennai,,,-999.0,10.0,USA
C199,Simran,Female,43.0,Delhi,2021-05-24,,-999.0,10.0,UK
C200,Simran,M,22.0,Pune,,,-999.0,4.0,nan
201,Kiran,M,-5.0,Mumbai,,2022-05-04,2647.56,-1.0,India
,Ankit,M,200.0,Kolkata,,,709.67,1.0,UK
C203,Ankit,Male,43.0,Hyderabad,,2024-02-07,3829.56,3.0,nan
,Sneha,M,200.0,Hyderabad,,,-999.0,3.0,USA
205,nan,F,43.0,Mumbai,2025-12-21,,-999.0,5.0,nan
206,Priya,Male,200.0,Pune,,,-999.0,2.0,UK
207,Simran,male,43.0,Kolkata,2024-08-24,,-999.0,-1.0,Australia
208,Sneha,nan,70.0,Ahmedabad,2023-02-16,2021-11-30,-999.0,-1.0,Canada
209,Pooja,F,28.0,Chennai,,2021-07-26,-999.0,10.0,nan
210,nan,female,200.0,Kolkata,,,-999.0,10.0,USA
C211,Sneha,F,200.0,Hyderabad,2023-01-27,,-999.0,10.0,nan
,Ankit,Male,68.0,nan,,,-999.0,3.0,Australia
213,nan,male,43.0,Mumbai,,,-999.0,3.0,nan
214,Kiran,male,43.0,Bangalore,2020-11-03,,-999.0,3.0,Australia
C215,nan,Male,43.0,Hyderabad,,2025-05-28,-999.0,3.0,Australia
,nan,M,-5.0,Ahmedabad,2022-02-19,2025-06-22,-999.0,10.0,USA
217,Pooja,female,-5.0,Pune,2020-08-20,,3742.84,3.0,Canada
,Ankit,Female,200.0,Ahmedabad,2023-11-08,,-999.0,3.0,Australia
C219,nan,F,30.0,Ahmedabad,2021-08-04,2021-01-14,-999.0,2.0,nan
220,Amit,Male,65.0,Ahmedabad,,,909.91,-1.0,nan
,Priya,Male,200.0,Ahmedabad,2024-09-13,,-999.0,3.0,Canada
222,Ravi,M,-5.0,Mumbai,2021-04-26,,3141.85,3.0,nan
223,Kiran,M,200.0,Delhi,,2024-08-11,4163.86,1.0,India
,nan,Female,18.0,Kolkata,,2024-05-24,4036.77,3.0,nan
C225,Ravi,Male,-5.0,Bangalore,2025-03-03,2023-12-12,-999.0,3.0,UK
226,Amit,male,200.0,nan,,2021-02-16,1994.89,10.0,Australia
,Kiran,Female,43.0,Pune,2020-08-09,,-999.0,10.0,Canada
C228,Pooja,Male,45.0,Kolkata,2024-10-07,2024-06-14,-999.0,10.0,UK
C229,Simran,Female,200.0,Delhi,2023-01-27,,-999.0,3.0,nan
,Amit,Female,43.0,Mumbai,,2021-05-15,-999.0,10.0,UK
231,nan,M,50.0,Delhi,,,-999.0,3.0,USA
232,nan,F,-5.0,Bangalore,2020-12-28,,-999.0,4.0,Australia
233,Neha,M,31.0,Mumbai,2023-03-28,2023-12-26,-999.0,1.0,USA
234,nan,female,43.0,Bangalore,2025-12-28,,-999.0,4.0,Canada
235,Ravi,male,-5.0,Bangalore,,2022-03-05,-999.0,10.0,Australia
236,Ravi,F,200.0,Bangalore,,,1413.4,2.0,USA
237,Ankit,M,-5.0,Mumbai,2025-06-25,,-999.0,4.0,USA
,nan,male,43.0,nan,,,1385.67,3.0,Canada
,nan,nan,43.0,Pune,,,-999.0,3.0,India
240,Sneha,male,64.0,Mumbai,,2024-03-27,-999.0,10.0,USA
241,nan,Male,-5.0,Ahmedabad,,,-999.0,10.0,UK
242,Pooja,male,43.0,nan,,2024-02-29,-999.0,5.0,UK
243,Neha,F,43.0,Bangalore,2021-02-02,2025-07-27,4995.66,1.0,nan
244,Kiran,male,200.0,Ahmedabad,2022-08-06,,-999.0,10.0,Australia
245,Amit,nan,43.0,Bangalore,2021-12-13,,-999.0,-1.0,Canada
C246,Ankit,Female,-5.0,nan,2023-09-12,2022-12-26,-999.0,10.0,Canada
C247,Ankit,Female,200.0,Pune,2022-12-15,,-999.0,-1.0,India
C248,nan,male,43.0,Delhi,,2024-03-04,-999.0,10.0,India
,Kiran,F,43.0,Kolkata,,,-999.0,10.0,nan
250,Rahul,female,200.0,Mumbai,2021-08-14,,4031.03,-1.0,Australia
251,Ravi,F,58.0,Mumbai,,2024-05-06,-999.0,-1.0,India
C252,Kiran,nan,200.0,Delhi,2024-01-16,,-999.0,-1.0,USA
,Kiran,F,43.0,Ahmedabad,2023-05-22,,4376.34,-1.0,India
254,Simran,female,43.0,nan,,,3820.96,-1.0,USA
255,Ravi,Female,43.0,Mumbai,2023-06-08,2022-02-10,-999.0,10.0,Australia
,Pooja,Male,43.0,nan,2024-03-15,2021-05-02,712.93,3.0,nan
,nan,female,200.0,Delhi,,,-999.0,10.0,nan
258,Sneha,F,47.0,Bangalore,,,-999.0,3.0,UK
259,Ravi,Female,-5.0,Hyderabad,,,-999.0,3.0,USA
260,Neha,male,-5.0,Pune,,,-999.0,10.0,UK
261,Sneha,M,43.0,nan,2023-04-10,2022-08-17,2823.08,3.0,USA
C262,Neha,nan,43.0,nan,2021-04-11,,1181.7,10.0,Australia
,Priya,male,200.0,Delhi,,2021-09-23,2531.66,-1.0,India
,Neha,F,69.0,Pune,,,-999.0,10.0,Canada
265,Ankit,female,-5.0,Ahmedabad,2021-03-05,,-999.0,1.0,UK
266,Neha,Male,200.0,Pune,2022-11-14,,-999.0,-1.0,USA
267,Ravi,nan,43.0,Pune,,,-999.0,-1.0,Australia
268,Kiran,male,-5.0,Chennai,2025-11-18,,-999.0,-1.0,India
C269,nan,female,43.0,Delhi,2023-04-04,,-999.0,-1.0,Canada
270,nan,Male,43.0,Pune,,,-999.0,-1.0,USA
,Sneha,nan,200.0,Bangalore,2023-02-27,2022-06-30,-999.0,-1.0,nan
272,nan,M,200.0,Kolkata,2021-10-04,2023-07-16,-999.0,5.0,UK
273,Simran,nan,20.0,Hyderabad,,2023-11-18,2238.05,10.0,India
274,nan,F,200.0,Mumbai,2025-05-27,2021-03-09,2601.0,2.0,Australia
,Neha,F,200.0,Ahmedabad,2025-02-16,,993.15,2.0,India
276,Pooja,nan,43.0,Pune,2024-12-21,2025-03-07,2368.71,3.0,USA
C277,Rahul,nan,37.0,Delhi,2022-01-25,,-999.0,10.0,UK
C278,Pooja,Male,43.0,nan,,,902.19,10.0,India
279,Pooja,M,43.0,Kolkata,,,-999.0,10.0,USA
280,Neha,Male,-5.0,Ahmedabad,,,2128.85,5.0,Canada
C281,Rahul,female,200.0,Chennai,2024-11-05,,-999.0,4.0,Canada
C282,Kiran,female,200.0,Bangalore,,2020-12-25,4500.88,-1.0,UK
283,nan,M,51.0,Pune,2021-11-01,,-999.0,10.0,nan
C284,Priya,nan,200.0,Ahmedabad,,,-999.0,4.0,Canada
285,Amit,nan,-5.0,Delhi,2023-10-13,,2667.21,-1.0,UK
286,Priya,female,-5.0,Delhi,2025-02-24,,-999.0,-1.0,Australia
,Ravi,M,200.0,Pune,,,-999.0,3.0,Australia
,Simran,nan,43.0,Pune,,2021-01-14,4204.21,10.0,Australia
C289,Amit,F,-5.0,Pune,2024-07-27,,-999.0,1.0,nan
,Simran,nan,40.0,Hyderabad,2025-02-23,,-999.0,3.0,Australia
291,nan,M,43.0,Hyderabad,,,4281.27,10.0,USA
292,Simran,F,43.0,nan,,,3142.21,-1.0,nan
,Ankit,F,200.0,Pune,,2023-04-16,-999.0,2.0,India
294,Rahul,M,43.0,Chennai,2022-12-20,,-999.0,-1.0,UK
295,nan,M,-5.0,Ahmedabad,,,-999.0,-1.0,nan
,Simran,nan,43.0,Delhi,2022-07-11,2025-03-01,2901.09,10.0,UK
297,Sneha,nan,26.0,Ahmedabad,,2025-03-06,-999.0,5.0,USA
C298,Simran,male,61.0,Delhi,2024-02-27,2024-05-29,-999.0,10.0,USA
C299,Priya,Female,43.0,Pune,2025-07-26,,280.11,4.0,USA
,Pooja,nan,-5.0,Kolkata,2025-12-02,,-999.0,-1.0,USA
301,Amit,M,-5.0,Chennai,,,1591.55,5.0,Australia
302,Amit,nan,41.0,Hyderabad,,,1593.53,-1.0,USA
303,Amit,F,52.0,Kolkata,2024-07-07,,-999.0,-1.0,USA
304,Ankit,female,64.0,Chennai,2024-09-13,,-999.0,-1.0,India
305,Kiran,M,200.0,Chennai,2025-08-04,,-999.0,-1.0,nan
,Kiran,F,70.0,Bangalore,2023-11-08,,-999.0,2.0,nan
307,Ankit,male,200.0,Chennai,2022-12-26,,-999.0,-1.0,UK
308,Amit,male,-5.0,Ahmedabad,,,-999.0,1.0,USA
C309,nan,M,43.0,Delhi,,,2403.96,-1.0,USA
310,nan,male,43.0,Ahmedabad,2023-02-26,,-999.0,3.0,India
C311,Ravi,M,200.0,Mumbai,,,-999.0,2.0,India
,Priya,M,28.0,Chennai,2021-10-16,2022-04-09,-999.0,10.0,Canada
,Neha,nan,-5.0,Kolkata,,,-999.0,10.0,India
314,Simran,Male,-5.0,Mumbai,,,-999.0,3.0,USA
,Priya,M,-5.0,nan,,,174.48,3.0,Canada
C316,Sneha,Male,43.0,Chennai,,,-999.0,5.0,Canada
317,Kiran,F,43.0,Chennai,,,1677.55,-1.0,USA
C318,Ravi,M,26.0,Mumbai,,2022-04-04,-999.0,-1.0,Australia
319,Priya,nan,200.0,nan,,,3555.67,3.0,nan
320,Amit,nan,200.0,nan,2023-04-30,,-999.0,10.0,India
321,nan,male,200.0,nan,2023-04-26,,-999.0,2.0,India
322,nan,nan,200.0,Ahmedabad,2022-12-16,2023-11-13,-999.0,-1.0,nan
,Priya,nan,43.0,Chennai,,,-999.0,-1.0,Canada
C324,Neha,nan,200.0,nan,2022-11-15,2024-12-31,-999.0,10.0,India
,nan,male,-5.0,Pune,2020-10-06,2022-10-18,2294.07,10.0,Australia
326,Kiran,female,200.0,Pune,2022-10-11,,-999.0,10.0,USA
327,Neha,male,-5.0,Mumbai,,,-999.0,5.0,USA
328,nan,F,-5.0,Bangalore,2022-03-27,,-999.0,-1.0,India
329,Amit,M,43.0,Pune,,,-999.0,3.0,USA
330,Rahul,nan,67.0,Mumbai,,,-999.0,-1.0,USA
331,Pooja,female,43.0,Kolkata,,,-999.0,3.0,Canada
C332,Ravi,Male,43.0,Bangalore,,,-999.0,1.0,UK
,Pooja,female,-5.0,Hyderabad,2025-02-20,,-999.0,10.0,India
C334,Ankit,F,200.0,Bangalore,,,3467.58,2.0,nan
335,Pooja,Female,36.0,Kolkata,,,-999.0,3.0,Australia
336,Kiran,male,-5.0,Hyderabad,2021-06-09,,2013.93,2.0,nan
C337,Ankit,Female,68.0,Chennai,,2020-09-10,-999.0,-1.0,Australia
338,Kiran,nan,43.0,Mumbai,2023-04-10,,-999.0,3.0,Australia
339,Rahul,F,-5.0,Kolkata,,,-999.0,2.0,USA
C340,nan,Female,-5.0,Kolkata,,,-999.0,-1.0,USA
341,Pooja,nan,200.0,Hyderabad,,,-999.0,3.0,Canada
342,Rahul,Female,43.0,Chennai,2021-11-25,,-999.0,10.0,UK
,Ankit,female,-5.0,Hyderabad,,,-999.0,3.0,India
344,Sneha,female,-5.0,Hyderabad,,2025-07-11,-999.0,2.0,Canada
345,Pooja,M,200.0,Ahmedabad,,,-999.0,-1.0,UK
C346,Pooja,F,200.0,Bangalore,,2025-05-03,-999.0,3.0,Canada
C347,nan,Male,67.0,Bangalore,2023-07-11,2025-05-16,-999.0,-1.0,nan
348,Amit,Male,43.0,Kolkata,2021-07-13,,-999.0,4.0,Australia
349,Ravi,nan,43.0,Chennai,2021-03-15,2024-04-03,-999.0,4.0,USA
C350,Ravi,male,43.0,Bangalore,,,4408.13,-1.0,UK
,Sneha,Female,200.0,Delhi,2025-03-02,,-999.0,-1.0,nan
352,Neha,Male,-5.0,Hyderabad,,,-999.0,10.0,UK
C353,Ankit,nan,-5.0,Bangalore,2026-01-18,,-999.0,10.0,Australia
C354,Ravi,nan,200.0,Chennai,,,-999.0,10.0,Canada
C355,nan,Female,200.0,Pune,,,2209.73,3.0,Canada
C356,nan,Male,54.0,Chennai,2023-07-22,,-999.0,10.0,India
357,Ankit,Male,43.0,Chennai,2025-10-26,,-999.0,10.0,USA
C358,Pooja,Female,200.0,Bangalore,,2022-09-06,-999.0,-1.0,Australia
359,nan,male,-5.0,Kolkata,,,-999.0,10.0,USA
,Priya,nan,53.0,nan,,2023-12-04,-999.0,3.0,USA
361,Amit,female,61.0,Kolkata,,2023-12-08,-999.0,10.0,Canada
C362,nan,female,200.0,Hyderabad,2021-07-21,,3515.46,1.0,USA
363,Simran,M,200.0,nan,2022-12-08,,4159.19,3.0,nan
C364,Neha,nan,43.0,Ahmedabad,2021-10-09,,-999.0,10.0,USA
365,Ravi,Male,43.0,nan,2023-12-21,2025-09-02,-999.0,3.0,nan
C366,Rahul,male,43.0,Bangalore,2021-11-01,,2390.33,3.0,Australia
C367,Rahul,M,-5.0,Bangalore,2023-12-20,,-999.0,-1.0,USA
C368,Ravi,nan,43.0,Chennai,2020-12-10,,-999.0,10.0,Canada
369,nan,female,-5.0,Hyderabad,,,-999.0,3.0,nan
370,Rahul,F,43.0,Hyderabad,2021-05-30,2023-11-27,-999.0,10.0,USA
C371,Ankit,M,38.0,Kolkata,2025-03-24,,3489.73,10.0,India
372,Neha,Male,-5.0,Ahmedabad,,2025-10-04,-999.0,3.0,India
373,Neha,nan,-5.0,Hyderabad,2025-05-07,,-999.0,10.0,Canada
,Amit,M,-5.0,Ahmedabad,2021-01-14,2020-10-26,-999.0,-1.0,nan
,Pooja,Female,59.0,nan,,2024-10-21,-999.0,2.0,Australia
,Simran,F,43.0,Ahmedabad,,,3757.79,-1.0,India
C377,Ravi,Male,-5.0,nan,2024-06-27,,-999.0,3.0,nan
C378,Kiran,M,53.0,Bangalore,2023-03-04,2023-09-23,4732.23,1.0,Australia
379,Rahul,F,21.0,Bangalore,2026-01-21,2024-02-01,4552.18,3.0,Australia
380,nan,nan,43.0,Hyderabad,2023-06-22,,-999.0,10.0,Australia
C381,Priya,Female,66.0,Mumbai,2021-10-06,,-999.0,1.0,nan
,Ankit,nan,43.0,Bangalore,,,879.23,1.0,USA
383,Sneha,Male,200.0,Mumbai,,,-999.0,10.0,India
384,Priya,female,50.0,Ahmedabad,2021-07-30,,-999.0,3.0,UK
385,Kiran,M,43.0,Ahmedabad,,2024-12-12,-999.0,3.0,Australia
C386,Ravi,female,43.0,Mumbai,2023-04-10,,-999.0,10.0,India
C387,Simran,nan,200.0,Delhi,2020-09-26,,-999.0,-1.0,UK
C388,nan,nan,200.0,Delhi,2023-06-18,2024-05-08,-999.0,-1.0,Canada
,Ankit,nan,43.0,Hyderabad,,2021-05-01,2450.4,-1.0,India
,Ravi,nan,200.0,Mumbai,,,-999.0,5.0,UK
,Pooja,M,-5.0,Kolkata,,2022-06-07,2137.05,10.0,Australia
C392,nan,M,43.0,Delhi,,,-999.0,10.0,Canada
393,Amit,female,47.0,Chennai,,,-999.0,10.0,Australia
394,Amit,Male,41.0,Delhi,,,-999.0,3.0,UK
395,Amit,female,43.0,Delhi,,,-999.0,3.0,India
396,Neha,nan,200.0,nan,,,-999.0,10.0,USA
C397,Kiran,nan,43.0,Pune,,2024-03-27,-999.0,10.0,UK
398,Neha,nan,43.0,Pune,2021-12-16,2020-08-06,-999.0,-1.0,Australia
399,Kiran,nan,200.0,Bangalore,,2024-05-06,-999.0,10.0,nan
C400,Sneha,nan,-5.0,Mumbai,2024-04-28,2022-12-08,-999.0,3.0,nan
,nan,M,200.0,Delhi,,,1363.09,3.0,Canada
,nan,M,43.0,Kolkata,2025-09-01,2025-04-04,-999.0,10.0,Canada
403,nan,female,43.0,Mumbai,2025-11-15,,-999.0,10.0,Australia
404,Kiran,male,200.0,Bangalore,,,4857.36,-1.0,UK
,nan,Female,43.0,Ahmedabad,,,1349.61,-1.0,Australia
C406,Kiran,Female,43.0,Mumbai,,,-999.0,1.0,India
407,Kiran,M,48.0,Hyderabad,2021-01-14,2024-04-21,-999.0,10.0,nan
408,Pooja,female,43.0,Hyderabad,,2025-12-19,-999.0,-1.0,UK
,Priya,nan,-5.0,Kolkata,,,-999.0,-1.0,Canada
,Simran,male,69.0,Delhi,2020-12-27,2022-04-06,-999.0,3.0,Canada
C411,Neha,M,200.0,Mumbai,,,-999.0,3.0,Australia
,nan,Male,48.0,Mumbai,2025-10-25,,2862.72,10.0,Canada
413,Pooja,M,200.0,Delhi,2023-08-04,,4728.52,3.0,UK
414,Ankit,female,-5.0,Chennai,2025-10-15,,-999.0,10.0,Canada
415,Priya,M,36.0,Mumbai,2020-10-27,,227.85,3.0,Australia
416,Sneha,M,-5.0,Ahmedabad,2023-12-09,,-999.0,-1.0,nan
C417,nan,male,59.0,Kolkata,,,546.0,-1.0,Canada
,Priya,female,-5.0,Pune,2024-10-26,2025-02-19,-999.0,10.0,nan
C419,Kiran,F,-5.0,Pune,2021-01-01,,-999.0,10.0,nan
,Ankit,male,200.0,Bangalore,2025-04-15,,3002.44,10.0,India
,Rahul,female,-5.0,Ahmedabad,,,-999.0,10.0,USA
C422,Ravi,Male,-5.0,Chennai,,,-999.0,3.0,nan
C423,Pooja,nan,200.0,Kolkata,,,-999.0,3.0,UK
424,Kiran,F,-5.0,nan,,,1215.44,3.0,nan
C425,Kiran,Male,-5.0,Pune,,2023-08-03,181.6,3.0,Canada
426,Simran,Male,43.0,Chennai,2022-10-15,2021-06-08,-999.0,2.0,India
427,Rahul,Male,43.0,Mumbai,,2022-03-01,-999.0,10.0,USA
428,Sneha,female,200.0,Pune,2025-09-13,2021-12-25,-999.0,-1.0,USA
429,Rahul,nan,-5.0,Chennai,2022-08-14,2026-01-01,2019.54,-1.0,India
430,Ravi,Female,200.0,Delhi,,2025-06-21,-999.0,10.0,Australia
C431,Ankit,nan,-5.0,Ahmedabad,2023-12-27,,-999.0,10.0,USA
432,Amit,female,-5.0,Chennai,,,-999.0,1.0,Canada
C433,Pooja,F,-5.0,nan,2025-07-20,2023-03-25,1280.89,10.0,India
,Amit,nan,43.0,Bangalore,,,-999.0,3.0,USA
C435,Neha,Female,43.0,Hyderabad,,,-999.0,4.0,Australia
436,Pooja,Male,-5.0,Mumbai,2025-06-22,,-999.0,10.0,Australia
437,Pooja,Female,62.0,Mumbai,2022-01-22,,-999.0,3.0,Australia
438,nan,F,200.0,Hyderabad,2023-06-20,,-999.0,3.0,UK
,Ravi,M,39.0,Mumbai,2022-08-22,,-999.0,3.0,nan
440,Sneha,nan,43.0,Mumbai,,2020-10-13,2128.29,-1.0,UK
441,Sneha,nan,43.0,Pune,2024-11-06,,-999.0,10.0,India
442,Kiran,female,43.0,Ahmedabad,,,-999.0,3.0,USA
443,Pooja,male,43.0,Bangalore,,,3446.62,-1.0,Canada
C444,Rahul,nan,35.0,Bangalore,2025-01-13,,-999.0,10.0,India
445,Sneha,Female,-5.0,Hyderabad,2025-10-29,,2701.25,3.0,UK
446,Neha,F,43.0,Kolkata,2021-04-09,,-999.0,10.0,USA
447,nan,nan,43.0,Chennai,,2020-11-27,1791.03,10.0,Canada
C448,nan,M,43.0,Pune,,2025-12-08,-999.0,10.0,USA
449,Amit,female,43.0,Ahmedabad,2024-06-23,,2214.97,-1.0,Australia
,Rahul,F,43.0,nan,2020-11-28,2023-08-06,-999.0,3.0,nan
C451,Priya,F,-5.0,Ahmedabad,,2021-03-20,-999.0,3.0,Canada
452,Amit,F,200.0,Hyderabad,2024-09-22,,-999.0,1.0,Australia
453,Neha,nan,-5.0,Kolkata,2020-09-21,,-999.0,10.0,nan
454,nan,male,50.0,Ahmedabad,2022-11-16,,-999.0,10.0,Australia
455,Priya,male,200.0,Ahmedabad,2022-10-08,,-999.0,10.0,UK
,Ravi,nan,68.0,nan,,,-999.0,3.0,Canada
457,Pooja,nan,43.0,Chennai,,2021-11-08,-999.0,3.0,Canada
C458,Amit,M,37.0,Kolkata,,,-999.0,10.0,nan
C459,nan,F,43.0,Mumbai,,,389.02,10.0,nan
,Ankit,Male,43.0,Ahmedabad,2023-07-17,,-999.0,-1.0,Canada
461,Amit,nan,-5.0,Mumbai,2021-10-14,,-999.0,3.0,USA
,Priya,Male,-5.0,Ahmedabad,2022-01-03,,2658.11,3.0,nan
,Amit,Female,19.0,Bangalore,2022-09-28,2023-12-15,-999.0,10.0,USA
,nan,nan,43.0,Chennai,,,-999.0,-1.0,Australia
C465,Kiran,male,200.0,Chennai,2021-03-01,,4279.31,10.0,UK
466,Neha,M,-5.0,Chennai,2024-09-17,,-999.0,10.0,Australia
,Ravi,female,36.0,Bangalore,2024-03-18,,-999.0,2.0,USA
C468,Rahul,male,200.0,Ahmedabad,,,-999.0,-1.0,UK
,Simran,male,43.0,Ahmedabad,2021-07-20,2023-03-17,2957.5,3.0,Canada
C470,Neha,Male,43.0,Mumbai,,,-999.0,5.0,India
471,nan,male,-5.0,Bangalore,,2021-09-19,3175.84,3.0,India
472,Ravi,male,-5.0,Bangalore,,,-999.0,-1.0,UK
473,nan,F,200.0,nan,,,-999.0,10.0,Australia
C474,Rahul,Male,200.0,nan,,,-999.0,-1.0,USA
475,Pooja,Female,-5.0,Delhi,2022-01-03,,-999.0,5.0,Australia
C476,Kiran,nan,-5.0,Mumbai,2023-05-18,,-999.0,-1.0,India
,Sneha,Female,-5.0,nan,,,-999.0,-1.0,USA
,nan,nan,67.0,Ahmedabad,,,4296.84,-1.0,Canada
479,nan,Female,48.0,Bangalore,,,-999.0,10.0,UK
480,Priya,nan,43.0,Delhi,,2024-01-20,-999.0,2.0,Canada
C481,Ravi,nan,200.0,Mumbai,2024-11-04,,-999.0,3.0,nan
482,Priya,M,43.0,Ahmedabad,2023-07-06,,4515.57,10.0,USA
C483,Priya,Male,43.0,Ahmedabad,2021-05-13,,-999.0,10.0,USA
484,nan,male,200.0,nan,2023-02-12,,4836.39,3.0,Australia
,Kiran,nan,200.0,Pune,2024-09-17,,-999.0,3.0,nan
C486,Neha,F,200.0,Pune,,,-999.0,3.0,India
487,Kiran,male,39.0,Ahmedabad,,,1368.19,3.0,India
488,nan,female,59.0,Bangalore,,,-999.0,2.0,Australia
489,nan,F,18.0,Bangalore,,,3922.33,1.0,India
490,Priya,Female,43.0,nan,2023-11-25,2021-10-25,1342.37,4.0,USA
,Ravi,nan,30.0,Kolkata,,,-999.0,10.0,UK
492,Priya,nan,200.0,Delhi,,2023-10-21,2104.5,3.0,Australia
C493,Simran,F,200.0,nan,,,4335.51,10.0,India
494,Rahul,Male,69.0,Mumbai,2022-02-06,2024-12-22,3462.2,2.0,nan
,Pooja,nan,200.0,nan,2022-07-31,,-999.0,3.0,UK
496,Neha,F,-5.0,nan,2023-04-05,2023-12-20,4364.12,10.0,Canada
,Ravi,M,25.0,Bangalore,2022-02-01,,4359.7,3.0,UK
498,Rahul,M,43.0,Kolkata,,,4592.8,3.0,Canada
,Amit,Male,70.0,Chennai,2022-12-14,2025-02-25,-999.0,3.0,India
500,Sneha,male,43.0,Chennai,2024-12-27,2021-08-01,-999.0,3.0,UK
,Simran,nan,43.0,Ahmedabad,2024-02-04,,-999.0,3.0,Australia
C502,Kiran,Male,-5.0,Kolkata,2021-09-28,,-999.0,3.0,India
503,Simran,female,200.0,Mumbai,2024-12-02,2025-12-23,-999.0,-1.0,USA
C504,nan,male,200.0,nan,,2021-01-30,2350.28,-1.0,India
505,Pooja,M,200.0,Kolkata,2023-10-05,,-999.0,3.0,Canada
506,Kiran,Male,50.0,Ahmedabad,2025-06-16,,-999.0,3.0,nan
507,Sneha,Female,200.0,Pune,2022-03-16,2022-08-25,-999.0,10.0,UK
,Neha,female,43.0,Mumbai,2025-01-14,,-999.0,-1.0,USA
509,Ravi,female,200.0,nan,,,-999.0,-1.0,India
C510,Ravi,nan,43.0,nan,2020-09-06,,-999.0,10.0,nan
511,Kiran,female,-5.0,Hyderabad,2020-08-14,,2830.18,-1.0,USA
C512,Ankit,Female,-5.0,Pune,,,-999.0,3.0,Canada
513,Ravi,F,43.0,Delhi,,2024-07-22,-999.0,3.0,nan
514,Amit,nan,19.0,Ahmedabad,2024-01-20,2024-09-04,3961.91,4.0,Canada
515,Sneha,nan,200.0,Pune,2022-05-23,,-999.0,5.0,nan
C516,Simran,female,200.0,Pune,,2025-09-01,-999.0,-1.0,Canada
C517,Pooja,M,53.0,Hyderabad,,,-999.0,3.0,nan
518,Simran,M,-5.0,Chennai,2025-09-18,2020-11-29,1132.29,-1.0,UK
519,Rahul,nan,41.0,Pune,,2025-10-23,-999.0,10.0,USA
C520,Kiran,Male,200.0,Hyderabad,,,1231.52,3.0,Canada
C521,Priya,F,200.0,Ahmedabad,,,-999.0,-1.0,Canada
522,Sneha,nan,200.0,Chennai,,2021-11-15,-999.0,-1.0,India
523,Ankit,male,43.0,Chennai,,,-999.0,10.0,Canada
C524,nan,M,200.0,Pune,2023-01-17,,-999.0,2.0,UK
C525,Neha,nan,43.0,nan,,,-999.0,10.0,UK
C526,Neha,nan,49.0,Bangalore,,2021-06-22,-999.0,5.0,nan
527,Kiran,female,200.0,Chennai,2021-10-06,,401.06,3.0,USA
,Neha,Male,63.0,Hyderabad,,2020-12-14,-999.0,5.0,Canada
529,Amit,nan,43.0,Chennai,,,-999.0,3.0,nan
530,Ravi,nan,43.0,Pune,,,2150.99,4.0,USA
C531,Pooja,nan,200.0,Pune,,,-999.0,-1.0,Australia
532,Neha,M,-5.0,Mumbai,2025-11-03,2021-06-18,-999.0,3.0,UK
C533,Priya,Female,200.0,nan,,,4362.63,-1.0,USA
534,Ankit,male,200.0,nan,2022-05-18,2023-03-07,-999.0,-1.0,USA
,Kiran,M,43.0,Pune,2021-09-02,,-999.0,-1.0,India
C536,nan,nan,-5.0,Mumbai,,,-999.0,-1.0,Canada
C537,Ravi,nan,18.0,Hyderabad,,,204.48,3.0,nan
,Neha,Male,44.0,Chennai,2024-05-28,,1415.09,3.0,Australia
C539,Neha,nan,67.0,Ahmedabad,,,-999.0,3.0,Canada
540,Rahul,F,56.0,Mumbai,,,-999.0,-1.0,UK
541,nan,female,40.0,Kolkata,,2023-11-16,842.95,3.0,Canada
542,Kiran,Male,43.0,Bangalore,,,-999.0,1.0,Australia
,Ravi,nan,200.0,Hyderabad,,,-999.0,3.0,USA
544,Simran,Female,200.0,Kolkata,2024-11-25,2022-02-15,-999.0,10.0,India
545,Rahul,male,22.0,Delhi,2023-07-15,,-999.0,3.0,USA
546,Ankit,F,41.0,Chennai,2024-03-17,,3200.43,-1.0,Canada
547,Neha,nan,-5.0,Bangalore,,,-999.0,3.0,Canada
C548,Neha,M,58.0,Hyderabad,,,-999.0,3.0,UK
,Kiran,Female,200.0,Delhi,2021-02-14,2024-03-24,-999.0,10.0,USA
,Simran,nan,200.0,Mumbai,2023-10-15,,1752.13,10.0,USA
C551,Kiran,nan,43.0,Pune,2020-11-14,,2449.97,3.0,Australia
552,Neha,male,200.0,Kolkata,2022-09-13,2025-11-08,-999.0,3.0,Australia
553,nan,F,43.0,Bangalore,,,-999.0,-1.0,USA
554,nan,Male,44.0,Delhi,,2022-12-03,-999.0,5.0,UK
555,Amit,nan,-5.0,Pune,,,-999.0,10.0,USA
556,Simran,nan,200.0,nan,2022-01-07,,-999.0,3.0,USA
557,Priya,M,-5.0,Bangalore,,,-999.0,-1.0,UK
558,Simran,M,43.0,Hyderabad,2022-06-07,,631.05,4.0,India
559,nan,nan,-5.0,Delhi,2022-03-29,2020-08-10,-999.0,1.0,Australia
,Ankit,nan,200.0,nan,,,-999.0,3.0,Australia
561,Ankit,M,43.0,Hyderabad,2022-01-22,,-999.0,10.0,Canada
562,Amit,male,59.0,Ahmedabad,,,1400.49,-1.0,India
563,Sneha,female,43.0,Delhi,,,-999.0,10.0,India
564,Pooja,male,56.0,Mumbai,2023-10-22,,-999.0,-1.0,India
C565,nan,Female,60.0,Bangalore,,,4274.2,3.0,Australia
,Amit,F,34.0,Bangalore,,2024-04-06,-999.0,3.0,nan
567,nan,nan,24.0,Hyderabad,2022-04-09,,1344.15,10.0,UK
,nan,male,-5.0,Bangalore,,,-999.0,10.0,USA
,Amit,M,-5.0,Kolkata,,,-999.0,5.0,Australia
570,Priya,M,43.0,Pune,2020-10-04,,-999.0,3.0,Australia
,Kiran,Female,35.0,Kolkata,,,-999.0,-1.0,India
572,Ankit,nan,-5.0,Ahmedabad,2022-12-13,,2427.04,10.0,Canada
573,Priya,female,43.0,Kolkata,2021-01-22,,-999.0,-1.0,Canada
574,Sneha,Female,200.0,Kolkata,,,-999.0,10.0,Australia
575,Kiran,F,62.0,Delhi,2022-08-28,,146.24,3.0,India
576,Ravi,Female,200.0,Kolkata,,,-999.0,1.0,Canada
577,Ankit,M,52.0,Kolkata,,,-999.0,4.0,nan
578,Priya,F,45.0,nan,,,-999.0,10.0,USA
,Amit,M,58.0,Pune,2024-11-20,,-999.0,5.0,UK
,Ankit,Male,200.0,Hyderabad,2025-11-15,,-999.0,-1.0,nan
,Ankit,male,200.0,Kolkata,2021-03-11,2022-12-31,-999.0,-1.0,Canada
582,Ravi,female,70.0,Mumbai,,,-999.0,3.0,USA
583,Ankit,nan,43.0,nan,2023-05-02,,-999.0,4.0,nan
584,Kiran,M,-5.0,Kolkata,,,372.69,-1.0,Canada
C585,Neha,nan,200.0,Mumbai,,,2983.0,3.0,Canada
,Amit,nan,200.0,Delhi,,,-999.0,3.0,Canada
C587,Amit,Female,-5.0,Mumbai,2021-06-15,2025-04-08,-999.0,2.0,Canada
588,Sneha,M,-5.0,Chennai,,,-999.0,3.0,India
,Simran,M,200.0,Chennai,,,-999.0,10.0,Canada
C590,Rahul,male,43.0,nan,2023-07-07,2025-11-04,-999.0,-1.0,nan
,Neha,male,200.0,Bangalore,,,-999.0,3.0,Australia
,Amit,Female,43.0,Bangalore,,,-999.0,10.0,nan
593,Sneha,F,45.0,Pune,,,1406.23,-1.0,India
594,Sneha,nan,43.0,nan,2024-03-29,,-999.0,-1.0,USA
C595,nan,nan,200.0,Mumbai,2021-07-08,2023-11-17,-999.0,3.0,USA
596,Simran,Female,20.0,nan,2024-09-09,,2556.72,-1.0,USA
597,Sneha,male,25.0,Pune,2021-03-26,,-999.0,4.0,nan
C598,Sneha,nan,43.0,nan,2025-12-18,2025-12-19,-999.0,10.0,nan
,Ankit,F,200.0,nan,,2023-03-05,-999.0,3.0,USA
600,Ravi,female,56.0,Chennai,,,-999.0,3.0,India
C601,Simran,nan,55.0,Delhi,2024-10-02,,-999.0,-1.0,nan
602,Ravi,nan,68.0,Hyderabad,2022-11-30,,-999.0,3.0,nan
,Priya,nan,43.0,Pune,2021-01-25,,-999.0,10.0,India
,Ankit,nan,200.0,nan,2023-06-17,,-999.0,3.0,India
605,nan,Female,200.0,Kolkata,2021-12-27,,-999.0,3.0,Canada
,Sneha,male,200.0,Pune,,2024-04-24,-999.0,-1.0,USA
C607,Amit,M,43.0,Mumbai,2023-02-26,2021-05-18,-999.0,3.0,India
,Kiran,male,200.0,Chennai,,,-999.0,-1.0,UK
,Priya,male,200.0,Mumbai,,,-999.0,3.0,Australia
610,nan,female,-5.0,Bangalore,,,3188.92,1.0,USA
611,Amit,F,200.0,Hyderabad,,2023-07-09,-999.0,3.0,UK
C612,Priya,Female,22.0,Hyderabad,2023-03-19,,-999.0,10.0,India
613,nan,nan,24.0,Delhi,,2021-09-01,369.13,1.0,USA
614,nan,F,-5.0,nan,2022-12-04,,-999.0,3.0,Canada
615,Ravi,nan,43.0,Hyderabad,2022-07-11,2024-01-02,-999.0,10.0,Canada
616,Sneha,female,-5.0,Bangalore,2021-04-19,2025-08-02,-999.0,10.0,UK
617,nan,Male,43.0,Bangalore,2021-06-12,,2783.92,-1.0,India
618,nan,female,42.0,Kolkata,,2026-01-21,2184.99,2.0,Australia
,Amit,nan,43.0,Ahmedabad,,,-999.0,-1.0,UK
,Rahul,nan,43.0,Bangalore,2022-02-02,2021-07-19,4345.4,2.0,UK
621,Sneha,M,200.0,Kolkata,2025-12-01,,-999.0,10.0,UK
622,nan,Male,63.0,Mumbai,2025-11-05,,-999.0,-1.0,Canada
,Neha,Female,43.0,Chennai,,2023-09-30,-999.0,5.0,Canada
624,nan,M,43.0,Ahmedabad,2020-08-31,2023-09-01,-999.0,-1.0,UK
,Pooja,M,43.0,Mumbai,,,2663.0,10.0,USA
626,Ravi,nan,60.0,Mumbai,2021-05-19,2022-04-16,-999.0,-1.0,USA
C627,nan,Male,51.0,Pune,2025-05-24,,510.14,-1.0,Canada
,Ankit,Female,43.0,Ahmedabad,,,-999.0,3.0,Australia
C629,Neha,nan,200.0,Chennai,,,-999.0,-1.0,Canada
C630,Simran,nan,-5.0,nan,,,1910.45,10.0,Canada
C631,nan,Male,43.0,Delhi,,,-999.0,-1.0,UK
632,Sneha,nan,-5.0,Delhi,,,1933.13,10.0,Canada
,Sneha,male,-5.0,Hyderabad,2025-08-19,,-999.0,10.0,Canada
634,Priya,female,-5.0,Hyderabad,,,-999.0,-1.0,India
C635,Pooja,nan,35.0,Kolkata,2020-09-26,,-999.0,10.0,nan
,Ravi,nan,43.0,nan,2023-09-09,,-999.0,-1.0,UK
637,Rahul,female,43.0,Ahmedabad,2025-11-26,,4299.83,-1.0,India
638,Kiran,F,200.0,Pune,,,-999.0,-1.0,UK
639,Amit,female,43.0,Bangalore,,2024-03-12,-999.0,3.0,UK
,Simran,Male,70.0,Delhi,2021-12-01,2025-05-21,-999.0,-1.0,UK
C641,Amit,M,70.0,Pune,2025-05-24,,-999.0,5.0,Australia
642,Ankit,male,43.0,Hyderabad,2025-09-03,,-999.0,3.0,India
C643,Priya,female,43.0,nan,2026-01-04,,-999.0,5.0,USA
644,Pooja,nan,43.0,Delhi,2026-01-01,,-999.0,2.0,Canada
645,Priya,Male,-5.0,Kolkata,,2023-02-04,1432.35,-1.0,UK
646,nan,nan,58.0,Chennai,2025-05-16,,1027.06,1.0,India
647,Ravi,F,30.0,Bangalore,,,-999.0,4.0,USA
648,Ankit,Male,200.0,Ahmedabad,,,-999.0,-1.0,Australia
C649,Rahul,female,200.0,Hyderabad,2021-10-09,,1599.37,4.0,nan
C650,nan,male,200.0,Delhi,,,4126.35,4.0,nan
651,Sneha,F,-5.0,Ahmedabad,2020-09-08,2025-09-24,2753.38,4.0,USA
,Kiran,female,43.0,Ahmedabad,2021-05-21,2022-08-27,-999.0,3.0,nan
653,Amit,nan,31.0,nan,2022-11-03,2024-03-11,-999.0,10.0,Australia
654,Amit,nan,38.0,Mumbai,2023-04-13,,1036.56,2.0,USA
C655,Ankit,male,-5.0,Ahmedabad,2025-01-30,,3255.43,3.0,Canada
656,Neha,Male,43.0,Delhi,,2025-01-15,-999.0,3.0,nan
657,Ravi,female,-5.0,Chennai,2024-06-25,2020-10-27,3197.03,10.0,Australia
658,Ravi,Female,-5.0,Ahmedabad,,,-999.0,2.0,India
659,Sneha,Female,43.0,Mumbai,,,-999.0,-1.0,India
660,Rahul,Female,200.0,Bangalore,,,913.62,10.0,UK
661,Ankit,F,-5.0,Hyderabad,,,1700.05,3.0,India
662,Sneha,nan,50.0,Bangalore,,,-999.0,10.0,USA
C663,Priya,F,43.0,nan,,,-999.0,3.0,India
664,Simran,F,-5.0,Delhi,,,-999.0,10.0,India
665,Rahul,nan,43.0,Chennai,2022-08-22,2025-12-23,490.65,3.0,Canada
666,Sneha,M,-5.0,Chennai,2022-06-06,2025-08-01,-999.0,10.0,UK
667,nan,nan,50.0,nan,2021-06-26,,-999.0,-1.0,Canada
668,Priya,Female,200.0,Delhi,2022-06-18,2024-08-11,-999.0,1.0,Canada
C669,Sneha,female,200.0,Ahmedabad,,,-999.0,10.0,Australia
670,Neha,F,43.0,Delhi,2023-12-10,2022-03-01,-999.0,3.0,Australia
C671,nan,F,35.0,Mumbai,2020-09-27,,-999.0,5.0,Australia
672,nan,nan,-5.0,Bangalore,2025-04-25,,3794.24,-1.0,UK
C673,Simran,female,43.0,Hyderabad,2022-06-14,,-999.0,3.0,UK
,Rahul,F,200.0,Delhi,2022-07-07,,-999.0,2.0,USA
675,nan,Male,59.0,Hyderabad,2022-07-01,2020-11-15,-999.0,-1.0,India
C676,nan,nan,43.0,Pune,2024-05-20,2025-04-22,4182.28,4.0,nan
C677,Rahul,female,-5.0,Hyderabad,2020-09-06,,-999.0,2.0,Australia
C678,Priya,nan,-5.0,Pune,,,-999.0,3.0,USA
C679,Ankit,Female,200.0,Bangalore,2022-06-24,,4102.89,3.0,Australia
C680,Kiran,nan,-5.0,Mumbai,,,-999.0,-1.0,UK
681,Amit,M,200.0,Ahmedabad,2024-01-07,,-999.0,-1.0,UK
682,Kiran,nan,32.0,Delhi,,2023-11-13,774.75,3.0,Australia
683,nan,male,43.0,Kolkata,,2021-05-07,2233.66,10.0,India
,Neha,female,-5.0,Ahmedabad,2021-09-19,,-999.0,-1.0,nan
685,Kiran,Male,-5.0,Chennai,,,1996.66,5.0,USA
686,Ravi,nan,200.0,Chennai,2021-12-31,2023-01-16,-999.0,1.0,UK
C687,nan,Male,200.0,Kolkata,,,-999.0,3.0,India
688,Simran,M,-5.0,nan,,2022-10-24,4858.52,10.0,nan
,Priya,female,200.0,Mumbai,2020-12-24,2021-06-13,-999.0,3.0,Australia
690,Pooja,F,56.0,nan,2025-02-25,,2037.82,2.0,UK
C691,Sneha,male,43.0,Kolkata,,,350.55,-1.0,UK
,nan,Male,23.0,Chennai,,2021-07-17,-999.0,-1.0,Canada
C693,nan,Male,200.0,nan,,,-999.0,-1.0,UK
,Rahul,male,20.0,Delhi,,2025-06-10,-999.0,-1.0,Australia
695,Neha,Male,29.0,Chennai,,2026-01-22,-999.0,-1.0,UK
C696,Kiran,Male,200.0,Delhi,,,-999.0,10.0,nan
697,Priya,nan,43.0,Mumbai,,,3505.21,1.0,Canada
698,Priya,Female,-5.0,Pune,2024-12-20,2022-02-09,-999.0,10.0,Australia
699,Amit,Male,-5.0,Ahmedabad,,2025-05-31,4668.18,3.0,nan
700,Kiran,nan,-5.0,Hyderabad,2023-09-15,,-999.0,3.0,Canada
701,Pooja,female,43.0,Bangalore,,,-999.0,3.0,USA
C702,Neha,F,43.0,Mumbai,,,-999.0,4.0,USA
703,Priya,nan,200.0,Ahmedabad,2023-02-18,2020-11-18,-999.0,10.0,UK
,Ankit,male,-5.0,Pune,,2022-07-23,-999.0,3.0,Australia
705,nan,F,43.0,Pune,2024-11-03,2023-08-19,-999.0,3.0,Canada
,Ravi,female,61.0,Ahmedabad,2025-01-18,,-999.0,3.0,Australia
C707,Rahul,M,-5.0,Delhi,2025-05-13,,2852.25,3.0,USA
708,Neha,male,-5.0,Ahmedabad,,2023-01-25,-999.0,3.0,nan
709,Simran,Male,200.0,Hyderabad,2021-07-17,2023-05-08,3852.8,10.0,USA
C710,Simran,M,36.0,Ahmedabad,,2025-12-31,4102.93,10.0,India
C711,Priya,female,27.0,Chennai,2022-01-04,2021-08-01,-999.0,-1.0,UK
C712,Amit,nan,200.0,nan,2022-06-28,,-999.0,5.0,Australia
C713,Priya,female,-5.0,Delhi,2022-07-10,2026-01-25,-999.0,10.0,Canada
,Amit,female,43.0,Chennai,,,2177.88,3.0,UK
715,nan,Female,44.0,Bangalore,2021-08-14,2025-06-04,-999.0,1.0,Canada
716,nan,M,70.0,Pune,2020-08-07,,-999.0,10.0,nan
,Rahul,nan,-5.0,nan,2023-10-22,,-999.0,10.0,Australia
C718,Kiran,Female,-5.0,Delhi,2023-09-02,,-999.0,10.0,UK
719,nan,female,-5.0,Ahmedabad,,2021-06-02,-999.0,10.0,India
720,Neha,nan,43.0,Kolkata,,,570.74,10.0,nan
721,Rahul,F,200.0,Mumbai,2025-09-05,,-999.0,3.0,USA
,Neha,F,43.0,Bangalore,2021-09-09,2024-02-10,-999.0,3.0,nan
C723,Amit,Male,-5.0,Mumbai,,,-999.0,3.0,Australia
C724,Priya,male,20.0,Delhi,,2025-02-28,-999.0,1.0,Canada
,Sneha,F,43.0,Mumbai,,2021-01-27,2010.35,3.0,UK
C726,Ravi,female,-5.0,Pune,,,-999.0,-1.0,USA
727,Kiran,M,-5.0,Chennai,,2021-05-20,-999.0,3.0,Australia
C728,Sneha,Female,43.0,Delhi,,,-999.0,4.0,Australia
729,nan,nan,43.0,Hyderabad,2022-03-27,,-999.0,10.0,USA
730,Pooja,nan,21.0,Chennai,2024-06-30,2025-06-18,-999.0,3.0,UK
,Ravi,nan,200.0,Hyderabad,2025-05-03,,2072.13,10.0,Canada
732,Priya,F,48.0,Mumbai,2022-02-12,2022-07-27,-999.0,3.0,Australia
,Kiran,Male,48.0,Kolkata,,,-999.0,3.0,Canada
C734,Sneha,M,58.0,nan,2020-10-26,2021-11-24,-999.0,-1.0,Australia
735,Pooja,nan,200.0,Pune,,,-999.0,3.0,nan
736,Amit,nan,39.0,nan,2025-08-23,,-999.0,1.0,India
C737,Sneha,Female,-5.0,Bangalore,,,-999.0,10.0,UK
C738,Sneha,F,43.0,nan,2021-03-28,,-999.0,3.0,Australia
739,nan,nan,43.0,Hyderabad,,,-999.0,10.0,UK
740,Simran,Female,-5.0,Hyderabad,2021-04-17,2023-02-18,-999.0,10.0,UK
741,Rahul,Female,43.0,Chennai,2023-03-07,,-999.0,-1.0,nan
742,nan,female,43.0,Chennai,,,-999.0,10.0,India
C743,Ankit,nan,-5.0,Chennai,,,-999.0,10.0,Australia
C744,Neha,nan,-5.0,Chennai,,,-999.0,5.0,India
,nan,Female,-5.0,Delhi,,,118.72,3.0,UK
746,Pooja,F,60.0,nan,2021-06-21,2025-06-14,-999.0,3.0,UK
747,nan,nan,43.0,Chennai,2021-11-18,,-999.0,-1.0,nan
748,nan,Male,200.0,Pune,2023-01-07,2025-04-04,-999.0,10.0,India
749,Amit,F,43.0,Kolkata,,,-999.0,-1.0,UK
750,Ankit,nan,33.0,Bangalore,,2024-08-02,-999.0,3.0,India
,nan,Male,43.0,Ahmedabad,,,-999.0,-1.0,Canada
752,Ankit,F,43.0,Kolkata,,,-999.0,10.0,India
,Rahul,female,60.0,Delhi,2025-07-18,2025-12-28,-999.0,10.0,UK
,nan,M,43.0,Kolkata,2020-09-12,,-999.0,10.0,Canada
755,Pooja,female,-5.0,Kolkata,,2020-11-03,-999.0,-1.0,Australia
756,Neha,M,43.0,Ahmedabad,,,984.83,5.0,Canada
,nan,F,200.0,Pune,,2024-04-05,-999.0,10.0,UK
758,nan,M,-5.0,Bangalore,2020-12-17,,-999.0,5.0,UK
759,Priya,Male,20.0,Delhi,,2025-06-28,2422.41,3.0,UK
760,Kiran,nan,200.0,Hyderabad,,,-999.0,3.0,India
,nan,female,33.0,Hyderabad,2025-04-04,,-999.0,-1.0,India
762,Ravi,M,43.0,Chennai,2023-03-26,,-999.0,-1.0,nan
C763,Ravi,male,-5.0,Hyderabad,,2022-12-21,-999.0,3.0,Canada
764,Sneha,F,24.0,Kolkata,,,-999.0,3.0,Canada
765,Rahul,F,-5.0,Mumbai,2023-08-06,,-999.0,1.0,UK
766,Sneha,nan,37.0,Mumbai,2022-06-15,,-999.0,4.0,Canada
767,Rahul,Male,-5.0,Delhi,,,-999.0,3.0,UK
C768,Ravi,nan,200.0,Mumbai,,,2266.8,3.0,nan
769,Priya,F,22.0,nan,2024-03-14,,3572.81,3.0,USA
770,Ankit,male,200.0,Chennai,2024-08-09,,-999.0,-1.0,nan
C771,Neha,F,68.0,Ahmedabad,,,-999.0,10.0,Canada
772,nan,female,43.0,Mumbai,,2021-05-16,-999.0,-1.0,USA
C773,Amit,nan,200.0,nan,,,1827.55,-1.0,UK
774,Pooja,nan,200.0,Delhi,2024-09-06,2024-02-11,-999.0,-1.0,nan
,Sneha,M,200.0,Bangalore,2020-11-10,2021-03-31,-999.0,1.0,Canada
,Kiran,female,200.0,Mumbai,2024-02-17,2020-11-09,-999.0,10.0,nan
,Priya,Male,-5.0,Kolkata,,,-999.0,3.0,UK
C778,Priya,nan,-5.0,Pune,,,-999.0,3.0,nan
C779,Pooja,M,200.0,Chennai,,2023-12-17,638.03,4.0,Canada
780,nan,nan,55.0,Kolkata,,2020-10-08,-999.0,-1.0,nan
C781,Ankit,M,44.0,Delhi,2025-03-30,,559.8,10.0,Australia
C782,Ankit,nan,-5.0,Bangalore,2022-10-06,2025-05-25,-999.0,-1.0,Canada
783,Ankit,F,-5.0,Pune,2023-11-06,2023-10-24,-999.0,5.0,Australia
784,Kiran,Male,64.0,Pune,,,-999.0,-1.0,nan
785,Neha,male,43.0,Bangalore,2025-07-17,2021-03-11,-999.0,-1.0,USA
C786,Ankit,nan,26.0,nan,,2022-06-05,-999.0,3.0,Canada
787,nan,Male,200.0,Pune,2024-01-24,,-999.0,3.0,nan
C788,Ravi,Female,200.0,Kolkata,,,4068.72,-1.0,USA
C789,Neha,nan,-5.0,Ahmedabad,,,-999.0,3.0,Canada
790,nan,Female,-5.0,Chennai,2021-07-07,,-999.0,5.0,UK
791,Kiran,M,200.0,Hyderabad,,,-999.0,-1.0,USA
C792,nan,male,43.0,Hyderabad,2025-07-25,,4687.7,10.0,Australia
,Rahul,Female,-5.0,Ahmedabad,2022-05-22,,2383.13,4.0,UK
794,Pooja,Female,43.0,Bangalore,,,277.86,10.0,nan
795,Ravi,Female,43.0,Delhi,,2023-09-27,771.62,3.0,nan
796,Neha,nan,-5.0,Hyderabad,2023-05-19,,-999.0,-1.0,nan
797,Sneha,F,-5.0,Chennai,2023-03-23,,135.99,-1.0,UK
,Simran,Female,27.0,Pune,,,-999.0,10.0,India
,Sneha,Male,25.0,Pune,2021-11-03,2025-10-27,-999.0,1.0,Canada
800,Ravi,nan,43.0,Delhi,2024-05-28,2023-06-16,-999.0,3.0,Canada
,Sneha,female,43.0,Ahmedabad,2023-05-30,,-999.0,3.0,Australia
802,Sneha,male,200.0,Delhi,2025-08-03,,-999.0,-1.0,nan
803,nan,female,200.0,Chennai,2021-04-26,2025-08-08,-999.0,2.0,Canada
,Ravi,female,-5.0,Pune,2021-07-03,,-999.0,-1.0,UK
805,Ravi,M,43.0,Chennai,2022-07-10,2022-04-09,-999.0,10.0,USA
806,Kiran,M,200.0,Ahmedabad,2024-09-07,,535.06,-1.0,USA
807,Priya,Female,200.0,Pune,2025-09-10,,-999.0,5.0,Canada
808,Amit,M,27.0,Delhi,,,-999.0,-1.0,Australia
,Ankit,nan,59.0,Kolkata,2021-06-25,,-999.0,4.0,India
C810,Rahul,Male,43.0,Chennai,2025-12-22,,-999.0,3.0,Australia
811,nan,male,-5.0,Mumbai,,2023-01-08,-999.0,10.0,USA
,nan,M,45.0,Pune,,2022-12-26,-999.0,-1.0,Australia
C813,Simran,female,-5.0,Pune,,,-999.0,1.0,USA
C814,Priya,M,43.0,Ahmedabad,2024-07-16,,1730.17,3.0,India
815,nan,nan,51.0,nan,2024-10-04,,-999.0,3.0,Canada
816,Ankit,female,52.0,Delhi,2023-08-21,,-999.0,10.0,Australia
817,Pooja,Male,43.0,Ahmedabad,,,-999.0,3.0,Australia
818,Simran,female,-5.0,Pune,2023-07-10,,-999.0,3.0,Canada
C819,Simran,F,43.0,Hyderabad,,,-999.0,-1.0,India
820,Priya,Female,200.0,Delhi,,2023-03-25,1968.17,3.0,UK
821,Pooja,nan,-5.0,Mumbai,,2021-12-06,-999.0,2.0,India
822,Simran,F,43.0,Ahmedabad,,2024-09-19,-999.0,3.0,India
,Sneha,M,43.0,Kolkata,2025-08-08,,-999.0,2.0,USA
824,Ravi,F,38.0,nan,,,-999.0,3.0,nan
,Priya,male,43.0,Chennai,,,-999.0,1.0,nan
,Sneha,nan,55.0,Chennai,2024-07-13,,-999.0,10.0,Australia
,Kiran,Female,19.0,Kolkata,,2024-02-12,-999.0,10.0,India
828,nan,male,200.0,nan,,,-999.0,10.0,nan
C829,Ravi,female,23.0,Bangalore,,,1601.11,3.0,India
,Kiran,nan,43.0,Kolkata,,,1677.16,10.0,Australia
831,Ravi,F,-5.0,Pune,,2024-05-17,-999.0,-1.0,USA
832,Simran,F,-5.0,Bangalore,2024-10-05,,4742.85,10.0,Canada
833,nan,Male,43.0,Pune,,,2960.23,1.0,India
C834,Rahul,M,43.0,Hyderabad,2021-10-16,,-999.0,-1.0,nan
C835,Kiran,nan,43.0,Delhi,2023-12-20,2024-07-09,-999.0,10.0,nan
836,Simran,nan,37.0,Mumbai,2023-08-06,2025-07-28,-999.0,-1.0,Australia
837,Amit,male,-5.0,Chennai,,,3274.53,3.0,UK
838,Priya,male,36.0,Hyderabad,,2024-05-31,-999.0,10.0,nan
839,Simran,nan,200.0,Hyderabad,,2025-07-11,-999.0,3.0,USA
C840,Priya,Male,-5.0,Hyderabad,,2024-12-28,4888.36,3.0,India
C841,nan,nan,200.0,Delhi,,2022-05-02,255.17,3.0,nan
C842,Priya,nan,200.0,Mumbai,,,3709.75,10.0,Australia
,Priya,M,46.0,Kolkata,,,-999.0,3.0,India
,Rahul,M,-5.0,Kolkata,2020-09-12,,-999.0,10.0,nan
,Sneha,F,-5.0,Bangalore,2020-10-18,2021-10-14,2970.59,3.0,USA
,Sneha,Male,-5.0,Mumbai,2024-07-12,2025-02-16,-999.0,-1.0,UK
847,Neha,Male,43.0,Bangalore,,,-999.0,-1.0,Australia
,Pooja,Female,43.0,Pune,2025-01-31,,599.1,1.0,UK
C849,Ankit,M,-5.0,nan,,,-999.0,10.0,nan
850,Simran,Female,200.0,Ahmedabad,2025-05-27,,1497.27,-1.0,Canada
C851,Neha,M,200.0,Pune,2020-08-26,,-999.0,10.0,USA
,Ankit,Female,63.0,Pune,,,-999.0,4.0,USA
,Ankit,F,43.0,Kolkata,,,-999.0,10.0,USA
C854,Simran,F,200.0,Mumbai,2023-11-08,,1140.53,-1.0,UK
C855,Pooja,Female,32.0,nan,,,-999.0,-1.0,Canada
C856,Priya,Male,53.0,nan,,2022-12-25,-999.0,5.0,nan
,nan,M,-5.0,Ahmedabad,,2024-11-15,-999.0,1.0,India
858,Ravi,nan,-5.0,nan,2021-03-09,,-999.0,10.0,nan
C859,nan,F,43.0,Chennai,2024-12-11,,-999.0,3.0,India
860,Neha,Male,-5.0,Kolkata,,2022-11-22,1954.9,10.0,Australia
C861,Priya,Female,43.0,nan,2025-01-05,2023-10-05,-999.0,-1.0,India
862,Ravi,Male,43.0,Hyderabad,,,-999.0,-1.0,Australia
863,Kiran,Female,200.0,Chennai,2022-01-17,2021-01-03,-999.0,10.0,USA
864,Rahul,M,33.0,Ahmedabad,,,-999.0,3.0,nan
865,Amit,male,43.0,Kolkata,2021-09-16,,-999.0,3.0,USA
C866,nan,Female,-5.0,Chennai,2020-09-05,,-999.0,3.0,Australia
867,Ankit,female,50.0,Delhi,2023-04-12,,4316.75,5.0,India
C868,Priya,F,43.0,Hyderabad,,2024-09-21,68.93,3.0,USA
869,Ankit,F,25.0,Bangalore,2025-01-02,,540.22,3.0,UK
870,Neha,nan,59.0,Kolkata,,,-999.0,-1.0,nan
,Ravi,F,43.0,Hyderabad,,2023-08-12,-999.0,3.0,nan
,Simran,nan,-5.0,Hyderabad,2021-06-07,2025-01-01,70.61,-1.0,UK
873,nan,nan,43.0,Pune,,,-999.0,-1.0,India
C874,nan,F,-5.0,nan,2022-04-08,2022-07-30,4205.03,3.0,nan
C875,nan,Male,-5.0,Chennai,,,-999.0,3.0,India
876,Amit,nan,43.0,Hyderabad,2025-12-07,2022-12-05,-999.0,3.0,USA
877,nan,Male,200.0,Kolkata,2021-03-25,2020-08-20,2740.9,3.0,UK
878,Pooja,Male,35.0,Pune,2022-04-17,2022-01-31,2252.21,-1.0,UK
879,nan,F,43.0,Delhi,,,-999.0,3.0,Australia
880,Kiran,nan,-5.0,Bangalore,,,-999.0,10.0,UK
881,Pooja,Female,25.0,Ahmedabad,,,-999.0,-1.0,USA
882,nan,male,-5.0,Chennai,,2021-05-18,2016.77,3.0,Australia
883,Ankit,M,69.0,nan,2025-03-24,2022-11-05,-999.0,-1.0,UK
,nan,M,39.0,Hyderabad,,,-999.0,10.0,nan
885,nan,male,43.0,Hyderabad,2024-10-10,2023-10-08,4527.26,10.0,Australia
,Sneha,nan,43.0,Ahmedabad,,,4276.22,10.0,nan
,Ravi,Male,43.0,Pune,,,-999.0,10.0,Canada
C888,Kiran,nan,43.0,Hyderabad,,,-999.0,-1.0,USA
C889,Neha,Male,-5.0,Mumbai,,2024-09-09,-999.0,3.0,Canada
,Ankit,nan,40.0,Chennai,,,-999.0,3.0,UK
891,Ravi,Female,-5.0,Pune,,,1100.17,10.0,UK
892,Sneha,male,200.0,Bangalore,,,-999.0,10.0,India
C893,Pooja,nan,21.0,Kolkata,,,-999.0,10.0,Australia
C894,Rahul,Female,200.0,Delhi,2025-02-03,,-999.0,-1.0,UK
C895,Simran,Male,43.0,Hyderabad,2022-12-03,,1899.78,10.0,Canada
,Pooja,nan,43.0,Hyderabad,2024-04-17,2022-08-27,-999.0,3.0,UK
,Sneha,F,31.0,Ahmedabad,2022-03-19,2022-01-07,-999.0,10.0,nan
C898,nan,M,200.0,nan,,2023-01-29,2816.94,-1.0,Canada
,nan,M,-5.0,Bangalore,,,-999.0,3.0,Canada
900,Sneha,M,43.0,Delhi,2023-09-15,,-999.0,4.0,UK
901,nan,M,70.0,nan,2022-02-15,2021-02-17,-999.0,3.0,nan
C902,Kiran,nan,200.0,Kolkata,,,3767.6,3.0,UK
903,Simran,male,35.0,nan,,,-999.0,2.0,Australia
C904,Sneha,nan,66.0,Mumbai,,2021-09-21,-999.0,3.0,Canada
C905,Priya,F,200.0,Delhi,,,3835.8,10.0,India
,nan,Female,53.0,Chennai,,,4714.61,10.0,UK
C907,Amit,Male,200.0,Pune,,,-999.0,-1.0,India
C908,Simran,M,48.0,Kolkata,,,-999.0,-1.0,USA
,Ankit,female,31.0,Chennai,2022-10-31,,-999.0,-1.0,UK
910,Sneha,Female,200.0,Pune,2025-01-24,2023-01-27,-999.0,3.0,nan
911,Neha,M,200.0,Mumbai,,,-999.0,-1.0,Australia
912,Kiran,female,200.0,Ahmedabad,,,735.3,4.0,nan
C913,Kiran,male,-5.0,Chennai,2021-08-10,,-999.0,3.0,USA
,Simran,F,200.0,Kolkata,2020-12-04,2024-02-05,-999.0,-1.0,UK
915,Simran,M,26.0,Mumbai,,,3546.76,1.0,Australia
C916,Priya,female,43.0,Kolkata,2022-07-26,,-999.0,-1.0,Australia
917,Sneha,nan,200.0,Delhi,2023-03-02,,-999.0,10.0,Canada
C918,nan,female,-5.0,Hyderabad,,,-999.0,-1.0,Australia
919,Pooja,female,43.0,Mumbai,2020-08-13,2021-06-09,-999.0,-1.0,USA
920,nan,M,43.0,Ahmedabad,2024-02-04,2025-05-30,-999.0,10.0,Australia
921,Rahul,nan,34.0,Hyderabad,2021-01-26,2023-09-16,-999.0,-1.0,India
,Priya,Female,43.0,Kolkata,2024-06-29,2024-11-30,-999.0,-1.0,India
923,nan,Male,200.0,Pune,,,2758.83,10.0,Australia
,Priya,Male,43.0,Mumbai,,2025-09-20,4212.13,1.0,India
925,Ankit,female,43.0,nan,,,4278.73,-1.0,USA
926,Simran,Female,43.0,Mumbai,,,307.25,2.0,India
927,Rahul,nan,58.0,Ahmedabad,2023-01-19,,-999.0,3.0,Canada
928,Kiran,female,43.0,Ahmedabad,2023-05-24,,1897.45,-1.0,UK
929,Ankit,M,43.0,Hyderabad,2024-05-02,2021-12-20,4985.61,3.0,Australia
930,Neha,F,200.0,Hyderabad,2024-10-15,2021-02-02,-999.0,2.0,UK
,Rahul,nan,35.0,Bangalore,,,-999.0,10.0,Australia
932,Rahul,female,57.0,Bangalore,,,-999.0,-1.0,USA
C933,Neha,Female,200.0,Kolkata,2021-04-23,,-999.0,10.0,Canada
,Ravi,male,58.0,Pune,,,-999.0,3.0,UK
935,Neha,female,43.0,Pune,2022-04-02,2024-11-11,-999.0,2.0,nan
936,Neha,male,43.0,Mumbai,2024-05-21,,-999.0,-1.0,UK
937,Kiran,M,200.0,Chennai,,,-999.0,3.0,Canada
938,nan,nan,-5.0,Pune,,,-999.0,10.0,Australia
939,nan,Male,-5.0,Mumbai,,,-999.0,10.0,UK
C940,nan,female,63.0,Pune,,,-999.0,10.0,Australia
C941,Sneha,nan,200.0,Ahmedabad,,,1491.16,10.0,Canada
C942,Sneha,F,62.0,Chennai,2024-03-04,2021-07-11,1700.88,5.0,India
943,Kiran,male,43.0,Ahmedabad,,,227.1,3.0,USA
,Kiran,nan,39.0,Pune,2020-12-30,2020-10-24,-999.0,10.0,USA
,Neha,male,200.0,Bangalore,,,305.11,10.0,India
946,Kiran,nan,48.0,Hyderabad,2025-05-07,,-999.0,3.0,Australia
C947,nan,nan,200.0,Chennai,2021-01-06,,-999.0,-1.0,nan
948,Ankit,Male,-5.0,Mumbai,,,-999.0,-1.0,India
,nan,male,200.0,Bangalore,,,-999.0,1.0,India
C950,Pooja,female,43.0,Pune,2024-09-26,,-999.0,-1.0,nan
951,Priya,Female,200.0,nan,,,-999.0,10.0,USA
C952,Sneha,Female,43.0,Hyderabad,,,-999.0,5.0,Canada
C953,Ravi,M,200.0,Kolkata,2025-05-27,2022-08-13,-999.0,3.0,nan
C954,Ankit,male,200.0,nan,,,-999.0,1.0,UK
,Priya,nan,43.0,Pune,2021-05-21,2025-09-23,-999.0,1.0,Australia
956,Rahul,nan,-5.0,Ahmedabad,,,-999.0,-1.0,nan
957,Pooja,Female,43.0,Delhi,2021-11-07,2022-03-20,-999.0,3.0,USA
,Neha,Male,200.0,Ahmedabad,2023-12-28,,-999.0,3.0,Australia
C959,Rahul,M,-5.0,Pune,2025-04-05,,-999.0,-1.0,UK
,Kiran,nan,43.0,Delhi,,2022-10-01,-999.0,3.0,nan
961,Ankit,Male,52.0,Hyderabad,,2021-10-27,902.14,3.0,nan
,Sneha,female,43.0,Kolkata,,,-999.0,3.0,USA
963,Priya,F,-5.0,Bangalore,2025-12-08,,-999.0,10.0,Canada
,Priya,F,43.0,Chennai,,2024-09-18,-999.0,-1.0,nan
965,nan,Female,29.0,Bangalore,2021-01-02,,2065.11,3.0,Canada
966,Rahul,Male,200.0,nan,,,237.86,-1.0,nan
,nan,male,200.0,Chennai,,,4037.35,5.0,nan
,nan,male,29.0,Kolkata,,,-999.0,3.0,India
,Neha,M,27.0,Hyderabad,,,-999.0,4.0,India
970,Sneha,female,36.0,Chennai,,2020-09-05,-999.0,10.0,India
971,Rahul,F,23.0,Hyderabad,2022-04-11,2021-08-21,-999.0,4.0,India
972,Rahul,male,37.0,Bangalore,,,2088.38,3.0,UK
973,Sneha,Male,-5.0,Bangalore,,2021-06-04,-999.0,-1.0,nan
,nan,F,43.0,Hyderabad,,,-999.0,-1.0,India
975,Pooja,female,43.0,Chennai,2024-04-14,,-999.0,5.0,UK
,nan,Female,200.0,Chennai,,,-999.0,-1.0,Australia
,Sneha,nan,200.0,Mumbai,,,-999.0,-1.0,India
978,Neha,female,21.0,nan,,,-999.0,-1.0,UK
C979,Ravi,nan,43.0,Bangalore,2025-04-15,2020-09-11,-999.0,-1.0,Canada
,Amit,M,200.0,Pune,2023-12-04,,-999.0,3.0,UK
981,Rahul,F,-5.0,nan,,,-999.0,3.0,Canada
,Amit,nan,43.0,Ahmedabad,,,1921.91,3.0,UK
983,nan,male,200.0,nan,,,-999.0,4.0,UK
C984,Pooja,M,-5.0,Pune,,2025-09-25,-999.0,10.0,India
,Amit,Male,24.0,Kolkata,2020-08-20,2021-10-10,-999.0,-1.0,Australia
986,Simran,male,200.0,Hyderabad,2026-01-18,2020-12-28,-999.0,10.0,India
C987,Neha,Male,-5.0,Bangalore,2023-04-24,,-999.0,10.0,Canada
,Neha,Male,200.0,Chennai,2024-10-09,,-999.0,4.0,USA
989,Kiran,Male,37.0,Bangalore,,,-999.0,10.0,nan
,Ankit,F,66.0,Bangalore,,,-999.0,3.0,India
991,Kiran,nan,200.0,Kolkata,2020-12-29,,-999.0,3.0,India
C992,Priya,F,39.0,Pune,2025-08-22,2022-03-13,-999.0,-1.0,Canada
993,Rahul,male,43.0,Delhi,,,-999.0,10.0,Australia
994,Kiran,F,-5.0,Bangalore,2021-07-30,,-999.0,-1.0,USA
995,Priya,Female,43.0,Pune,,,4053.51,3.0,India
C996,Amit,Female,200.0,Delhi,,,-999.0,-1.0,Australia
997,Ravi,female,43.0,nan,2024-11-19,,-999.0,5.0,Canada
998,Neha,female,-5.0,nan,2022-07-22,,-999.0,3.0,Canada
,Ravi,M,200.0,Delhi,,2020-09-03,-999.0,3.0,Canada
,Amit,F,-5.0,Ahmedabad,2024-09-02,,-999.0,-1.0,India
C1001,Pooja,M,200.0,Hyderabad,2025-06-11,,4794.55,3.0,Australia
,Kiran,nan,200.0,Hyderabad,2023-11-02,2025-08-17,-999.0,-1.0,Australia
,Rahul,male,-5.0,Mumbai,,,4481.28,-1.0,India
1004,Simran,female,-5.0,Ahmedabad,2023-03-05,,-999.0,10.0,nan
,Sneha,nan,70.0,nan,2024-01-18,2024-02-25,-999.0,-1.0,UK
1006,Simran,female,200.0,Pune,2024-08-16,,-999.0,10.0,UK
C1007,Sneha,female,64.0,Mumbai,2024-04-27,2021-05-20,3881.78,10.0,Australia
1008,Kiran,Female,43.0,nan,2020-11-05,,3778.07,4.0,Australia
C1009,Pooja,M,200.0,nan,,,-999.0,-1.0,USA
,Ravi,Female,43.0,Ahmedabad,2023-11-30,2021-07-07,-999.0,3.0,UK
1011,Sneha,nan,43.0,Hyderabad,2020-12-24,,-999.0,5.0,Canada
,Neha,Male,54.0,Hyderabad,,,-999.0,-1.0,USA
1013,Priya,nan,200.0,Delhi,,2022-12-06,-999.0,-1.0,nan
1014,Rahul,female,18.0,Hyderabad,,2023-12-12,-999.0,3.0,UK
,Ravi,Male,28.0,Kolkata,,,-999.0,-1.0,Australia
C1016,Pooja,M,-5.0,Chennai,2021-12-29,,1899.43,10.0,USA
1017,Kiran,F,51.0,Ahmedabad,2024-04-02,2022-07-18,-999.0,10.0,Australia
,Kiran,Male,43.0,Chennai,,,-999.0,3.0,India
1019,Sneha,nan,-5.0,Ahmedabad,2020-12-13,,-999.0,10.0,nan
1020,Amit,female,200.0,nan,,,-999.0,-1.0,Canada
,Neha,nan,43.0,Kolkata,2024-11-14,2023-05-16,-999.0,3.0,Australia
C1022,Ravi,F,-5.0,Hyderabad,2025-06-20,,-999.0,-1.0,India
,nan,nan,40.0,Bangalore,2024-01-20,,-999.0,10.0,Australia
C1024,nan,nan,43.0,Bangalore,2023-07-11,,-999.0,1.0,nan
1025,nan,female,57.0,Hyderabad,2024-05-28,,1691.97,10.0,Canada
C1026,Rahul,nan,43.0,Hyderabad,,,-999.0,10.0,UK
C1027,nan,F,-5.0,Pune,,2024-07-13,-999.0,3.0,Canada
1028,nan,nan,43.0,Mumbai,,,-999.0,10.0,Canada
1029,Amit,Female,43.0,nan,2020-11-16,,-999.0,1.0,nan
,Sneha,male,200.0,Chennai,,,-999.0,1.0,Canada
C1031,Ravi,nan,43.0,Delhi,,2022-09-11,780.47,3.0,Canada
C1032,Simran,M,43.0,Ahmedabad,2022-01-23,,1005.0,-1.0,UK
1033,nan,male,26.0,nan,,,114.55,3.0,USA
1034,Ravi,nan,-5.0,Bangalore,,2021-04-11,-999.0,1.0,USA
C1035,Ravi,Male,43.0,Bangalore,2025-09-30,,-999.0,10.0,UK
,Priya,nan,69.0,Pune,2023-08-13,,-999.0,3.0,Australia
C1037,Kiran,F,-5.0,Delhi,2023-08-15,2025-12-27,4331.01,-1.0,USA
1038,Ankit,female,-5.0,Delhi,,,-999.0,10.0,Australia
,Priya,female,200.0,Hyderabad,,,-999.0,10.0,Australia
C1040,Pooja,Female,38.0,Mumbai,2024-09-16,,-999.0,3.0,USA
,Kiran,Male,200.0,Chennai,,,1178.51,4.0,Australia
,Ravi,nan,-5.0,Pune,,,-999.0,3.0,Australia
1043,Neha,nan,200.0,Hyderabad,2024-10-07,,-999.0,1.0,nan
C1044,Kiran,female,43.0,Bangalore,2023-11-10,,2735.28,3.0,Australia
1045,Pooja,Female,200.0,Kolkata,,,-999.0,10.0,India
,Ravi,Male,200.0,Delhi,2023-09-10,,-999.0,3.0,USA
1047,nan,M,43.0,Ahmedabad,2025-06-17,2024-04-19,2190.82,3.0,Canada
,Neha,nan,40.0,Delhi,2025-04-19,2024-08-30,-999.0,10.0,USA
1049,nan,M,43.0,Ahmedabad,2025-07-08,2022-01-31,-999.0,1.0,USA
1050,nan,female,47.0,Kolkata,2021-12-29,,-999.0,-1.0,Australia
,Rahul,female,200.0,Delhi,,,-999.0,-1.0,UK
,Priya,female,54.0,nan,2022-07-15,2024-04-25,-999.0,-1.0,Australia
,Ravi,nan,-5.0,Hyderabad,,,-999.0,3.0,India
C1054,Pooja,Male,200.0,Kolkata,,2023-04-28,-999.0,10.0,USA
1055,Pooja,male,62.0,Ahmedabad,,,3595.13,10.0,nan
C1056,Ankit,M,33.0,Pune,2021-12-13,2025-07-13,-999.0,1.0,USA
1057,Kiran,F,200.0,Bangalore,2024-11-11,,-999.0,10.0,nan
1058,Kiran,F,200.0,Ahmedabad,,2024-09-19,-999.0,3.0,nan
1059,Sneha,Male,43.0,Mumbai,,2025-03-05,-999.0,5.0,USA
1060,nan,nan,43.0,Delhi,2021-10-04,,-999.0,10.0,India
,Rahul,F,-5.0,nan,,,1375.97,3.0,India
1062,Priya,nan,-5.0,Mumbai,,,662.32,5.0,Australia
1063,nan,F,-5.0,Mumbai,,,-999.0,-1.0,UK
1064,Pooja,F,200.0,Chennai,2025-01-03,2024-08-24,-999.0,2.0,nan
,Pooja,nan,-5.0,Hyderabad,,2025-01-18,-999.0,-1.0,India
1066,Priya,Male,43.0,Bangalore,,,3598.98,10.0,nan
1067,Ankit,nan,43.0,Pune,2023-08-31,,-999.0,-1.0,nan
,Ankit,M,31.0,Chennai,,,55.81,-1.0,nan
1069,Kiran,nan,49.0,Ahmedabad,2024-12-18,2023-06-13,-999.0,10.0,USA
1070,Priya,nan,200.0,Mumbai,,2023-08-19,-999.0,3.0,India
1071,Simran,female,-5.0,Chennai,2020-09-03,,-999.0,10.0,UK
,Ravi,male,42.0,Bangalore,,,4511.85,-1.0,Australia
,Simran,F,46.0,Mumbai,2021-07-16,,-999.0,10.0,nan
1074,Pooja,Female,200.0,Hyderabad,,,4653.27,5.0,UK
,Rahul,male,43.0,Mumbai,2021-06-04,,-999.0,10.0,USA
1076,Priya,Female,-5.0,Mumbai,2024-02-18,2025-03-19,-999.0,-1.0,USA
C1077,Priya,Male,200.0,Ahmedabad,,,417.11,10.0,Canada
1078,Kiran,F,-5.0,Ahmedabad,,,-999.0,-1.0,nan
1079,Amit,nan,-5.0,nan,,,-999.0,10.0,UK
,Ravi,Male,200.0,Ahmedabad,2024-09-11,2024-06-04,-999.0,3.0,Canada
,Ravi,Female,200.0,Hyderabad,,,-999.0,10.0,India
,Neha,nan,200.0,Chennai,2025-07-07,,-999.0,3.0,USA
1083,Neha,Female,23.0,Ahmedabad,,2024-01-02,-999.0,3.0,India
1084,Neha,M,200.0,Kolkata,2025-11-27,2024-12-21,-999.0,3.0,nan
C1085,Simran,M,43.0,Chennai,,2024-04-17,-999.0,10.0,Australia
1086,Sneha,male,-5.0,nan,2024-05-04,,-999.0,3.0,UK
C1087,Ankit,female,36.0,Hyderabad,2025-09-24,,-999.0,3.0,Australia
,Priya,nan,200.0,Kolkata,,,-999.0,4.0,India
C1089,Ravi,F,-5.0,Mumbai,2024-03-07,,-999.0,-1.0,Australia
C1090,Rahul,female,43.0,Hyderabad,,2025-04-25,-999.0,10.0,Australia
1091,Simran,M,200.0,Mumbai,,,-999.0,5.0,Canada
1092,nan,Female,200.0,Delhi,,2022-05-30,-999.0,-1.0,Canada
C1093,Neha,Female,-5.0,nan,2021-09-24,,-999.0,10.0,UK
1094,Kiran,Male,200.0,Mumbai,2023-01-04,,-999.0,-1.0,UK
,Pooja,F,-5.0,Chennai,,,-999.0,3.0,Australia
,Neha,Male,64.0,Bangalore,2023-03-12,,-999.0,2.0,Canada
1097,Rahul,Female,-5.0,Hyderabad,2022-09-01,,-999.0,-1.0,UK
C1098,Neha,male,200.0,Hyderabad,2023-12-07,,-999.0,3.0,USA
,nan,Male,39.0,Delhi,2022-11-05,,-999.0,4.0,Canada
1100,nan,M,200.0,Chennai,2020-11-02,,-999.0,5.0,India
1101,nan,M,200.0,Pune,,,-999.0,3.0,Canada
,Amit,Female,200.0,Chennai,2025-08-01,,-999.0,5.0,UK
1103,nan,nan,-5.0,Pune,,,-999.0,-1.0,UK
C1104,nan,M,200.0,Chennai,,,-999.0,3.0,Canada
1105,Simran,male,43.0,Chennai,,,-999.0,3.0,UK
1106,Neha,Female,69.0,Ahmedabad,,,-999.0,10.0,UK
C1107,Pooja,nan,200.0,Pune,2021-09-29,2021-06-21,-999.0,10.0,nan
,Amit,nan,23.0,nan,,,4207.31,-1.0,Canada
C1109,Amit,nan,51.0,Ahmedabad,,2025-08-13,-999.0,3.0,nan
,Kiran,nan,-5.0,Ahmedabad,,2022-04-19,-999.0,10.0,USA
1111,Ankit,F,200.0,Hyderabad,2024-05-18,2022-10-29,-999.0,10.0,Australia
C1112,Pooja,Male,43.0,Kolkata,2022-10-07,,-999.0,3.0,Canada
1113,Ankit,male,-5.0,Delhi,,2022-02-28,1052.31,10.0,Australia
1114,Neha,F,50.0,Mumbai,2025-08-29,,1424.37,10.0,nan
1115,Pooja,male,200.0,Bangalore,2025-03-20,,-999.0,3.0,Canada
,Sneha,M,-5.0,Ahmedabad,2021-01-09,,-999.0,-1.0,Canada
1117,Ankit,Female,200.0,Mumbai,2020-09-18,,-999.0,3.0,Canada
1118,Priya,female,44.0,Kolkata,2025-08-12,,-999.0,10.0,USA
C1119,Rahul,nan,-5.0,Delhi,2024-01-30,2025-08-13,-999.0,-1.0,UK
1120,Kiran,Female,68.0,Hyderabad,2023-03-17,2022-05-16,-999.0,-1.0,India
1121,Rahul,Male,-5.0,Ahmedabad,2020-10-31,,-999.0,1.0,nan
C1122,Sneha,female,200.0,Kolkata,2022-10-04,2025-05-25,-999.0,2.0,Canada
,nan,F,24.0,Kolkata,2021-07-07,2022-01-18,-999.0,-1.0,USA
1124,Ravi,nan,-5.0,Hyderabad,,,-999.0,10.0,UK
C1125,Ravi,M,47.0,Hyderabad,,2022-05-16,-999.0,3.0,India
,Sneha,Female,50.0,Mumbai,,,-999.0,3.0,India
C1127,nan,Male,-5.0,Mumbai,,,-999.0,10.0,UK
1128,Sneha,Male,43.0,Mumbai,,,-999.0,10.0,UK
1129,Amit,F,-5.0,Chennai,2023-05-30,,-999.0,3.0,Australia
1130,Neha,female,43.0,Bangalore,2023-03-07,,-999.0,-1.0,nan
,Ankit,male,31.0,Hyderabad,,,-999.0,3.0,Australia
,nan,male,200.0,Chennai,,,-999.0,10.0,Australia
1133,Kiran,nan,28.0,nan,,2025-09-13,-999.0,-1.0,nan
1134,nan,nan,43.0,Bangalore,2021-10-15,,-999.0,10.0,India
C1135,nan,female,-5.0,nan,2022-09-23,,184.79,3.0,nan
,Neha,M,43.0,Kolkata,,,2437.37,3.0,Australia
1137,Ravi,male,-5.0,Chennai,,,-999.0,10.0,Australia
1138,Priya,nan,43.0,Pune,,,-999.0,10.0,USA
1139,Amit,Female,43.0,Delhi,,,4667.46,-1.0,UK
1140,Amit,female,200.0,Bangalore,,,-999.0,-1.0,UK
,Pooja,nan,43.0,Mumbai,,,1589.57,3.0,Canada
1142,Kiran,Female,-5.0,Ahmedabad,2021-08-01,2021-03-04,-999.0,3.0,Australia
,nan,Male,43.0,Hyderabad,,,4388.6,-1.0,India
1144,Amit,Female,200.0,Pune,,,-999.0,-1.0,Canada
1145,Kiran,M,43.0,Delhi,2020-12-25,,-999.0,-1.0,UK
1146,Sneha,Male,29.0,Pune,,,-999.0,3.0,UK
1147,Amit,female,200.0,Chennai,2024-04-22,2020-09-07,3035.4,-1.0,nan
1148,Priya,Male,-5.0,Pune,,2024-06-17,-999.0,-1.0,Australia
,Ravi,F,-5.0,Ahmedabad,2021-07-11,,-999.0,10.0,India
1150,Ankit,Male,48.0,Ahmedabad,,,-999.0,3.0,UK
,nan,nan,-5.0,Delhi,2025-12-07,2024-03-28,-999.0,10.0,nan
C1152,nan,F,-5.0,Mumbai,2024-02-13,,-999.0,10.0,India
1153,Kiran,female,43.0,Hyderabad,,,-999.0,-1.0,UK
1154,nan,Female,43.0,Kolkata,,2021-12-27,535.96,-1.0,USA
1155,nan,female,200.0,Mumbai,2023-06-04,2022-01-15,-999.0,-1.0,nan
1156,Ankit,nan,200.0,Mumbai,,2023-02-02,-999.0,-1.0,India
1157,Rahul,male,18.0,Bangalore,2023-12-06,,-999.0,10.0,India
C1158,Pooja,Female,43.0,nan,,,-999.0,-1.0,nan
1159,nan,male,35.0,Pune,,,-999.0,2.0,Canada
C1160,Neha,male,29.0,Ahmedabad,,2021-02-01,-999.0,3.0,nan
1161,Ankit,F,41.0,Kolkata,,2023-04-30,130.55,-1.0,Australia
,Priya,nan,54.0,Hyderabad,,2023-05-06,-999.0,-1.0,Canada
1163,Ankit,nan,-5.0,Hyderabad,,2022-04-18,-999.0,4.0,Canada
1164,Simran,Female,-5.0,Kolkata,2024-02-23,2023-07-25,1503.15,3.0,UK
,Ankit,Female,200.0,Mumbai,,2023-06-27,636.9,10.0,Australia
1166,Amit,nan,43.0,nan,2025-11-30,,-999.0,4.0,USA
,Pooja,nan,-5.0,Hyderabad,2021-05-27,,-999.0,5.0,India
1168,nan,M,25.0,Mumbai,2023-07-15,,-999.0,1.0,Canada
C1169,Simran,nan,26.0,Mumbai,2023-12-22,,1543.13,4.0,USA
1170,Rahul,M,200.0,Chennai,,2024-12-23,4704.03,3.0,nan
C1171,nan,nan,-5.0,Mumbai,2021-03-12,,-999.0,3.0,UK
1172,Amit,Male,-5.0,Delhi,,,-999.0,3.0,nan
1173,Pooja,female,-5.0,Delhi,,,-999.0,3.0,UK
,Rahul,Male,43.0,Delhi,,,-999.0,10.0,nan
1175,Kiran,Male,43.0,nan,,,-999.0,5.0,nan
1176,nan,M,37.0,Kolkata,2020-09-25,,-999.0,3.0,USA
1177,Ravi,F,43.0,Ahmedabad,2024-09-26,,-999.0,10.0,Australia
1178,nan,nan,43.0,Chennai,2025-05-18,,-999.0,-1.0,India
1179,Amit,nan,70.0,Bangalore,2021-02-22,,-999.0,3.0,Canada
,Rahul,Male,43.0,Kolkata,,,404.07,4.0,India
1181,Sneha,M,43.0,Ahmedabad,2021-02-17,,-999.0,-1.0,Canada
1182,Rahul,F,64.0,Pune,,,-999.0,10.0,UK
,nan,F,200.0,Pune,2020-12-26,,-999.0,1.0,India
1184,Rahul,M,200.0,Ahmedabad,,2021-12-03,4357.12,2.0,Canada
,Sneha,female,55.0,Bangalore,2023-11-22,,3960.02,3.0,UK
1186,Amit,Female,43.0,Bangalore,2024-05-05,,-999.0,-1.0,USA
1187,Ankit,nan,-5.0,Kolkata,,,183.8,3.0,Canada
C1188,Simran,Female,43.0,Bangalore,2024-11-07,,-999.0,10.0,nan
1189,Rahul,nan,43.0,nan,,,395.44,10.0,India
1190,Pooja,female,-5.0,Pune,,,-999.0,-1.0,Canada
1191,Simran,Female,200.0,Bangalore,,2023-08-30,-999.0,4.0,Canada
,Ankit,female,-5.0,Ahmedabad,,,-999.0,10.0,UK
1193,Simran,nan,200.0,nan,,,1135.54,3.0,India
C1194,Ravi,Female,43.0,Bangalore,2021-10-20,,2430.68,10.0,India
C1195,Sneha,nan,43.0,Kolkata,,,-999.0,10.0,USA
C1196,Priya,M,-5.0,nan,,2025-05-20,-999.0,10.0,Australia
1197,Pooja,M,43.0,Bangalore,,2025-01-22,-999.0,2.0,Australia
C1198,Pooja,nan,-5.0,Chennai,2024-07-16,,-999.0,4.0,Canada
1199,Ravi,Male,43.0,Mumbai,2024-05-09,,-999.0,-1.0,Australia
,nan,male,200.0,Bangalore,,,-999.0,3.0,USA
1201,Kiran,Male,-5.0,Chennai,,,-999.0,10.0,Canada
1202,Rahul,Female,47.0,Bangalore,2021-05-31,,1150.79,10.0,India
1203,nan,nan,43.0,Ahmedabad,,2022-04-25,-999.0,10.0,India
C1204,Ankit,Female,43.0,Pune,2023-03-29,,-999.0,10.0,nan
1205,Simran,F,-5.0,Hyderabad,,,-999.0,10.0,India
1206,Amit,Male,200.0,Delhi,2024-12-06,,-999.0,10.0,nan
1207,nan,male,-5.0,Ahmedabad,,,-999.0,5.0,UK
,nan,female,-5.0,Mumbai,2026-01-26,2023-07-07,-999.0,2.0,nan
1209,Neha,nan,-5.0,Mumbai,,,699.76,2.0,Canada
,Ankit,female,-5.0,nan,2024-06-06,,-999.0,3.0,UK
,Ravi,male,-5.0,nan,2022-02-08,,-999.0,3.0,UK
,nan,M,-5.0,Bangalore,,2022-10-15,-999.0,3.0,USA
1213,Rahul,Male,43.0,Chennai,,,4507.22,3.0,USA
,nan,M,56.0,Ahmedabad,,,3983.15,10.0,India
1215,nan,Female,200.0,Kolkata,2024-03-30,,-999.0,3.0,India
C1216,nan,Female,-5.0,Kolkata,,,-999.0,10.0,USA
,Pooja,female,-5.0,Chennai,2021-07-09,,-999.0,-1.0,Canada
1218,nan,Female,43.0,Mumbai,2025-10-31,,-999.0,3.0,UK
,Ankit,F,54.0,Bangalore,,,-999.0,10.0,Australia
C1220,Pooja,Female,43.0,Hyderabad,2021-04-13,,-999.0,3.0,nan
C1221,Sneha,male,-5.0,Ahmedabad,2020-11-07,,-999.0,-1.0,India
1222,nan,Male,43.0,Chennai,2024-09-17,2020-11-05,-999.0,5.0,nan
1223,Rahul,Female,-5.0,Pune,2023-12-13,2023-01-17,-999.0,3.0,Canada
,Neha,nan,20.0,Hyderabad,,,-999.0,3.0,Australia
1225,Neha,nan,-5.0,Bangalore,,,2932.27,-1.0,Canada
,Rahul,nan,22.0,Delhi,2023-09-07,,-999.0,-1.0,nan
1227,Neha,Female,200.0,Chennai,2020-12-01,2022-03-17,-999.0,1.0,Canada
1228,Neha,male,-5.0,Mumbai,2025-05-17,,1923.85,3.0,nan
1229,Ravi,nan,64.0,Bangalore,,,-999.0,3.0,USA
1230,Ankit,female,41.0,Delhi,,,-999.0,-1.0,UK
C1231,Ravi,F,48.0,Delhi,2024-07-31,2023-04-01,-999.0,-1.0,UK
,Pooja,F,200.0,Kolkata,,,850.59,10.0,India
1233,nan,nan,48.0,nan,,,-999.0,3.0,nan
1234,Kiran,female,43.0,Delhi,2023-05-19,,-999.0,10.0,UK
1235,Sneha,Female,18.0,Pune,,,-999.0,3.0,Australia
1236,Kiran,Female,200.0,Ahmedabad,,,-999.0,4.0,UK
C1237,nan,M,33.0,Kolkata,,2024-07-14,-999.0,5.0,nan
C1238,Sneha,female,-5.0,nan,,,-999.0,10.0,USA
1239,Ankit,male,43.0,nan,2026-01-25,2021-03-07,-999.0,3.0,Canada
C1240,Pooja,F,53.0,Chennai,,,-999.0,-1.0,USA
1241,Simran,Female,21.0,nan,2023-04-09,2021-10-03,-999.0,-1.0,UK
,Ankit,nan,-5.0,Pune,2021-09-25,,-999.0,10.0,USA
,Neha,male,-5.0,Mumbai,2024-08-29,2021-07-28,-999.0,3.0,USA
C1244,Kiran,Female,50.0,Pune,2021-12-13,,-999.0,10.0,UK
1245,Simran,nan,-5.0,Kolkata,,,-999.0,1.0,nan
1246,Rahul,nan,43.0,Pune,,2022-12-09,69.93,3.0,Canada
1247,nan,male,200.0,Mumbai,2023-11-16,,3182.41,3.0,UK
,nan,Female,60.0,Bangalore,2021-06-20,2022-04-23,3991.69,10.0,UK
,Rahul,female,200.0,Pune,,,-999.0,10.0,UK
1250,Kiran,Male,200.0,Mumbai,2021-03-03,2020-10-21,-999.0,3.0,India
C1251,Sneha,M,-5.0,Bangalore,2025-09-30,,-999.0,3.0,USA
1252,nan,nan,43.0,Bangalore,2020-11-10,,-999.0,10.0,UK
1253,Neha,Female,50.0,Chennai,,2023-07-27,-999.0,10.0,nan
C1254,Rahul,nan,200.0,Chennai,2024-11-07,,-999.0,3.0,Canada
C1255,Rahul,nan,200.0,Pune,,2024-03-25,-999.0,-1.0,UK
1256,Ankit,Female,200.0,Bangalore,,,-999.0,3.0,UK
1257,Neha,F,43.0,Bangalore,,,-999.0,10.0,UK
,Rahul,nan,200.0,nan,,,-999.0,3.0,Canada
,Sneha,female,27.0,Chennai,,2025-03-05,-999.0,10.0,India
1260,Pooja,female,200.0,Ahmedabad,2024-08-19,2023-09-02,4487.52,3.0,UK
,Ankit,nan,-5.0,Kolkata,2024-08-09,2022-12-04,-999.0,10.0,UK
1262,Ankit,Female,61.0,Pune,,2022-03-24,-999.0,3.0,Canada
1263,Ankit,F,43.0,Bangalore,,2021-09-06,-999.0,10.0,India
C1264,Neha,nan,62.0,Bangalore,,,-999.0,3.0,India
,Pooja,M,-5.0,Delhi,2021-05-24,,103.69,10.0,India
1266,Pooja,nan,200.0,Ahmedabad,2023-06-15,2020-10-14,-999.0,-1.0,nan
C1267,Priya,Female,200.0,Kolkata,2024-09-29,,2951.9,-1.0,USA
1268,Pooja,Male,55.0,Ahmedabad,2023-02-15,,-999.0,-1.0,USA
,Neha,female,200.0,Chennai,,2020-10-07,-999.0,10.0,Australia
1270,Rahul,male,68.0,Bangalore,,,1500.23,10.0,USA
1271,Ankit,M,200.0,Hyderabad,,,-999.0,10.0,UK
,Priya,Male,43.0,Chennai,2024-12-04,,-999.0,-1.0,USA
,Pooja,male,44.0,nan,,,2472.13,3.0,USA
1274,Sneha,M,200.0,nan,2024-05-19,2021-06-01,-999.0,-1.0,Canada
,Kiran,nan,43.0,Delhi,2024-12-01,,2231.91,10.0,Canada
,Pooja,nan,200.0,nan,2021-06-26,2021-01-26,2508.0,-1.0,USA
1277,Kiran,M,43.0,Delhi,,,2618.82,5.0,Australia
,Neha,male,43.0,Ahmedabad,2021-10-15,2022-06-17,-999.0,3.0,nan
C1279,nan,Male,43.0,nan,2020-09-02,,-999.0,4.0,Canada
1280,Amit,Female,-5.0,Hyderabad,,2022-11-21,-999.0,10.0,UK
,Pooja,female,-5.0,Kolkata,,,-999.0,4.0,India
1282,Ravi,Female,-5.0,Delhi,2025-11-30,,-999.0,10.0,UK
1283,nan,F,63.0,Delhi,,2022-01-17,-999.0,10.0,USA
,nan,nan,-5.0,Hyderabad,2021-03-31,,-999.0,10.0,nan
1285,Ankit,female,48.0,Chennai,,,-999.0,10.0,India
1286,Pooja,nan,-5.0,Mumbai,,2025-04-25,2229.62,4.0,India
1287,Ankit,nan,200.0,nan,2024-07-17,,3139.15,-1.0,Canada
C1288,Priya,nan,200.0,nan,2021-03-24,,-999.0,-1.0,India
1289,Pooja,nan,200.0,Mumbai,2020-10-10,2021-01-14,-999.0,10.0,UK
C1290,Pooja,F,200.0,Ahmedabad,2025-03-23,,1403.38,10.0,India
1291,Priya,M,-5.0,Bangalore,2023-07-25,2024-07-12,-999.0,10.0,USA
1292,Simran,nan,200.0,Pune,2022-10-14,,-999.0,1.0,UK
1293,Amit,Male,68.0,nan,2022-11-01,2023-01-07,-999.0,10.0,nan
1294,Ankit,Female,-5.0,nan,,,-999.0,3.0,USA
,Pooja,M,43.0,Delhi,,,-999.0,10.0,nan
,Simran,M,-5.0,Hyderabad,,,3049.28,5.0,Canada
1297,Priya,M,60.0,Chennai,,2021-01-01,-999.0,3.0,UK
,Priya,Male,200.0,Mumbai,2025-08-21,2023-09-29,-999.0,2.0,nan
1299,Rahul,nan,64.0,Delhi,2024-03-31,2021-11-14,-999.0,10.0,nan
1300,nan,nan,200.0,Bangalore,2024-03-31,,-999.0,3.0,Canada
C1301,Rahul,F,64.0,Pune,2025-07-16,,-999.0,-1.0,USA
C1302,Amit,nan,-5.0,Ahmedabad,2023-01-26,,-999.0,3.0,UK
1303,nan,Female,39.0,Mumbai,,2021-01-10,-999.0,-1.0,nan
C1304,nan,M,43.0,Mumbai,,2020-10-15,-999.0,10.0,nan
1305,nan,M,43.0,Pune,,2021-05-21,-999.0,-1.0,Australia
C1306,Kiran,F,21.0,Chennai,,,2217.56,-1.0,Australia
C1307,Amit,nan,200.0,Hyderabad,2023-02-12,,-999.0,3.0,India
C1308,Ankit,M,43.0,Mumbai,2025-01-30,2025-10-26,-999.0,3.0,nan
,Rahul,F,200.0,nan,,,-999.0,-1.0,Australia
C1310,Rahul,nan,57.0,Delhi,,,3353.85,-1.0,nan
C1311,Priya,male,43.0,Delhi,,2022-09-28,2949.11,10.0,nan
C1312,Ankit,nan,-5.0,Hyderabad,2023-09-18,2024-10-01,-999.0,3.0,Australia
,Kiran,Male,200.0,Kolkata,,,-999.0,5.0,Canada
C1314,nan,nan,37.0,Hyderabad,,,-999.0,3.0,Australia
1315,Rahul,nan,200.0,nan,2022-08-28,,-999.0,-1.0,nan
1316,Pooja,nan,-5.0,Kolkata,2021-06-14,,3906.89,10.0,USA
1317,Amit,F,56.0,Chennai,,2022-02-05,2471.08,3.0,USA
1318,Kiran,Male,-5.0,nan,,2024-12-04,-999.0,10.0,USA
1319,Pooja,nan,-5.0,nan,,,-999.0,10.0,USA
1320,Amit,female,200.0,nan,,,-999.0,10.0,nan
1321,Sneha,nan,200.0,Delhi,2024-05-25,,-999.0,3.0,nan
1322,Simran,M,-5.0,Hyderabad,,,-999.0,5.0,UK
,nan,female,-5.0,Pune,2023-06-19,,1298.41,10.0,India
C1324,Pooja,M,-5.0,Bangalore,2024-09-02,,-999.0,10.0,nan
,Ravi,nan,-5.0,Bangalore,,2023-04-13,-999.0,5.0,Australia
C1326,nan,Male,43.0,Chennai,,2021-03-02,-999.0,3.0,Canada
1327,Rahul,Female,200.0,Bangalore,,,4498.86,3.0,Canada
,Kiran,Female,43.0,nan,,,2924.59,5.0,India
1329,Pooja,Female,43.0,Bangalore,,,-999.0,10.0,nan
1330,Sneha,F,200.0,Bangalore,2022-07-31,2023-05-02,-999.0,-1.0,India
1331,Neha,female,34.0,Delhi,,2021-06-14,-999.0,1.0,Australia
,Ravi,female,200.0,Pune,2022-06-04,,2559.25,5.0,USA
1333,nan,female,-5.0,Bangalore,,,1932.12,-1.0,India
1334,Kiran,nan,43.0,Kolkata,2025-12-19,,-999.0,3.0,India
1335,Pooja,female,43.0,nan,2023-03-05,,-999.0,4.0,Australia
1336,Ravi,nan,43.0,nan,2024-12-30,,973.83,2.0,Canada
1337,Simran,Female,-5.0,nan,,,-999.0,3.0,Canada
C1338,Amit,Female,200.0,Pune,,,-999.0,-1.0,UK
C1339,Ravi,nan,-5.0,Hyderabad,2021-09-12,,-999.0,3.0,India
1340,nan,M,-5.0,Mumbai,2025-11-16,,-999.0,3.0,Canada
C1341,Neha,female,200.0,Kolkata,2021-06-22,,-999.0,-1.0,India
C1342,Ravi,male,-5.0,Pune,2023-04-27,,-999.0,10.0,UK
,Neha,nan,50.0,Pune,2024-06-30,,-999.0,3.0,Canada
1344,Pooja,nan,200.0,Chennai,2024-08-30,,-999.0,10.0,UK
1345,Priya,Male,43.0,Pune,2022-02-04,,-999.0,2.0,USA
C1346,Neha,male,-5.0,Bangalore,,,-999.0,-1.0,nan
C1347,Rahul,M,-5.0,Ahmedabad,,,-999.0,2.0,Canada
C1348,Priya,M,43.0,Pune,,,1359.16,3.0,USA
1349,Ankit,nan,43.0,Hyderabad,2025-05-10,,187.78,3.0,USA
1350,nan,M,-5.0,Delhi,2023-07-17,,-999.0,-1.0,Australia
C1351,Priya,male,30.0,Mumbai,,2025-07-08,-999.0,10.0,USA
,Pooja,F,29.0,Chennai,2022-06-03,2023-09-25,-999.0,3.0,Australia
1353,Simran,nan,43.0,Delhi,2026-01-18,,-999.0,-1.0,UK
1354,Pooja,M,64.0,Bangalore,2022-03-22,,-999.0,-1.0,Australia
C1355,Rahul,male,-5.0,Ahmedabad,2026-01-19,,1176.53,10.0,India
1356,Kiran,nan,43.0,Hyderabad,2024-02-21,,-999.0,10.0,India
1357,nan,F,43.0,Kolkata,,2023-03-23,-999.0,2.0,USA
1358,Ravi,nan,43.0,Mumbai,2023-12-24,,4087.76,-1.0,Australia
C1359,Sneha,female,-5.0,Bangalore,,,-999.0,1.0,UK
C1360,Rahul,female,34.0,Bangalore,2022-03-21,,-999.0,-1.0,Australia
1361,Priya,F,49.0,nan,,,-999.0,3.0,nan
1362,Pooja,M,18.0,Mumbai,2025-09-26,2023-10-23,-999.0,5.0,Australia
1363,Amit,male,43.0,Hyderabad,,2023-07-07,353.77,3.0,India
1364,Priya,F,200.0,Mumbai,2020-09-20,,-999.0,3.0,India
1365,Kiran,M,200.0,Pune,,,-999.0,10.0,UK
,Priya,nan,200.0,Chennai,,2021-10-09,-999.0,-1.0,Australia
,Neha,nan,200.0,Pune,2023-03-25,2021-02-20,-999.0,-1.0,Australia
1368,Rahul,Male,69.0,Pune,,,-999.0,-1.0,UK
1369,Kiran,female,43.0,Ahmedabad,,,-999.0,10.0,nan
1370,Kiran,male,40.0,Kolkata,2021-03-02,,-999.0,3.0,nan
1371,Rahul,Female,200.0,Bangalore,2024-08-15,,-999.0,1.0,nan
,Rahul,nan,-5.0,Bangalore,2024-01-31,,-999.0,3.0,USA
1373,Ankit,male,200.0,Chennai,2025-12-13,,388.61,-1.0,nan
1374,Rahul,Female,200.0,Ahmedabad,2024-07-01,,-999.0,3.0,India
C1375,Simran,nan,43.0,Mumbai,2024-06-10,,-999.0,-1.0,Australia
,nan,nan,43.0,Delhi,,2025-02-01,-999.0,5.0,USA
C1377,nan,F,24.0,Ahmedabad,,2021-03-02,-999.0,-1.0,India
,nan,F,-5.0,Mumbai,,2025-05-11,-999.0,10.0,UK
1379,Ankit,nan,-5.0,Mumbai,,2025-06-06,-999.0,4.0,nan
C1380,Neha,Male,43.0,Ahmedabad,,2023-11-11,-999.0,5.0,India
,Simran,nan,200.0,Hyderabad,,2022-07-06,-999.0,2.0,UK
1382,Amit,male,200.0,Chennai,2022-10-02,2021-10-27,-999.0,3.0,UK
1383,Sneha,nan,70.0,Delhi,,,-999.0,3.0,USA
C1384,Amit,nan,43.0,Bangalore,2022-05-04,2022-02-17,-999.0,3.0,India
,nan,Male,-5.0,Hyderabad,2022-04-17,2025-07-04,-999.0,-1.0,Australia
1386,Sneha,female,-5.0,Pune,,2021-01-26,-999.0,3.0,UK
1387,Ankit,male,43.0,Delhi,,,-999.0,-1.0,UK
C1388,Simran,nan,43.0,Chennai,2022-05-04,2024-03-18,-999.0,5.0,nan
1389,Pooja,nan,65.0,Mumbai,2020-10-10,,-999.0,-1.0,Canada
,Neha,female,200.0,Mumbai,,2024-08-26,-999.0,10.0,UK
1391,Ankit,Male,-5.0,Kolkata,2022-01-18,2021-01-18,-999.0,10.0,nan
C1392,Pooja,nan,200.0,Kolkata,,,2111.61,3.0,USA
C1393,Neha,F,43.0,Pune,,2025-10-02,-999.0,-1.0,USA
1394,Amit,M,200.0,Mumbai,2024-08-21,2020-08-23,-999.0,-1.0,India
1395,nan,M,200.0,Pune,,,-999.0,4.0,India
1396,Simran,female,39.0,Pune,2025-02-18,2025-01-21,-999.0,-1.0,USA
C1397,Pooja,nan,-5.0,Ahmedabad,2024-07-05,2022-11-19,1928.13,-1.0,UK
C1398,Ravi,M,59.0,Ahmedabad,2023-08-11,,-999.0,3.0,nan
,Kiran,Male,54.0,Delhi,2021-10-10,,-999.0,4.0,nan
,nan,female,200.0,nan,2024-11-25,,-999.0,3.0,Canada
1401,Ankit,nan,-5.0,Hyderabad,2022-05-19,2023-09-20,2475.37,10.0,India
C1402,Rahul,M,27.0,Bangalore,,,-999.0,3.0,USA
C1403,nan,nan,-5.0,Ahmedabad,,,-999.0,1.0,India
C1404,Pooja,F,67.0,Delhi,,2022-12-14,-999.0,-1.0,nan
,Neha,male,-5.0,Chennai,2023-03-02,2022-07-11,-999.0,10.0,Australia
1406,Ankit,Female,43.0,Kolkata,2023-01-22,2021-11-19,4982.59,-1.0,Canada
,Sneha,nan,43.0,Delhi,,,-999.0,3.0,UK
,nan,F,43.0,nan,2022-08-13,,-999.0,2.0,UK
1409,Neha,female,38.0,Bangalore,,2021-08-09,-999.0,5.0,USA
1410,nan,Male,-5.0,Chennai,2021-03-05,,-999.0,10.0,Australia
1411,Kiran,nan,49.0,Delhi,,,3041.54,-1.0,Australia
C1412,Simran,nan,43.0,Bangalore,,2022-02-20,-999.0,10.0,nan
1413,Ravi,nan,200.0,Bangalore,2025-03-09,2022-09-24,-999.0,2.0,India
1414,nan,Female,200.0,Hyderabad,2023-10-01,,-999.0,1.0,India
C1415,Ravi,M,200.0,Ahmedabad,2023-09-06,,-999.0,3.0,Canada
1416,Neha,nan,49.0,Pune,,,3144.47,3.0,India
,Priya,nan,200.0,Chennai,2021-03-03,,-999.0,3.0,nan
1418,Rahul,nan,43.0,Ahmedabad,2025-08-05,,995.36,1.0,Canada
1419,Pooja,Male,43.0,Ahmedabad,2023-12-11,,3804.91,3.0,UK
,Simran,Female,43.0,Chennai,,,1579.25,3.0,USA
1421,Ankit,male,43.0,Pune,2025-04-08,,1661.44,-1.0,India
C1422,Simran,nan,-5.0,Mumbai,,,-999.0,3.0,UK
,Ankit,male,-5.0,Pune,2022-06-29,,-999.0,3.0,Canada
,Simran,F,-5.0,Ahmedabad,2024-02-17,,-999.0,3.0,Australia
C1425,Ravi,Female,31.0,Bangalore,2022-04-19,,2848.1,3.0,Australia
1426,Kiran,nan,28.0,Pune,2021-10-20,,-999.0,3.0,Canada
,Priya,Male,200.0,nan,,2022-07-09,-999.0,3.0,UK
C1428,nan,nan,-5.0,Chennai,2022-01-26,,-999.0,5.0,nan
1429,Amit,nan,43.0,Delhi,,2023-05-12,-999.0,3.0,Canada
,Ravi,nan,-5.0,Mumbai,2025-05-09,,-999.0,-1.0,India
1431,Amit,male,26.0,Hyderabad,,,-999.0,4.0,nan
1432,Priya,nan,43.0,Bangalore,,,2557.83,-1.0,USA
C1433,nan,female,-5.0,Delhi,,2021-12-10,-999.0,10.0,Australia
1434,Amit,Female,-5.0,nan,2023-08-15,,-999.0,-1.0,UK
C1435,Ankit,Male,-5.0,Pune,,,-999.0,2.0,Canada
,nan,nan,43.0,nan,,2022-02-03,-999.0,-1.0,USA
C1437,Ravi,F,43.0,Ahmedabad,,,-999.0,10.0,Canada
,Neha,nan,-5.0,Bangalore,,2023-09-05,1292.01,10.0,nan
C1439,Sneha,Male,200.0,Delhi,,2025-04-18,-999.0,10.0,nan
C1440,Priya,nan,66.0,Mumbai,2021-01-23,,-999.0,-1.0,Australia
C1441,Sneha,Male,200.0,Ahmedabad,,,-999.0,3.0,Canada
1442,Pooja,nan,67.0,Chennai,,2024-05-15,1009.04,5.0,Canada
,Priya,M,28.0,Bangalore,,,2590.05,-1.0,UK
1444,nan,female,43.0,Bangalore,2025-06-28,2021-11-12,2400.93,3.0,Canada
C1445,Ankit,nan,200.0,nan,,2023-07-21,2581.18,10.0,USA
1446,Ravi,F,-5.0,nan,2025-05-13,,-999.0,10.0,India
,Ravi,male,-5.0,Kolkata,,2025-06-07,-999.0,3.0,Australia
1448,Pooja,nan,200.0,Hyderabad,,,4617.65,-1.0,nan
1449,Rahul,male,200.0,Ahmedabad,2024-03-15,,-999.0,3.0,Canada
,nan,Male,58.0,Mumbai,,2022-01-02,-999.0,3.0,Australia
1451,Sneha,nan,43.0,Pune,,,-999.0,-1.0,UK
1452,Ankit,nan,200.0,Chennai,2024-09-29,2021-03-26,-999.0,-1.0,Australia
C1453,Neha,F,-5.0,Chennai,2025-10-28,,-999.0,2.0,Canada
C1454,Priya,nan,-5.0,Chennai,2022-05-08,,-999.0,3.0,India
C1455,Priya,female,38.0,Ahmedabad,,,-999.0,-1.0,nan
1456,Rahul,F,200.0,Kolkata,,2025-09-13,-999.0,5.0,nan
C1457,Amit,Male,18.0,Mumbai,,,-999.0,-1.0,Australia
1458,Amit,nan,26.0,Delhi,,,-999.0,-1.0,nan
,Amit,female,-5.0,Kolkata,,,-999.0,10.0,nan
1460,Amit,F,-5.0,Bangalore,2023-10-09,,3547.91,3.0,Australia
1461,Sneha,nan,36.0,Pune,,2025-07-31,-999.0,3.0,nan
,nan,nan,-5.0,Bangalore,,2025-02-27,3755.21,3.0,nan
1463,Sneha,F,43.0,nan,,2021-03-19,-999.0,-1.0,India
,Neha,F,46.0,Mumbai,2023-01-31,,3345.41,3.0,USA
1465,Sneha,Female,-5.0,Pune,2022-12-06,,-999.0,10.0,India
,Ankit,F,43.0,Delhi,,,-999.0,3.0,Australia
1467,Sneha,Female,44.0,Delhi,2025-01-03,2020-12-08,-999.0,3.0,Australia
C1468,nan,F,-5.0,Hyderabad,2024-04-22,2023-06-14,3364.93,10.0,Australia
1469,Ankit,Female,43.0,Bangalore,,,361.18,3.0,India
1470,Ankit,male,43.0,nan,2024-04-14,,-999.0,-1.0,Canada
,Ravi,Female,43.0,nan,2023-08-24,,-999.0,10.0,Canada
1472,Neha,Male,-5.0,nan,2024-04-05,,-999.0,4.0,USA
1473,Ravi,M,-5.0,Pune,2025-11-23,,-999.0,10.0,Canada
C1474,Priya,Male,21.0,Delhi,,,-999.0,3.0,India
,Amit,female,43.0,Ahmedabad,,,-999.0,3.0,Canada
,Ankit,nan,43.0,Mumbai,,,1656.03,1.0,Canada
C1477,Rahul,nan,200.0,Delhi,2022-11-22,,-999.0,10.0,nan
1478,Rahul,male,-5.0,Pune,,2021-02-22,-999.0,10.0,nan
C1479,nan,nan,27.0,Delhi,,,-999.0,10.0,Canada
,Kiran,Female,43.0,Kolkata,,,-999.0,5.0,India
1481,Sneha,Female,47.0,Pune,2025-12-02,2025-07-15,-999.0,-1.0,India
1482,Simran,male,200.0,Hyderabad,2025-01-08,,2227.2,2.0,India
,Rahul,F,200.0,Delhi,,,-999.0,-1.0,Canada
1484,Amit,female,43.0,Ahmedabad,2024-08-24,,1674.71,10.0,USA
1485,Pooja,male,43.0,Delhi,2023-02-26,2025-07-23,2361.99,-1.0,USA
1486,Amit,F,-5.0,Ahmedabad,,,-999.0,3.0,India
C1487,Kiran,M,-5.0,Mumbai,2025-04-04,2023-12-06,-999.0,3.0,Australia
,Simran,Female,43.0,Chennai,2021-04-28,2023-09-28,-999.0,3.0,India
C1489,Kiran,male,200.0,Mumbai,2022-07-02,,-999.0,2.0,India
,Pooja,Male,200.0,Chennai,,,-999.0,-1.0,Canada
1491,nan,F,67.0,nan,,,-999.0,10.0,Canada
,Amit,nan,60.0,Chennai,,,-999.0,-1.0,Australia
C1493,Priya,Male,51.0,Delhi,2022-09-20,,-999.0,10.0,UK
1494,Neha,M,43.0,Kolkata,,2025-09-04,-999.0,5.0,nan
1495,Simran,F,43.0,Kolkata,2021-02-10,,-999.0,-1.0,Canada
C1496,nan,M,200.0,Pune,2022-10-21,2021-07-01,-999.0,10.0,Canada
C1497,Kiran,Female,28.0,Ahmedabad,2024-03-05,,2758.91,10.0,Australia
1498,Sneha,Female,200.0,Hyderabad,,,-999.0,-1.0,nan
1499,Simran,female,43.0,Pune,,,3355.58,10.0,USA
,nan,Female,200.0,Mumbai,2022-06-20,,-999.0,10.0,UK
C1501,Kiran,nan,200.0,Delhi,,2023-09-27,-999.0,3.0,nan
,Kiran,nan,43.0,Bangalore,,,4588.95,-1.0,Canada
1503,Sneha,nan,200.0,Kolkata,2025-03-13,,-999.0,10.0,Australia
1504,Ravi,nan,-5.0,Pune,,2021-12-12,-999.0,-1.0,Canada
C1505,Sneha,F,200.0,Delhi,,,3103.59,10.0,Canada
1506,Amit,F,200.0,nan,,,819.25,10.0,Australia
1507,Amit,male,43.0,Bangalore,,2020-08-20,-999.0,10.0,Canada
1508,nan,male,-5.0,Pune,,2023-07-17,3050.88,1.0,India
,nan,Male,43.0,nan,2021-03-02,,3520.55,-1.0,UK
,Ravi,Female,32.0,nan,,2023-09-18,3815.42,-1.0,UK
,Priya,nan,59.0,Hyderabad,,,-999.0,3.0,USA
,Kiran,nan,43.0,Hyderabad,2021-08-17,,-999.0,-1.0,USA
,Sneha,Male,200.0,Delhi,2023-05-10,,-999.0,2.0,USA
1514,Pooja,F,43.0,Bangalore,2025-01-28,,-999.0,3.0,India
1515,Ravi,female,46.0,Ahmedabad,,,-999.0,3.0,nan
1516,Simran,Female,-5.0,Delhi,,,-999.0,3.0,USA
,Neha,F,69.0,Mumbai,,,1522.04,10.0,Canada
1518,Ravi,F,43.0,Kolkata,2025-12-04,,4228.47,-1.0,Australia
1519,nan,Male,200.0,Chennai,,2025-07-05,-999.0,-1.0,UK
C1520,Sneha,Male,200.0,Mumbai,2024-09-09,2025-02-25,2718.48,2.0,Australia
1521,Simran,female,43.0,nan,,,822.32,-1.0,USA
C1522,Pooja,nan,49.0,nan,,,-999.0,10.0,nan
,Amit,nan,-5.0,Pune,,2023-12-24,-999.0,4.0,USA
,Neha,nan,43.0,Mumbai,,2022-05-05,-999.0,3.0,USA
C1525,Neha,male,43.0,Kolkata,,2025-05-07,4498.97,3.0,USA
C1526,Kiran,Female,33.0,Hyderabad,,,-999.0,-1.0,nan
C1527,Amit,female,200.0,Hyderabad,2020-08-25,,-999.0,3.0,India
1528,Kiran,male,200.0,Kolkata,2025-11-11,,-999.0,10.0,USA
1529,Amit,female,200.0,Pune,2023-04-22,,489.07,10.0,nan
1530,Sneha,M,-5.0,Hyderabad,2020-12-20,2025-10-14,-999.0,10.0,Canada
1531,Priya,M,18.0,Ahmedabad,2021-05-02,,-999.0,-1.0,Australia
,nan,male,27.0,Chennai,,,-999.0,3.0,USA
1533,Rahul,male,46.0,Ahmedabad,,2025-01-13,-999.0,-1.0,Canada
C1534,Sneha,nan,43.0,nan,,,2544.56,2.0,Australia
1535,Priya,F,200.0,Kolkata,2023-01-12,,-999.0,-1.0,Australia
C1536,Priya,Male,200.0,Bangalore,,,4284.68,10.0,nan
C1537,Simran,M,200.0,nan,2025-12-02,2024-06-18,-999.0,3.0,nan
1538,Sneha,F,200.0,nan,2025-11-15,,-999.0,4.0,India
1539,nan,M,200.0,Pune,,,-999.0,3.0,Canada
,Simran,M,200.0,Chennai,2024-05-04,,-999.0,-1.0,USA
,Amit,nan,43.0,Mumbai,,2025-05-09,2860.21,10.0,Canada
1542,Simran,male,66.0,nan,2024-12-01,2024-07-01,3922.5,2.0,Australia
C1543,Amit,F,43.0,Kolkata,,,-999.0,10.0,nan
C1544,nan,nan,43.0,Chennai,2023-04-01,,-999.0,3.0,India
1545,Sneha,Female,200.0,nan,,,-999.0,10.0,nan
C1546,Pooja,nan,200.0,Ahmedabad,,,-999.0,3.0,nan
C1547,Pooja,Male,200.0,Hyderabad,,2020-08-19,-999.0,10.0,Canada
1548,Amit,Male,-5.0,Delhi,2021-02-15,,-999.0,4.0,India
1549,Simran,nan,200.0,Kolkata,2023-02-07,,-999.0,3.0,Australia
,Kiran,female,200.0,Chennai,2023-10-03,,-999.0,2.0,India
,Rahul,nan,43.0,Ahmedabad,2021-11-05,2025-02-02,-999.0,3.0,Australia
1552,Ankit,Male,43.0,Bangalore,,,-999.0,4.0,India
,nan,F,63.0,Mumbai,2020-08-24,,-999.0,-1.0,Canada
,nan,Female,200.0,Mumbai,,2021-05-19,-999.0,10.0,Australia
1555,Neha,nan,-5.0,Pune,,,-999.0,1.0,UK
1556,Ravi,F,43.0,Pune,2025-09-19,,-999.0,3.0,UK
1557,Ravi,M,37.0,Ahmedabad,,,1971.61,3.0,Australia
1558,Priya,F,200.0,Delhi,2022-05-02,,1308.52,3.0,USA
1559,Rahul,M,-5.0,Kolkata,2023-05-03,,-999.0,3.0,Australia
,Ravi,Male,200.0,Bangalore,,,4843.62,-1.0,USA
,Simran,female,29.0,Ahmedabad,,,-999.0,3.0,Canada
,nan,female,-5.0,Ahmedabad,2021-09-25,2024-07-15,-999.0,-1.0,nan
1563,Kiran,male,25.0,Kolkata,2023-06-29,,-999.0,-1.0,Canada
1564,Priya,F,59.0,Pune,2022-03-05,2022-10-22,-999.0,3.0,India
1565,Pooja,M,-5.0,Kolkata,,,3177.39,-1.0,Canada
,Neha,female,49.0,Chennai,2020-11-07,,-999.0,5.0,Canada
1567,Rahul,Female,43.0,Ahmedabad,2024-07-31,,2572.0,10.0,India
,Sneha,F,200.0,nan,2025-04-23,,-999.0,-1.0,USA
1569,Amit,nan,200.0,Hyderabad,2022-12-10,,-999.0,3.0,nan
C1570,nan,nan,43.0,Mumbai,,2021-12-11,-999.0,10.0,nan
1571,Priya,female,-5.0,Delhi,,,4280.2,3.0,Australia
1572,Rahul,Female,43.0,Bangalore,2026-01-24,2024-06-18,3537.21,5.0,UK
1573,Simran,nan,43.0,Bangalore,,,-999.0,-1.0,USA
,Amit,female,43.0,Bangalore,,,-999.0,10.0,India
1575,Rahul,male,200.0,Kolkata,,2025-02-05,-999.0,-1.0,UK
,Sneha,nan,200.0,Hyderabad,2022-10-18,,-999.0,-1.0,Canada
,Amit,Male,43.0,Kolkata,2022-07-20,,-999.0,-1.0,Australia
1578,Ravi,nan,43.0,Pune,2025-02-07,,-999.0,-1.0,India
1579,Pooja,Male,200.0,Mumbai,2023-06-13,,-999.0,-1.0,UK
,Rahul,F,43.0,Delhi,2023-02-06,,2023.5,1.0,Canada
1581,Amit,female,-5.0,Bangalore,2025-04-10,,-999.0,3.0,USA
C1582,Ravi,Male,43.0,Bangalore,,,-999.0,10.0,India
1583,Kiran,M,43.0,Delhi,2021-05-06,2023-07-09,-999.0,1.0,Australia
C1584,Kiran,Female,200.0,Kolkata,,,384.31,10.0,nan
1585,Kiran,Male,-5.0,Ahmedabad,2023-04-24,,-999.0,3.0,India
,Ankit,female,200.0,Hyderabad,,,3102.19,1.0,India
,Rahul,M,-5.0,Chennai,2025-05-19,,-999.0,3.0,nan
1588,Priya,Male,43.0,Pune,2023-03-24,,-999.0,3.0,Australia
,Priya,F,200.0,Ahmedabad,2021-12-29,,-999.0,1.0,India
1590,Amit,male,43.0,nan,,,-999.0,-1.0,Canada
1591,Ankit,male,-5.0,Ahmedabad,2023-09-21,,-999.0,3.0,nan
C1592,Ankit,M,200.0,nan,2021-08-29,2024-03-30,3551.22,3.0,Australia
1593,Ravi,nan,43.0,Kolkata,2023-09-23,,-999.0,10.0,UK
1594,Amit,Female,-5.0,Hyderabad,,2020-09-14,3813.25,10.0,UK
,Amit,male,52.0,Bangalore,2022-06-05,,-999.0,-1.0,Canada
1596,Simran,M,45.0,Chennai,,,-999.0,-1.0,Australia
1597,Priya,nan,43.0,Bangalore,2021-09-14,,2337.08,10.0,nan
,Amit,Female,-5.0,Ahmedabad,,,-999.0,3.0,Canada
1599,Sneha,nan,64.0,Delhi,,,668.65,3.0,USA
1600,Pooja,male,39.0,Ahmedabad,,,-999.0,1.0,UK
,Pooja,Male,43.0,Bangalore,,,-999.0,3.0,Canada
,nan,nan,39.0,Pune,,,-999.0,3.0,Australia
1603,Pooja,M,200.0,Pune,2025-07-20,,-999.0,4.0,nan
,Simran,male,43.0,Mumbai,,,-999.0,3.0,Australia
1605,nan,Male,-5.0,Delhi,2024-11-09,,-999.0,4.0,Australia
C1606,Ravi,female,-5.0,Pune,,2022-09-06,166.8,10.0,nan
C1607,Priya,nan,43.0,Hyderabad,2022-12-05,,-999.0,10.0,UK
1608,Ravi,nan,-5.0,Hyderabad,,,-999.0,3.0,USA
1609,Amit,nan,200.0,Hyderabad,,,565.21,1.0,nan
1610,Sneha,M,-5.0,Mumbai,,,-999.0,-1.0,UK
C1611,Kiran,female,38.0,Ahmedabad,2021-01-22,,-999.0,10.0,USA
1612,Sneha,nan,-5.0,Mumbai,2022-11-08,,2181.5,3.0,nan
C1613,Neha,male,200.0,Delhi,,2021-11-30,-999.0,-1.0,USA
1614,Ankit,F,200.0,Bangalore,,,-999.0,10.0,Australia
1615,nan,female,50.0,Hyderabad,,,4779.47,-1.0,USA
1616,Neha,nan,200.0,Chennai,2022-06-04,,-999.0,10.0,Australia
C1617,Rahul,Female,-5.0,Delhi,2022-06-03,2022-01-17,-999.0,10.0,Australia
1618,Rahul,F,43.0,Delhi,,2020-12-18,-999.0,-1.0,India
C1619,Simran,male,-5.0,nan,,2023-09-07,-999.0,-1.0,USA
1620,Rahul,M,49.0,Delhi,2025-05-07,,-999.0,3.0,Australia
1621,Ravi,male,-5.0,Hyderabad,,,-999.0,5.0,nan
1622,Sneha,nan,-5.0,Delhi,2022-04-15,2021-04-16,-999.0,-1.0,USA
,Kiran,female,25.0,Chennai,2023-07-15,,-999.0,10.0,USA
C1624,Ankit,Male,-5.0,Chennai,,2025-05-11,-999.0,3.0,India
1625,Amit,M,43.0,Kolkata,,,-999.0,3.0,USA
C1626,Ravi,M,200.0,Hyderabad,,2024-08-25,-999.0,-1.0,nan
,nan,Male,30.0,Pune,2024-06-17,,919.67,3.0,nan
1628,Neha,Male,200.0,Kolkata,,,1863.48,-1.0,nan
C1629,Ravi,nan,60.0,Mumbai,2023-04-10,,-999.0,5.0,Australia
C1630,Pooja,F,43.0,Bangalore,,,3184.0,10.0,Australia
1631,Pooja,male,37.0,Ahmedabad,,,-999.0,3.0,nan
,Ankit,nan,43.0,Mumbai,2023-01-17,2021-07-07,-999.0,4.0,UK
C1633,Rahul,male,200.0,Mumbai,,,1035.16,3.0,USA
C1634,Ankit,Male,200.0,nan,,,-999.0,10.0,USA
C1635,Amit,Male,43.0,Chennai,2022-04-16,,-999.0,-1.0,nan
C1636,Pooja,nan,-5.0,Bangalore,,,1770.09,3.0,Canada
1637,Rahul,Male,-5.0,Ahmedabad,2022-02-08,,1948.68,10.0,USA
1638,Ravi,male,200.0,Bangalore,2023-04-28,,-999.0,10.0,nan
1639,Pooja,nan,200.0,Pune,,,-999.0,4.0,nan
1640,Amit,nan,64.0,Chennai,2020-12-08,,-999.0,3.0,India
1641,Ravi,F,43.0,Chennai,2021-01-30,2025-01-24,-999.0,5.0,UK
C1642,Ankit,nan,43.0,Ahmedabad,,2024-11-30,-999.0,3.0,Canada
,Ankit,male,-5.0,Delhi,,,-999.0,3.0,USA
C1644,Ravi,M,-5.0,Bangalore,,2022-03-27,-999.0,-1.0,India
1645,Kiran,Female,43.0,Bangalore,2021-11-22,,-999.0,10.0,Australia
C1646,Simran,M,43.0,Bangalore,2020-11-22,,-999.0,10.0,nan
1647,Sneha,nan,43.0,nan,,,-999.0,10.0,India
1648,Priya,male,-5.0,Pune,,2025-01-04,-999.0,-1.0,India
1649,Priya,nan,43.0,Ahmedabad,2023-01-11,2022-10-24,-999.0,-1.0,nan
1650,Pooja,Male,-5.0,Hyderabad,,2024-06-26,-999.0,-1.0,nan
C1651,Amit,F,43.0,Hyderabad,,,-999.0,10.0,nan
1652,Priya,F,43.0,Pune,2020-12-20,,-999.0,-1.0,India
1653,Pooja,F,200.0,Mumbai,2023-09-13,,-999.0,-1.0,UK
1654,Ankit,male,200.0,Kolkata,,2025-04-20,-999.0,3.0,nan
C1655,Kiran,female,-5.0,Pune,2022-04-24,,-999.0,3.0,Australia
1656,Priya,Female,43.0,nan,2022-11-26,2021-11-17,655.97,1.0,India
1657,Priya,female,43.0,Bangalore,2023-12-26,,-999.0,-1.0,Canada
C1658,Sneha,nan,64.0,Kolkata,2020-09-21,,-999.0,-1.0,nan
,nan,male,43.0,Delhi,,,-999.0,10.0,Canada
C1660,Pooja,nan,-5.0,Ahmedabad,,,2571.35,3.0,UK
C1661,Simran,Male,43.0,Kolkata,,,4677.88,10.0,USA
1662,Ankit,male,200.0,Chennai,,2020-09-12,-999.0,10.0,Australia
,Ankit,M,-5.0,Delhi,,,-999.0,-1.0,Canada
C1664,Pooja,F,43.0,Mumbai,2025-07-02,2023-11-23,-999.0,1.0,Canada
1665,nan,Female,43.0,Hyderabad,2021-04-01,2023-01-05,-999.0,3.0,USA
1666,Amit,F,43.0,Bangalore,2021-03-05,2022-01-29,-999.0,-1.0,Australia
,Priya,female,-5.0,Pune,,,-999.0,-1.0,USA
1668,Rahul,M,39.0,Ahmedabad,,,-999.0,2.0,nan
1669,Amit,male,-5.0,Chennai,,2022-06-08,-999.0,-1.0,USA
1670,Neha,nan,30.0,Chennai,,,-999.0,3.0,Australia
,Simran,M,54.0,Chennai,2025-07-23,,-999.0,10.0,Canada
1672,Kiran,nan,200.0,Mumbai,,2024-11-08,-999.0,10.0,UK
1673,nan,male,28.0,nan,2025-08-17,,-999.0,10.0,Australia
1674,Kiran,Male,43.0,Pune,,,-999.0,3.0,nan
1675,Priya,nan,51.0,nan,2022-08-24,,-999.0,10.0,Canada
C1676,Ravi,female,200.0,Mumbai,2023-06-17,,-999.0,10.0,UK
1677,Ravi,Male,-5.0,nan,,,-999.0,10.0,nan
C1678,Sneha,Male,43.0,Pune,,2022-11-22,-999.0,1.0,nan
1679,Rahul,Male,200.0,nan,,2024-02-11,-999.0,-1.0,nan
1680,Ankit,Female,-5.0,Kolkata,2022-11-15,,-999.0,10.0,India
1681,Kiran,female,-5.0,Mumbai,,2022-06-03,-999.0,-1.0,UK
1682,Ravi,F,200.0,Chennai,2024-11-04,2023-12-03,3668.74,-1.0,nan
1683,Simran,Female,47.0,Bangalore,2025-03-30,2026-01-24,-999.0,10.0,nan
C1684,Pooja,nan,43.0,Kolkata,,,-999.0,-1.0,Australia
1685,Rahul,Female,43.0,Kolkata,,,-999.0,1.0,USA
C1686,nan,F,43.0,Pune,2024-08-25,,-999.0,5.0,USA
C1687,nan,F,200.0,Delhi,,,-999.0,1.0,India
1688,nan,Female,-5.0,Mumbai,,2022-11-30,-999.0,-1.0,Canada
1689,Pooja,Male,200.0,Pune,2025-03-28,,4981.4,3.0,Australia
1690,nan,Female,200.0,Hyderabad,2024-01-20,,-999.0,10.0,nan
C1691,nan,Male,43.0,Chennai,,,-999.0,3.0,nan
C1692,nan,male,43.0,nan,,,-999.0,3.0,Australia
1693,Kiran,nan,38.0,Pune,2020-09-28,,-999.0,4.0,India
1694,Simran,F,43.0,Ahmedabad,,,-999.0,3.0,USA
,Ankit,female,200.0,Mumbai,,,-999.0,3.0,nan
1696,nan,M,-5.0,Mumbai,2025-02-22,,-999.0,3.0,India
1697,Amit,male,63.0,Mumbai,2023-01-04,,105.85,-1.0,Canada
C1698,Ankit,Male,200.0,Hyderabad,,,-999.0,10.0,India
C1699,nan,nan,-5.0,Mumbai,2025-09-27,,-999.0,-1.0,UK
C1700,Rahul,F,200.0,Kolkata,2024-07-26,,-999.0,-1.0,Canada
1701,Neha,male,200.0,Delhi,2022-03-22,2023-07-14,59.01,5.0,Canada
1702,Rahul,M,70.0,Bangalore,,2024-11-29,-999.0,3.0,Australia
1703,nan,F,43.0,nan,,2021-07-30,-999.0,3.0,Australia
,Pooja,Male,-5.0,Hyderabad,2020-12-05,,-999.0,-1.0,UK
1705,nan,F,-5.0,nan,,,2054.39,-1.0,India
,Simran,Female,200.0,nan,2022-09-18,,-999.0,-1.0,UK
1707,Sneha,F,-5.0,nan,2024-12-18,,-999.0,4.0,USA
1708,Ravi,Male,-5.0,Bangalore,2025-02-20,,-999.0,5.0,Australia
1709,Rahul,F,200.0,Kolkata,2022-03-10,,-999.0,-1.0,Canada
,Ravi,male,43.0,Mumbai,2024-08-04,,-999.0,10.0,Canada
,nan,F,43.0,Pune,,,-999.0,3.0,UK
C1712,Amit,nan,-5.0,Hyderabad,,,-999.0,3.0,nan
C1713,nan,Female,31.0,Hyderabad,2022-10-14,,-999.0,-1.0,India
1714,Amit,Male,43.0,Mumbai,,,-999.0,10.0,nan
C1715,Pooja,male,43.0,Kolkata,,,1153.98,-1.0,Australia
1716,nan,F,50.0,Mumbai,2025-04-05,,-999.0,4.0,Canada
C1717,Priya,M,200.0,Hyderabad,2023-10-20,2023-08-20,784.33,-1.0,Australia
,Kiran,Male,-5.0,Bangalore,,,-999.0,1.0,UK
1719,Sneha,Male,43.0,Delhi,2023-05-04,,-999.0,-1.0,Australia
C1720,Rahul,nan,43.0,Bangalore,2023-04-11,,2974.24,3.0,USA
1721,Amit,Female,43.0,Pune,,2023-09-25,-999.0,5.0,UK
1722,Ankit,female,200.0,Ahmedabad,2021-08-01,2025-04-11,241.44,-1.0,USA
C1723,nan,male,-5.0,Hyderabad,,,-999.0,10.0,USA
,Ravi,Male,24.0,Chennai,2025-03-23,,-999.0,-1.0,Canada
,nan,M,200.0,Mumbai,,,-999.0,3.0,Australia
C1726,Kiran,nan,-5.0,Kolkata,2024-05-05,,-999.0,3.0,Australia
1727,Neha,male,200.0,Chennai,2025-08-05,,2082.7,10.0,USA
1728,Simran,nan,200.0,Mumbai,,2020-12-13,-999.0,10.0,Canada
C1729,nan,nan,200.0,Mumbai,,,-999.0,-1.0,nan
,Simran,female,200.0,Mumbai,,,-999.0,-1.0,nan
,Ankit,nan,43.0,nan,2023-11-19,,4425.36,2.0,Australia
1732,nan,nan,57.0,Ahmedabad,2021-09-11,,-999.0,3.0,USA
,nan,male,-5.0,Hyderabad,,2024-08-05,-999.0,3.0,Australia
C1734,Kiran,M,43.0,Mumbai,,,-999.0,-1.0,India
,nan,nan,200.0,Mumbai,,,-999.0,10.0,UK
1736,nan,F,200.0,Kolkata,,,-999.0,3.0,Australia
,Ravi,M,-5.0,Mumbai,,2024-11-10,-999.0,10.0,Australia
1738,Amit,Female,200.0,Kolkata,,2021-02-08,-999.0,3.0,nan
,Sneha,male,43.0,Kolkata,2025-07-01,2021-08-11,-999.0,2.0,USA
,Priya,Male,25.0,Chennai,2022-12-02,,-999.0,10.0,India
1741,Kiran,nan,45.0,Hyderabad,,,1071.94,-1.0,nan
C1742,Sneha,Male,52.0,Kolkata,,2022-08-19,-999.0,-1.0,Canada
1743,Sneha,F,200.0,Hyderabad,,,-999.0,-1.0,nan
,nan,nan,200.0,Bangalore,2021-01-16,2026-01-09,-999.0,-1.0,Canada
1745,nan,nan,200.0,Delhi,,,-999.0,1.0,USA
1746,Pooja,M,50.0,nan,2021-01-07,,-999.0,1.0,Australia
,Pooja,F,200.0,Ahmedabad,2021-09-03,2025-01-16,-999.0,5.0,Canada
1748,Priya,nan,200.0,Ahmedabad,2023-07-27,,-999.0,-1.0,nan
C1749,Pooja,F,56.0,Ahmedabad,,,852.08,-1.0,UK
,Rahul,female,200.0,Delhi,2025-10-18,,-999.0,-1.0,Australia
,Ankit,female,43.0,Delhi,2025-12-07,2024-09-02,-999.0,10.0,nan
C1752,Kiran,nan,43.0,Pune,2023-07-24,,-999.0,-1.0,India
,Ankit,F,31.0,Pune,,,-999.0,5.0,UK
1754,Pooja,male,43.0,Mumbai,2022-03-11,2025-08-19,-999.0,3.0,India
1755,Pooja,Male,43.0,nan,,,-999.0,10.0,Canada
1756,Neha,female,200.0,Delhi,2022-08-18,2025-02-01,-999.0,10.0,India
1757,Pooja,Female,200.0,Chennai,2023-10-09,,3263.81,3.0,India
1758,Amit,nan,27.0,Hyderabad,2025-02-18,,-999.0,1.0,India
C1759,nan,female,27.0,Bangalore,2023-06-09,2022-07-27,-999.0,5.0,nan
,Ravi,nan,-5.0,nan,,2022-10-16,-999.0,1.0,nan
1761,Ankit,male,43.0,Ahmedabad,2024-05-28,,-999.0,3.0,USA
1762,Priya,nan,-5.0,Hyderabad,,,-999.0,10.0,nan
1763,Ankit,M,-5.0,Delhi,,,341.95,1.0,Canada
,Pooja,nan,43.0,nan,,,905.33,3.0,Australia
1765,Ravi,female,37.0,Delhi,2021-06-13,2021-03-23,-999.0,10.0,USA
1766,Ankit,nan,200.0,Chennai,2024-10-10,,-999.0,-1.0,USA
,nan,M,-5.0,Mumbai,,,-999.0,10.0,Canada
1768,nan,M,64.0,nan,,2020-08-20,-999.0,10.0,Australia
1769,Priya,nan,200.0,Mumbai,2025-11-21,,-999.0,4.0,Canada
1770,Priya,nan,200.0,Chennai,,2021-08-01,-999.0,10.0,USA
1771,Priya,nan,-5.0,Mumbai,2021-11-19,,-999.0,4.0,USA
1772,Ravi,nan,22.0,Chennai,2022-12-22,,-999.0,10.0,nan
1773,nan,F,200.0,Delhi,,,-999.0,5.0,Australia
1774,nan,nan,24.0,Ahmedabad,,,-999.0,-1.0,India
C1775,Simran,nan,50.0,Pune,,,-999.0,10.0,Australia
C1776,nan,F,-5.0,Ahmedabad,,,-999.0,-1.0,UK
1777,Sneha,male,31.0,Pune,2025-01-23,,-999.0,3.0,UK
1778,Pooja,male,43.0,Pune,,2023-05-27,-999.0,3.0,India
1779,Rahul,F,43.0,Delhi,,2026-01-16,-999.0,10.0,Canada
1780,Kiran,female,43.0,Chennai,2025-09-22,,1614.83,3.0,India
1781,Neha,female,-5.0,Delhi,2025-05-17,,366.96,-1.0,India
1782,Amit,female,-5.0,nan,,,1379.38,-1.0,Australia
1783,Sneha,nan,62.0,Pune,,,2502.03,2.0,India
,Pooja,female,20.0,Chennai,,,-999.0,3.0,UK
C1785,nan,Male,200.0,Hyderabad,,,-999.0,3.0,Canada
1786,Kiran,Male,43.0,Bangalore,2021-06-14,,-999.0,3.0,Australia
,Simran,nan,43.0,Pune,2025-01-28,2023-05-04,-999.0,-1.0,Australia
1788,Rahul,female,200.0,Ahmedabad,,2025-05-30,1334.98,10.0,Canada
C1789,Simran,nan,31.0,Ahmedabad,2020-11-06,,-999.0,10.0,India
1790,Priya,male,-5.0,Bangalore,,2023-04-28,4961.64,-1.0,nan
C1791,nan,M,-5.0,Hyderabad,,,-999.0,5.0,USA
,Rahul,nan,29.0,Delhi,,,-999.0,3.0,Canada
1793,Rahul,nan,200.0,Pune,2021-08-26,2025-04-30,3552.5,3.0,UK
1794,Amit,male,43.0,Delhi,,2022-04-10,-999.0,-1.0,nan
C1795,Sneha,nan,42.0,nan,2020-10-17,,-999.0,10.0,Australia
,nan,nan,200.0,Bangalore,,2022-01-06,176.73,2.0,nan
,nan,M,43.0,Delhi,,,-999.0,3.0,India
,Ravi,Female,43.0,Bangalore,,,-999.0,-1.0,UK
1799,Sneha,F,-5.0,Mumbai,,,-999.0,-1.0,Canada
1800,Simran,male,-5.0,Delhi,,,-999.0,3.0,Australia
1801,Amit,M,200.0,Mumbai,2023-04-13,,-999.0,-1.0,USA
,Priya,M,53.0,Delhi,,,2390.24,-1.0,Australia
C1803,nan,Female,200.0,Pune,,,-999.0,10.0,India
1804,Simran,female,43.0,Mumbai,2023-07-28,2020-10-07,-999.0,10.0,nan
1805,nan,nan,43.0,Hyderabad,,2025-01-21,-999.0,-1.0,UK
C1806,nan,M,-5.0,Kolkata,2021-11-24,2024-11-16,1060.59,4.0,India
,Priya,male,-5.0,nan,,2023-01-04,-999.0,10.0,USA
1808,Rahul,nan,-5.0,Bangalore,,,-999.0,10.0,India
1809,Simran,nan,27.0,Kolkata,2020-11-09,,-999.0,3.0,nan
1810,nan,nan,57.0,nan,2024-06-21,,-999.0,3.0,Australia
1811,Rahul,female,200.0,Pune,,2021-07-30,-999.0,3.0,USA
C1812,Kiran,male,68.0,nan,,2022-07-28,3429.91,-1.0,nan
,Simran,female,200.0,Mumbai,,2023-05-21,-999.0,2.0,nan
C1814,Rahul,M,34.0,nan,,2022-07-05,4927.32,-1.0,Australia
C1815,Simran,male,-5.0,nan,2024-03-18,,-999.0,10.0,Australia
1816,Ravi,nan,-5.0,nan,,2021-12-06,-999.0,-1.0,Australia
,Rahul,Male,200.0,Chennai,2025-06-15,,-999.0,3.0,UK
,Priya,F,43.0,Mumbai,2023-10-03,,-999.0,3.0,USA
,Priya,female,-5.0,Hyderabad,2024-11-29,,-999.0,3.0,nan
,Kiran,M,47.0,Hyderabad,,,-999.0,-1.0,Australia
,Ravi,male,-5.0,nan,,,-999.0,10.0,USA
1822,Pooja,female,53.0,Ahmedabad,2022-09-14,2021-08-06,-999.0,-1.0,Canada
1823,Priya,Male,-5.0,Pune,,,-999.0,2.0,Australia
1824,Ankit,female,200.0,Hyderabad,,2023-08-28,-999.0,5.0,UK
C1825,Ravi,female,43.0,Hyderabad,,,-999.0,10.0,USA
1826,Rahul,nan,43.0,Hyderabad,,2021-12-31,-999.0,3.0,nan
1827,Pooja,male,-5.0,Pune,,2024-04-21,-999.0,10.0,UK
,Rahul,male,-5.0,Delhi,2024-04-26,,1154.03,-1.0,UK
,Neha,nan,-5.0,Kolkata,2022-01-28,2020-09-15,-999.0,-1.0,USA
C1830,Rahul,Female,65.0,Kolkata,2021-10-12,2024-04-20,-999.0,5.0,USA
,Sneha,F,43.0,Kolkata,2024-09-17,,-999.0,10.0,USA
1832,Priya,Male,65.0,Kolkata,2023-09-05,2021-04-03,-999.0,3.0,UK
,nan,F,-5.0,Pune,,,-999.0,-1.0,UK
1834,Ravi,nan,200.0,Chennai,2023-08-22,,2854.71,3.0,USA
1835,Sneha,male,63.0,Ahmedabad,2023-03-20,,-999.0,-1.0,Australia
1836,Simran,nan,200.0,Bangalore,2023-10-24,2022-01-16,-999.0,3.0,India
1837,Ankit,male,200.0,Pune,,2025-03-08,-999.0,10.0,UK
1838,Priya,M,43.0,Hyderabad,,2025-06-24,-999.0,-1.0,Canada
1839,Amit,M,-5.0,Mumbai,2022-06-01,2020-09-09,-999.0,1.0,UK
1840,Priya,M,37.0,Kolkata,,,-999.0,3.0,India
C1841,nan,Female,43.0,nan,2023-05-25,,1288.03,3.0,India
1842,Kiran,F,200.0,Chennai,,2022-06-13,-999.0,3.0,USA
C1843,Simran,male,55.0,Pune,2023-10-29,2023-11-14,4511.48,3.0,nan
1844,nan,Male,43.0,Mumbai,2023-05-24,,-999.0,3.0,nan
,Rahul,male,200.0,Mumbai,,2024-01-05,-999.0,2.0,India
1846,Neha,Female,-5.0,Mumbai,,,-999.0,3.0,Australia
1847,nan,female,43.0,Kolkata,,,-999.0,-1.0,USA
,Neha,male,42.0,Pune,,,3584.87,3.0,Australia
C1849,Rahul,male,-5.0,Ahmedabad,,,-999.0,-1.0,Australia
,Amit,male,200.0,Kolkata,,,3791.91,3.0,Canada
C1851,Amit,M,43.0,Chennai,2024-09-24,,-999.0,3.0,nan
1852,Sneha,female,200.0,Delhi,,,-999.0,-1.0,India
,nan,Female,43.0,Ahmedabad,2024-07-15,,-999.0,10.0,India
,Priya,F,38.0,Ahmedabad,,2022-03-04,2857.5,-1.0,Canada
,Pooja,M,18.0,Ahmedabad,2022-08-14,,-999.0,3.0,Canada
C1856,Priya,female,42.0,Chennai,,,-999.0,3.0,USA
C1857,Priya,female,200.0,Mumbai,2022-09-21,2021-09-27,4251.03,10.0,Canada
,Pooja,nan,-5.0,Bangalore,2024-05-28,,-999.0,10.0,nan
C1859,nan,M,43.0,Bangalore,,,3572.99,10.0,USA
C1860,Neha,F,200.0,Kolkata,2023-11-09,,-999.0,-1.0,Canada
C1861,Sneha,Male,34.0,Kolkata,,,2268.38,2.0,UK
C1862,nan,Female,200.0,Mumbai,2024-11-01,,1524.68,10.0,India
1863,Neha,Male,200.0,Pune,,,3591.74,10.0,UK
C1864,Priya,M,200.0,Ahmedabad,2021-01-30,,-999.0,-1.0,Canada
1865,Neha,Female,60.0,Pune,,,2437.83,-1.0,India
,Neha,M,-5.0,Hyderabad,,,-999.0,3.0,nan
1867,Pooja,nan,43.0,Hyderabad,,2023-05-24,-999.0,10.0,UK
1868,Priya,nan,-5.0,Delhi,2022-07-09,2024-09-12,-999.0,3.0,USA
1869,Kiran,Male,43.0,Bangalore,2022-11-26,,-999.0,-1.0,UK
1870,Simran,nan,-5.0,Bangalore,,2025-05-26,1632.94,5.0,nan
,Kiran,female,43.0,Hyderabad,2022-03-23,,499.06,-1.0,Canada
C1872,Kiran,Female,38.0,Mumbai,2024-04-16,,-999.0,3.0,nan
1873,Rahul,nan,43.0,nan,2021-10-23,,-999.0,-1.0,nan
C1874,Neha,female,-5.0,Hyderabad,2022-03-14,,-999.0,3.0,UK
,Priya,nan,200.0,Delhi,2022-10-21,,2841.53,-1.0,Canada
C1876,Pooja,female,43.0,Kolkata,2022-09-08,,-999.0,3.0,India
1877,nan,Male,-5.0,Bangalore,,,-999.0,3.0,Australia
1878,nan,Female,43.0,Mumbai,,2025-11-02,-999.0,-1.0,Australia
C1879,Kiran,nan,43.0,Kolkata,,,517.56,3.0,nan
,Simran,Male,42.0,nan,2023-05-14,,-999.0,10.0,USA
1881,nan,nan,200.0,Pune,,2024-12-29,4563.97,-1.0,Canada
,Ankit,M,43.0,Pune,,,3179.91,1.0,Australia
C1883,Sneha,Female,43.0,Delhi,,,2367.26,4.0,Australia
,Simran,nan,50.0,Pune,2025-09-15,,2802.31,-1.0,India
1885,Amit,M,43.0,nan,,,901.97,-1.0,Canada
,Ravi,nan,64.0,Delhi,,,-999.0,10.0,Australia
1887,Pooja,Female,200.0,Chennai,2022-11-13,2025-08-17,-999.0,3.0,USA
,Sneha,M,41.0,Ahmedabad,,,2439.83,3.0,India
1889,Simran,Female,200.0,Hyderabad,,,-999.0,2.0,Australia
C1890,nan,male,43.0,Mumbai,,,-999.0,10.0,Canada
C1891,Pooja,Male,200.0,Chennai,2025-10-12,,4282.69,10.0,India
C1892,Ravi,nan,44.0,Delhi,,,-999.0,3.0,Canada
,Neha,nan,200.0,Hyderabad,2021-05-19,,-999.0,3.0,nan
C1894,nan,female,200.0,Chennai,,2021-03-17,-999.0,3.0,India
1895,Simran,nan,-5.0,Ahmedabad,2025-08-12,,4865.71,5.0,India
C1896,Ravi,Female,43.0,nan,,2024-12-04,2842.84,3.0,Australia
1897,Ravi,male,-5.0,Mumbai,2023-12-04,,-999.0,3.0,India
,nan,Female,43.0,Delhi,,2021-02-13,-999.0,-1.0,nan
,Ravi,F,43.0,Kolkata,,,-999.0,10.0,nan
C1900,nan,Male,52.0,Pune,2021-03-22,2022-01-18,1478.98,3.0,Canada
1901,Priya,F,43.0,nan,,,4639.37,5.0,UK
C1902,Amit,nan,-5.0,Mumbai,,2025-02-07,-999.0,10.0,nan
1903,Ankit,M,42.0,Pune,,2022-07-26,-999.0,3.0,USA
,nan,male,59.0,Pune,2025-03-30,2023-12-27,-999.0,-1.0,India
1905,Pooja,M,200.0,Mumbai,2023-09-29,,4497.01,3.0,Australia
C1906,Kiran,M,43.0,Delhi,2024-02-24,,2915.45,-1.0,Australia
1907,Ankit,Male,200.0,Mumbai,,2024-06-20,-999.0,-1.0,India
,nan,nan,33.0,Delhi,2025-03-29,2022-06-01,-999.0,-1.0,nan
1909,Amit,F,200.0,Delhi,2023-10-09,,-999.0,10.0,nan
1910,Neha,nan,200.0,Kolkata,2025-02-17,2021-09-26,-999.0,10.0,USA
1911,nan,Male,-5.0,Kolkata,2025-09-30,2024-08-13,3735.14,-1.0,Australia
C1912,Priya,Female,43.0,nan,,,-999.0,-1.0,Canada
1913,nan,M,-5.0,Kolkata,,2023-08-12,-999.0,4.0,USA
1914,Amit,F,-5.0,Bangalore,2025-06-13,,-999.0,-1.0,UK
1915,Sneha,Male,-5.0,Pune,2024-09-05,2020-12-22,-999.0,10.0,India
C1916,Rahul,male,-5.0,Mumbai,,,639.75,3.0,nan
1917,Amit,nan,43.0,Chennai,,,966.41,10.0,India
,Rahul,male,-5.0,Hyderabad,,,-999.0,5.0,nan
1919,nan,nan,23.0,Chennai,,2025-07-18,-999.0,3.0,USA
C1920,Pooja,F,35.0,nan,,,-999.0,-1.0,Australia
,Sneha,nan,54.0,Bangalore,,2025-09-06,-999.0,2.0,India
C1922,Neha,male,43.0,Bangalore,,,-999.0,2.0,USA
C1923,nan,M,43.0,Bangalore,,,-999.0,3.0,Canada
,nan,Female,200.0,Chennai,2025-12-08,,-999.0,10.0,Australia
C1925,nan,female,29.0,Chennai,,2025-12-20,-999.0,-1.0,Canada
,Neha,nan,-5.0,Ahmedabad,,,-999.0,3.0,Australia
C1927,Simran,Male,-5.0,Delhi,,,3081.98,4.0,Canada
1928,Amit,female,200.0,Mumbai,2021-09-11,2025-05-14,3329.44,10.0,Canada
1929,Ravi,Female,43.0,nan,,2024-09-16,-999.0,10.0,India
1930,Amit,F,200.0,Delhi,,,3554.4,10.0,nan
C1931,Sneha,Male,43.0,Chennai,2021-06-05,2022-02-18,-999.0,10.0,Australia
,Ankit,male,200.0,nan,2024-09-07,,-999.0,3.0,nan
1933,Pooja,Male,-5.0,Pune,,,-999.0,-1.0,Australia
C1934,Ankit,F,200.0,Bangalore,,2022-08-07,-999.0,3.0,nan
1935,Kiran,Female,-5.0,Kolkata,2022-05-02,,-999.0,4.0,India
1936,nan,female,200.0,Delhi,,2023-02-19,-999.0,-1.0,India
C1937,Kiran,male,200.0,nan,2021-03-19,,1122.91,3.0,USA
,Rahul,female,43.0,Hyderabad,2022-12-07,,-999.0,-1.0,Canada
,nan,Female,-5.0,nan,2020-10-16,,-999.0,5.0,nan
C1940,Ankit,Male,-5.0,Pune,,,2547.48,3.0,USA
,Ankit,female,43.0,Kolkata,,,-999.0,3.0,Canada
1942,Rahul,Male,200.0,Delhi,,,-999.0,3.0,USA
1943,Kiran,F,200.0,Bangalore,,2022-05-01,-999.0,2.0,India
C1944,nan,M,43.0,Pune,2024-11-18,,2766.36,-1.0,Canada
C1945,nan,F,43.0,Hyderabad,2022-12-06,,-999.0,10.0,UK
,Kiran,Female,-5.0,Chennai,,2023-10-13,-999.0,-1.0,India
,Neha,Male,200.0,Ahmedabad,2023-12-27,,-999.0,3.0,Australia
1948,Rahul,male,35.0,Hyderabad,,,-999.0,-1.0,Australia
C1949,Sneha,nan,200.0,Pune,,,-999.0,-1.0,nan
1950,Sneha,female,22.0,Pune,,2024-10-17,1578.16,3.0,Australia
1951,Simran,M,37.0,nan,2025-07-17,2022-01-16,-999.0,1.0,USA
,nan,nan,40.0,Chennai,2024-03-27,,-999.0,-1.0,nan
1953,Rahul,nan,200.0,Chennai,2024-08-09,2024-02-01,-999.0,5.0,UK
1954,Kiran,M,-5.0,Chennai,,2023-10-21,-999.0,-1.0,Canada
1955,Amit,female,43.0,Pune,,2023-02-20,-999.0,3.0,UK
1956,Ravi,M,30.0,Ahmedabad,2021-05-07,,-999.0,-1.0,India
,Kiran,male,22.0,Mumbai,2025-03-06,,-999.0,3.0,UK
,Kiran,Male,-5.0,Mumbai,2020-11-10,,-999.0,-1.0,India
1959,Ravi,F,-5.0,Pune,2020-12-17,,-999.0,-1.0,Australia
1960,Amit,female,43.0,Kolkata,2023-06-02,,-999.0,10.0,India
C1961,Ravi,F,-5.0,Ahmedabad,2020-11-10,,-999.0,3.0,India
,Amit,female,43.0,Kolkata,2021-10-13,2025-06-29,-999.0,5.0,UK
C1963,nan,Female,23.0,Hyderabad,2022-01-20,,-999.0,3.0,Australia
1964,Pooja,nan,43.0,nan,2022-12-08,,-999.0,10.0,Canada
1965,Sneha,Male,31.0,Mumbai,,,-999.0,3.0,Australia
1966,Priya,Female,-5.0,Delhi,,,-999.0,5.0,India
,Simran,male,43.0,Kolkata,2024-05-28,,1121.62,4.0,nan
1968,Rahul,Female,-5.0,Hyderabad,,2025-10-05,658.07,3.0,UK
1969,Pooja,female,200.0,Mumbai,,,-999.0,10.0,Canada
,Sneha,nan,-5.0,Delhi,2020-12-24,2022-06-21,-999.0,-1.0,Canada
1971,Priya,Female,43.0,Mumbai,,,-999.0,4.0,UK
1972,Ankit,Male,43.0,Mumbai,,2021-09-30,-999.0,4.0,India
1973,Ravi,nan,200.0,Delhi,,,-999.0,10.0,UK
C1974,Priya,male,200.0,Pune,,,-999.0,3.0,India
C1975,Pooja,Male,61.0,Chennai,,,-999.0,3.0,USA
C1976,nan,M,-5.0,Delhi,2022-06-28,,-999.0,10.0,Canada
1977,Simran,female,43.0,Chennai,2025-07-06,2025-10-18,-999.0,3.0,Canada
1978,Kiran,M,43.0,Delhi,,,-999.0,10.0,Canada
1979,Ankit,F,56.0,Delhi,,,-999.0,-1.0,USA
C1980,Simran,male,200.0,Mumbai,2022-05-31,2020-11-07,-999.0,3.0,Canada
,Amit,nan,-5.0,Hyderabad,2022-07-18,,2194.71,10.0,India
C1982,Kiran,F,-5.0,Bangalore,2020-09-14,2023-12-09,-999.0,10.0,nan
C1983,Kiran,nan,-5.0,Chennai,,,4223.87,-1.0,USA
1984,Priya,nan,43.0,Delhi,2023-04-19,,-999.0,10.0,UK
,Ravi,F,200.0,Chennai,,2024-08-20,-999.0,1.0,UK
1986,Ravi,nan,43.0,Hyderabad,2024-11-25,,-999.0,-1.0,Canada
,Kiran,Male,56.0,Mumbai,,,-999.0,5.0,Australia
1988,Rahul,male,47.0,Delhi,2024-03-08,,-999.0,10.0,nan
C1989,Priya,M,43.0,Ahmedabad,,,-999.0,-1.0,nan
C1990,Priya,male,-5.0,Chennai,2020-09-19,,214.82,1.0,UK
C1991,Amit,male,200.0,Pune,,2021-01-15,-999.0,-1.0,India
1992,Kiran,Female,-5.0,Mumbai,,2025-07-28,200.06,-1.0,nan
,Neha,nan,200.0,Chennai,2021-07-28,,-999.0,10.0,India
1994,nan,male,200.0,Ahmedabad,,,-999.0,2.0,nan
C1995,Simran,male,43.0,Ahmedabad,2025-10-11,,-999.0,10.0,UK
,Rahul,F,-5.0,Mumbai,2024-05-18,2024-07-19,-999.0,3.0,UK
C1997,Neha,M,-5.0,nan,2023-03-04,2025-02-04,-999.0,3.0,Australia
1998,Ravi,M,200.0,Pune,2024-02-29,,-999.0,3.0,USA
,Amit,Female,-5.0,Bangalore,2022-06-02,2024-08-21,-999.0,3.0,nan
2000,Simran,nan,43.0,Hyderabad,2021-12-03,,-999.0,-1.0,UK
2001,Neha,male,45.0,Kolkata,,2024-03-12,-999.0,10.0,nan
,Priya,nan,24.0,Mumbai,2021-10-06,2020-11-22,2782.18,10.0,USA
C2003,nan,female,-5.0,Pune,,2023-12-11,-999.0,3.0,USA
C2004,Sneha,M,70.0,Mumbai,,,-999.0,10.0,Canada
,Pooja,nan,-5.0,Bangalore,2023-08-30,,-999.0,5.0,nan
,nan,female,33.0,Bangalore,,2021-11-21,-999.0,10.0,Australia
C2007,Ravi,Male,200.0,Pune,,2022-01-19,-999.0,3.0,nan
2008,Sneha,nan,43.0,nan,2025-03-25,,-999.0,10.0,USA
C2009,Neha,M,200.0,Bangalore,2024-08-18,,-999.0,5.0,USA
2010,Ravi,female,-5.0,Kolkata,,2022-03-10,-999.0,1.0,Canada
C2011,Rahul,Female,43.0,Ahmedabad,2023-06-13,2024-02-07,-999.0,3.0,USA
2012,Ravi,F,200.0,Kolkata,,,-999.0,-1.0,nan
C2013,nan,female,200.0,Chennai,2021-02-03,2025-01-22,1317.25,10.0,Australia
C2014,nan,male,-5.0,Ahmedabad,2020-09-15,,-999.0,3.0,nan
,Simran,Female,40.0,Ahmedabad,,2021-12-23,-999.0,-1.0,India
,Ravi,nan,43.0,Chennai,,2021-09-03,-999.0,1.0,India
,Sneha,F,-5.0,Kolkata,,,-999.0,-1.0,Australia
2018,Sneha,M,200.0,Chennai,,,-999.0,-1.0,UK
C2019,Ankit,F,200.0,nan,2025-02-08,,-999.0,3.0,Australia
C2020,Simran,nan,-5.0,Hyderabad,,,-999.0,10.0,USA
2021,Kiran,nan,200.0,Delhi,,2024-07-16,-999.0,3.0,Canada
2022,Sneha,female,43.0,Chennai,2021-08-04,2020-08-16,-999.0,10.0,India
2023,Priya,Male,26.0,Ahmedabad,,,-999.0,1.0,Canada
C2024,nan,female,200.0,Ahmedabad,2021-12-18,,1266.2,-1.0,nan
2025,Ravi,F,66.0,Kolkata,,2022-08-19,-999.0,-1.0,Canada
C2026,nan,Female,43.0,nan,,2025-04-23,-999.0,-1.0,USA
2027,nan,F,-5.0,Chennai,2023-10-30,2025-06-29,-999.0,1.0,Australia
,Amit,female,200.0,Kolkata,2023-01-30,,-999.0,10.0,India
2029,Ravi,Male,-5.0,Delhi,,2021-09-29,-999.0,-1.0,Canada
2030,Simran,nan,29.0,Mumbai,2024-07-22,,-999.0,10.0,Canada
2031,Kiran,nan,49.0,Chennai,,,-999.0,3.0,Australia
,nan,nan,-5.0,Delhi,,,-999.0,1.0,nan
C2033,Pooja,male,-5.0,Delhi,,2021-06-26,-999.0,4.0,UK
2034,Pooja,Male,-5.0,Chennai,2024-09-27,2022-03-26,2938.28,-1.0,India
2035,Sneha,Female,47.0,Hyderabad,,,-999.0,3.0,USA
2036,Kiran,Female,43.0,Bangalore,,,-999.0,-1.0,Australia
2037,Ravi,Male,-5.0,Chennai,2023-06-01,,2409.02,3.0,India
,nan,nan,43.0,Bangalore,2021-06-05,2024-10-29,-999.0,2.0,India
2039,Sneha,female,-5.0,Mumbai,2022-06-13,2024-04-01,1905.16,2.0,Australia
2040,nan,Female,-5.0,Pune,2022-06-27,,1662.02,10.0,Canada
2041,nan,female,43.0,nan,,,-999.0,4.0,USA
2042,Sneha,male,-5.0,Bangalore,,,-999.0,3.0,Australia
2043,Priya,Female,200.0,Chennai,,2024-02-06,-999.0,3.0,Australia
2044,Ankit,male,43.0,nan,2021-09-11,,-999.0,10.0,Australia
2045,Priya,nan,43.0,Delhi,,,3189.57,-1.0,USA
2046,Neha,Female,43.0,Delhi,2025-10-14,,-999.0,10.0,Canada
2047,Priya,Male,43.0,Kolkata,,,-999.0,-1.0,nan
C2048,Kiran,nan,-5.0,nan,2024-02-05,,-999.0,3.0,Canada
2049,Ankit,male,-5.0,Hyderabad,2020-09-26,,-999.0,3.0,nan
2050,Ankit,M,62.0,Chennai,2022-10-30,,-999.0,-1.0,India
C2051,Simran,M,43.0,Chennai,,2021-03-31,-999.0,-1.0,Australia
2052,nan,female,34.0,Hyderabad,,2021-04-18,4193.94,-1.0,Australia
C2053,Priya,Male,-5.0,Bangalore,2023-05-02,,-999.0,3.0,Canada
,Rahul,male,-5.0,nan,,,-999.0,3.0,Australia
2055,Pooja,F,43.0,Mumbai,,,-999.0,10.0,India
,Sneha,male,200.0,Delhi,,,-999.0,5.0,India
2057,Kiran,M,43.0,Hyderabad,,,-999.0,10.0,USA
C2058,Amit,male,-5.0,Hyderabad,2024-10-13,,-999.0,3.0,nan
C2059,Kiran,nan,43.0,Ahmedabad,,,-999.0,10.0,USA
,Neha,female,43.0,Chennai,2023-05-30,2025-02-26,-999.0,2.0,USA
C2061,Neha,female,43.0,Chennai,,2022-06-29,-999.0,-1.0,nan
2062,Sneha,nan,18.0,Bangalore,,,-999.0,1.0,UK
2063,nan,F,200.0,Pune,2024-09-13,,-999.0,10.0,USA
,Amit,Female,-5.0,Hyderabad,2023-12-01,,-999.0,10.0,nan
,nan,M,200.0,nan,2024-06-26,2025-09-02,-999.0,10.0,Canada
,Priya,Male,-5.0,Ahmedabad,,,-999.0,-1.0,UK
2067,Priya,Male,63.0,Hyderabad,,2024-04-14,-999.0,-1.0,nan
2068,Sneha,male,200.0,Delhi,,2024-03-19,-999.0,10.0,India
2069,Amit,nan,-5.0,Kolkata,,,-999.0,5.0,Canada
,Kiran,M,43.0,Kolkata,2020-12-04,2023-02-24,-999.0,3.0,UK
2071,Ravi,Male,-5.0,Delhi,2023-03-26,,1825.91,5.0,nan
2072,Kiran,male,-5.0,Chennai,,2023-02-23,-999.0,-1.0,USA
2073,Kiran,Male,-5.0,Ahmedabad,2020-10-12,,3163.33,-1.0,Canada
2074,Simran,M,-5.0,Ahmedabad,2023-08-11,2023-07-21,-999.0,2.0,nan
2075,Kiran,Female,-5.0,nan,2025-12-22,2024-05-28,3803.61,-1.0,Canada
C2076,Ankit,Male,-5.0,Kolkata,,2020-10-07,1324.24,10.0,Canada
C2077,Amit,Male,59.0,Pune,,2022-08-30,-999.0,10.0,USA
2078,nan,Male,36.0,Mumbai,2025-08-09,2025-12-18,3846.42,4.0,Canada
2079,Amit,male,200.0,Hyderabad,,2022-08-28,-999.0,10.0,Canada
2080,Simran,male,36.0,Chennai,2022-01-16,2025-01-30,-999.0,10.0,USA
,nan,F,200.0,Pune,2020-12-11,,-999.0,-1.0,nan
2082,Priya,female,43.0,Pune,,,-999.0,-1.0,Canada
2083,nan,nan,49.0,Hyderabad,2025-09-23,,4232.11,5.0,India
,Kiran,M,200.0,Kolkata,2025-11-29,,-999.0,10.0,Australia
,Priya,Male,-5.0,Ahmedabad,,,-999.0,-1.0,nan
C2086,nan,M,22.0,Delhi,2025-11-23,,-999.0,-1.0,Canada
C2087,nan,male,-5.0,Mumbai,2021-10-14,,-999.0,-1.0,India
,Sneha,M,200.0,nan,2023-10-16,,-999.0,3.0,USA
,Simran,Female,200.0,Ahmedabad,2021-05-07,2024-03-26,2152.34,3.0,UK
C2090,Rahul,F,43.0,Pune,,,-999.0,3.0,nan
,Kiran,female,-5.0,Delhi,,,-999.0,2.0,Australia
2092,Simran,female,43.0,Kolkata,2025-12-04,,-999.0,5.0,Australia
C2093,Kiran,M,33.0,Bangalore,,2020-08-14,3965.35,3.0,Canada
2094,nan,M,43.0,nan,2023-07-02,2025-03-02,-999.0,3.0,nan
2095,Ravi,nan,200.0,Chennai,2025-08-27,,-999.0,1.0,Canada
2096,Ankit,M,43.0,Mumbai,,,-999.0,2.0,USA
2097,Ravi,nan,-5.0,Ahmedabad,2024-07-15,2024-07-03,-999.0,2.0,Australia
2098,Ankit,nan,43.0,Ahmedabad,2025-03-19,,3882.19,10.0,India
C2099,Priya,Male,-5.0,Bangalore,,,-999.0,3.0,USA
,nan,Male,200.0,Delhi,2022-12-26,2021-12-07,-999.0,3.0,USA
2101,Rahul,male,23.0,Kolkata,2021-11-22,,-999.0,10.0,Canada
2102,nan,female,-5.0,Ahmedabad,2021-09-05,,-999.0,-1.0,UK
,Neha,F,43.0,Delhi,2023-03-08,,-999.0,-1.0,USA
2104,Priya,nan,-5.0,Ahmedabad,2024-01-28,,-999.0,-1.0,Australia
C2105,nan,Female,200.0,Kolkata,2021-07-14,,4217.96,3.0,Canada
,Kiran,nan,62.0,Delhi,2022-03-08,,4025.79,1.0,UK
2107,nan,nan,46.0,Delhi,,2020-12-31,2768.12,4.0,nan
2108,Neha,nan,200.0,Ahmedabad,,2022-10-08,3834.51,10.0,UK
C2109,nan,F,43.0,Pune,,,-999.0,4.0,USA
,nan,nan,200.0,Mumbai,2021-04-12,,-999.0,3.0,India
,Simran,nan,-5.0,nan,,,-999.0,4.0,India
,Simran,Male,22.0,Delhi,2022-07-20,,-999.0,10.0,India
2113,Priya,Male,43.0,nan,,,-999.0,-1.0,UK
,Pooja,M,-5.0,Bangalore,2022-09-25,,-999.0,10.0,nan
,Kiran,nan,67.0,Hyderabad,,,454.54,3.0,Australia
2116,Priya,Female,65.0,Pune,2020-11-23,2025-02-07,-999.0,-1.0,nan
2117,nan,Male,200.0,Bangalore,,2020-10-25,3437.54,10.0,nan
,nan,nan,-5.0,Hyderabad,,,-999.0,1.0,UK
,Ravi,nan,43.0,Ahmedabad,2021-07-05,2025-09-11,-999.0,-1.0,USA
,Rahul,M,51.0,Mumbai,2022-08-08,,-999.0,-1.0,India
2121,Ravi,F,-5.0,Kolkata,2022-10-18,,4736.7,-1.0,nan
2122,Pooja,nan,31.0,Pune,,,3402.62,-1.0,UK
,Ravi,nan,43.0,nan,2025-04-25,2022-04-16,4159.05,-1.0,Canada
2124,Rahul,male,-5.0,Chennai,2023-03-06,,3957.21,10.0,Canada
,Ankit,nan,200.0,nan,,,-999.0,-1.0,Australia
C2126,Rahul,female,43.0,nan,,,-999.0,2.0,UK
C2127,Pooja,Female,200.0,Hyderabad,2023-07-19,,-999.0,10.0,Canada
,Rahul,nan,200.0,Ahmedabad,2022-05-07,,-999.0,10.0,USA
2129,Neha,nan,-5.0,Ahmedabad,2021-06-17,,-999.0,3.0,USA
C2130,Amit,nan,200.0,Bangalore,,,-999.0,-1.0,UK
C2131,Sneha,nan,43.0,Delhi,,2022-09-26,-999.0,-1.0,Australia
2132,nan,Male,43.0,Kolkata,2024-02-07,2022-10-02,4024.76,3.0,India
2133,Pooja,nan,43.0,Hyderabad,,,-999.0,-1.0,Australia
2134,Ravi,nan,43.0,Mumbai,,,-999.0,3.0,India
2135,Amit,nan,-5.0,Ahmedabad,2025-11-14,,1708.39,-1.0,India
C2136,Sneha,male,-5.0,Hyderabad,2021-12-26,,-999.0,3.0,USA
2137,nan,nan,43.0,nan,2024-11-25,,-999.0,-1.0,USA
C2138,Priya,nan,33.0,Ahmedabad,,,-999.0,3.0,Australia
2139,Ravi,male,-5.0,Chennai,,,4586.24,10.0,Canada
2140,Pooja,F,43.0,Hyderabad,,,-999.0,3.0,India
,Priya,nan,43.0,nan,2020-12-05,2024-09-01,-999.0,3.0,India
2142,Neha,male,42.0,Bangalore,,,-999.0,-1.0,India
C2143,Pooja,female,43.0,Bangalore,2025-11-23,,-999.0,10.0,Australia
2144,Neha,M,-5.0,Bangalore,2025-01-29,,-999.0,3.0,nan
C2145,Kiran,Male,-5.0,Pune,2024-07-11,,2717.21,5.0,Australia
,Amit,nan,31.0,Pune,,2022-09-04,727.68,5.0,Canada
C2147,Priya,nan,36.0,Mumbai,2024-05-04,2022-11-02,-999.0,10.0,UK
2148,Ankit,female,41.0,Ahmedabad,,,-999.0,3.0,nan
,Ravi,male,43.0,Hyderabad,2025-11-17,,-999.0,2.0,UK
C2150,Pooja,female,43.0,nan,2023-10-11,,-999.0,3.0,nan
,Rahul,nan,200.0,Mumbai,,,-999.0,3.0,USA
2152,nan,female,-5.0,Kolkata,2023-07-07,,-999.0,3.0,USA
2153,Ravi,F,200.0,Chennai,,,-999.0,2.0,India
C2154,nan,female,200.0,Kolkata,2022-03-25,,-999.0,-1.0,Canada
2155,Ankit,M,-5.0,nan,2024-05-15,2020-10-30,2713.68,4.0,Canada
C2156,Ravi,M,55.0,Bangalore,2025-06-24,,-999.0,3.0,Canada
,nan,male,-5.0,Pune,2022-07-14,,-999.0,-1.0,Australia
2158,Ravi,Female,43.0,Bangalore,,,-999.0,10.0,Canada
2159,Simran,M,-5.0,Kolkata,2024-08-17,,-999.0,-1.0,USA
2160,Ravi,nan,43.0,Pune,2020-09-25,,319.92,10.0,nan
2161,Amit,nan,200.0,Mumbai,2021-04-12,,4057.02,-1.0,India
C2162,Kiran,Female,-5.0,Pune,2022-12-20,,-999.0,3.0,Canada
2163,Ankit,M,-5.0,Pune,2025-04-18,,-999.0,-1.0,UK
,Kiran,nan,43.0,nan,2021-06-04,,-999.0,10.0,India
2165,nan,Female,-5.0,Hyderabad,,,-999.0,-1.0,Australia
,Rahul,Female,43.0,nan,2021-02-26,2023-02-11,3568.6,1.0,Canada
2167,Ravi,nan,200.0,Hyderabad,,,-999.0,3.0,UK
,Kiran,F,-5.0,Kolkata,,,2421.13,3.0,nan
2169,Rahul,nan,57.0,Bangalore,,,-999.0,3.0,nan
,Amit,nan,200.0,Hyderabad,,2024-08-06,-999.0,3.0,UK
C2171,nan,female,-5.0,Mumbai,2024-07-08,,-999.0,5.0,UK
,Ravi,M,200.0,Kolkata,,2022-10-02,-999.0,3.0,India
C2173,Rahul,Male,43.0,nan,2025-06-30,,-999.0,5.0,Canada
C2174,Sneha,female,43.0,Ahmedabad,,,3447.3,-1.0,USA
2175,Priya,nan,43.0,Pune,,2022-11-26,-999.0,10.0,India
,Simran,F,-5.0,Bangalore,,,-999.0,3.0,nan
,Pooja,F,43.0,Hyderabad,2021-02-20,,-999.0,-1.0,Australia
2178,Priya,male,43.0,Kolkata,,,1953.38,5.0,USA
2179,Amit,female,43.0,nan,,,-999.0,10.0,Australia
C2180,Ravi,female,200.0,Delhi,,2024-12-13,4748.44,3.0,USA
2181,Neha,Male,43.0,nan,,2023-12-30,-999.0,10.0,India
,Neha,Male,43.0,Mumbai,2022-12-13,,-999.0,-1.0,nan
2183,Rahul,Female,200.0,Mumbai,2022-06-28,,3416.36,-1.0,nan
C2184,Kiran,F,-5.0,Delhi,,,-999.0,-1.0,Canada
C2185,Kiran,male,43.0,Ahmedabad,,,-999.0,3.0,USA
2186,Simran,Male,31.0,Ahmedabad,2021-08-08,,-999.0,4.0,India
2187,Pooja,M,200.0,Kolkata,,2023-07-14,-999.0,10.0,Australia
C2188,Sneha,female,-5.0,Hyderabad,2025-08-09,,1708.73,10.0,Australia
C2189,Simran,Male,64.0,Pune,2022-08-21,,-999.0,1.0,nan
,Pooja,M,200.0,Chennai,,,-999.0,-1.0,Australia
2191,Simran,M,200.0,Hyderabad,2025-09-29,,-999.0,3.0,USA
C2192,Sneha,female,-5.0,Chennai,,,-999.0,3.0,Australia
2193,Neha,F,-5.0,Chennai,2025-02-11,,-999.0,2.0,UK
,Amit,M,200.0,Ahmedabad,2024-08-22,,-999.0,1.0,Canada
C2195,Ankit,M,200.0,Pune,2021-08-12,,-999.0,-1.0,USA
2196,Pooja,nan,43.0,nan,,,-999.0,2.0,UK
C2197,Ravi,M,22.0,Kolkata,2023-11-22,,-999.0,2.0,nan
C2198,Pooja,nan,43.0,nan,,,-999.0,10.0,Australia
,Priya,M,-5.0,Hyderabad,2025-12-13,,641.22,3.0,USA
C2200,Priya,Male,41.0,nan,,,887.15,10.0,nan
2201,Sneha,Female,43.0,Hyderabad,2023-05-25,2021-03-24,2290.37,-1.0,Canada
2202,Ankit,male,44.0,Bangalore,,,-999.0,10.0,UK
2203,Ravi,Male,29.0,Pune,2025-09-09,2021-07-10,2310.25,10.0,nan
,Sneha,M,21.0,Ahmedabad,,2023-01-27,-999.0,10.0,UK
,Rahul,Female,33.0,Ahmedabad,,,-999.0,10.0,India
C2206,Sneha,male,200.0,Hyderabad,2023-11-17,2023-01-27,-999.0,10.0,USA
2207,Rahul,Male,60.0,nan,,2022-08-04,1950.61,-1.0,Canada
2208,Simran,Female,-5.0,Pune,,,4454.4,3.0,USA
2209,Kiran,nan,-5.0,Hyderabad,2022-05-31,2025-08-06,-999.0,10.0,Australia
2210,nan,M,43.0,Kolkata,2021-01-11,2023-03-09,-999.0,-1.0,Canada
2211,Neha,F,-5.0,Chennai,2024-04-21,,3255.34,3.0,Australia
2212,Sneha,M,60.0,Chennai,,2022-03-13,4066.79,10.0,Australia
2213,Rahul,Female,19.0,Hyderabad,2020-12-26,,-999.0,-1.0,Canada
2214,Simran,Male,43.0,Ahmedabad,2021-09-09,2025-06-30,-999.0,10.0,Canada
2215,Priya,male,70.0,nan,,,-999.0,3.0,India
2216,nan,nan,-5.0,Bangalore,2023-06-16,,-999.0,5.0,UK
2217,Rahul,Female,43.0,Delhi,,2025-08-09,-999.0,-1.0,India
2218,Ankit,F,43.0,Pune,2022-10-22,,-999.0,-1.0,Canada
,Kiran,nan,-5.0,Chennai,2022-01-05,,-999.0,10.0,India
,Amit,F,31.0,Kolkata,,,-999.0,3.0,USA
2221,nan,Male,43.0,nan,2024-09-28,,-999.0,3.0,UK
C2222,Amit,nan,64.0,Hyderabad,,,-999.0,3.0,nan
2223,Priya,male,200.0,Pune,,,-999.0,1.0,USA
2224,Pooja,nan,43.0,Mumbai,,,4053.43,2.0,Canada
C2225,Amit,nan,45.0,Chennai,2022-11-30,,-999.0,-1.0,USA
2226,Neha,F,-5.0,Bangalore,,,-999.0,-1.0,India
,Amit,F,200.0,nan,2022-12-22,,-999.0,1.0,UK
2228,Ravi,Female,43.0,Bangalore,,,-999.0,-1.0,Canada
2229,Ankit,F,-5.0,Ahmedabad,2020-12-11,,-999.0,-1.0,nan
2230,Ankit,Male,61.0,Kolkata,,2022-07-28,-999.0,10.0,nan
2231,Rahul,male,43.0,Chennai,,,3815.22,10.0,nan
,Neha,F,-5.0,Ahmedabad,,,-999.0,-1.0,India
,Neha,nan,-5.0,nan,2021-05-12,,-999.0,4.0,nan
C2234,Neha,Male,-5.0,Pune,,,-999.0,10.0,Canada
2235,Amit,Female,-5.0,Hyderabad,2021-01-24,2023-04-14,-999.0,5.0,USA
2236,Ankit,M,43.0,Delhi,2021-06-04,,-999.0,2.0,UK
2237,Ankit,nan,43.0,nan,,,581.28,5.0,Canada
C2238,Neha,M,62.0,Hyderabad,,2023-12-01,-999.0,3.0,nan
2239,Amit,M,36.0,Delhi,2024-07-16,,-999.0,3.0,nan
2240,Simran,female,27.0,Ahmedabad,,,-999.0,10.0,USA
2241,Ravi,nan,200.0,Delhi,,,2129.12,2.0,nan
C2242,Sneha,Female,43.0,Chennai,2022-03-09,,2232.67,5.0,nan
2243,Sneha,Male,43.0,nan,,2022-02-01,-999.0,10.0,USA
,Rahul,male,200.0,nan,2024-01-17,,-999.0,10.0,USA
2245,Neha,Male,-5.0,Chennai,,2023-08-30,-999.0,4.0,USA
,Amit,Female,-5.0,Mumbai,,,-999.0,-1.0,Canada
2247,Priya,nan,200.0,nan,2021-07-27,2022-07-10,-999.0,-1.0,Australia
C2248,Kiran,Male,-5.0,Pune,2022-12-07,2022-10-09,-999.0,3.0,USA
C2249,Neha,female,43.0,nan,2021-02-27,,2750.12,10.0,Australia
2250,Sneha,nan,43.0,Chennai,,2023-06-14,-999.0,3.0,Australia
2251,Kiran,nan,43.0,Bangalore,,,-999.0,5.0,UK
,Ankit,nan,24.0,Pune,,,-999.0,10.0,nan
2253,Pooja,F,200.0,Kolkata,2025-12-30,,-999.0,3.0,UK
2254,Simran,female,-5.0,Mumbai,,,-999.0,4.0,India
C2255,Sneha,F,43.0,Kolkata,2020-09-27,,268.92,10.0,India
2256,Ravi,M,47.0,Delhi,2023-10-27,,-999.0,10.0,UK
,Amit,nan,43.0,Chennai,,,-999.0,3.0,nan
2258,Neha,M,200.0,Delhi,,,-999.0,-1.0,nan
2259,Ravi,Male,67.0,Mumbai,,2022-06-29,-999.0,-1.0,Canada
,Ravi,Male,200.0,Ahmedabad,,,559.06,-1.0,Australia
C2261,Rahul,nan,43.0,Ahmedabad,,,-999.0,10.0,Canada
C2262,Ravi,nan,29.0,Delhi,,,-999.0,3.0,UK
2263,Pooja,F,43.0,Pune,,,-999.0,10.0,UK
2264,Simran,Female,200.0,Pune,2023-10-18,,246.48,4.0,USA
2265,nan,Male,-5.0,Delhi,2021-02-12,,-999.0,3.0,Australia
C2266,Pooja,Male,200.0,Mumbai,2025-03-16,,-999.0,3.0,Australia
2267,Ravi,M,-5.0,nan,,,-999.0,10.0,nan
2268,Rahul,nan,-5.0,Pune,2021-03-13,2024-11-17,1173.21,10.0,India
C2269,Rahul,nan,200.0,Hyderabad,2025-01-23,,-999.0,3.0,Canada
2270,Neha,M,200.0,Mumbai,,2021-09-01,1056.04,3.0,UK
C2271,Priya,F,-5.0,Mumbai,2020-12-22,,-999.0,10.0,Canada
2272,Priya,nan,43.0,Mumbai,2024-04-28,,-999.0,5.0,India
2273,Ravi,Female,-5.0,Bangalore,,2022-07-07,-999.0,-1.0,nan
2274,nan,Male,200.0,Delhi,2022-11-25,,-999.0,3.0,Canada
C2275,Priya,nan,-5.0,nan,2023-08-03,,537.97,10.0,Canada
C2276,Amit,Female,43.0,Mumbai,2022-04-06,,-999.0,10.0,USA
2277,Ankit,M,200.0,Hyderabad,2024-05-05,,-999.0,10.0,India
C2278,Rahul,Male,58.0,Pune,,,946.29,5.0,Australia
C2279,Priya,nan,43.0,Mumbai,,2024-02-21,-999.0,-1.0,UK
2280,Simran,nan,200.0,Hyderabad,,2025-04-18,4562.7,-1.0,Canada
,Kiran,nan,200.0,Kolkata,2020-09-06,,-999.0,-1.0,Australia
C2282,Priya,male,65.0,Pune,,2023-07-15,-999.0,10.0,India
2283,Simran,Female,200.0,Pune,2023-09-28,,-999.0,3.0,Canada
2284,Simran,M,43.0,Pune,2023-12-17,,-999.0,-1.0,USA
C2285,Kiran,male,43.0,Chennai,,,-999.0,10.0,Australia
,Sneha,nan,43.0,Mumbai,,,-999.0,10.0,Canada
C2287,Amit,Female,37.0,Mumbai,2021-11-08,2021-05-20,-999.0,10.0,Canada
2288,Ankit,male,43.0,Hyderabad,2021-02-21,,-999.0,10.0,Canada
C2289,nan,Male,43.0,Pune,2021-04-11,2023-05-03,4589.61,3.0,nan
2290,Pooja,male,-5.0,Bangalore,2024-03-07,,-999.0,1.0,Australia
2291,Ankit,female,43.0,Hyderabad,,,-999.0,1.0,Canada
,Simran,female,200.0,Kolkata,,2021-06-15,-999.0,-1.0,Canada
2293,Neha,F,43.0,Ahmedabad,2021-02-01,,-999.0,-1.0,nan
2294,Priya,nan,43.0,Pune,2022-09-24,,-999.0,-1.0,nan
C2295,Rahul,Male,200.0,nan,,,-999.0,-1.0,India
C2296,Amit,Female,43.0,Hyderabad,2023-01-24,,3544.58,3.0,Canada
,Priya,F,-5.0,Delhi,,,-999.0,10.0,Canada
2298,Neha,M,43.0,Chennai,,,-999.0,1.0,Canada
2299,Priya,nan,35.0,Mumbai,2024-05-10,2022-04-29,-999.0,-1.0,nan
2300,Sneha,male,200.0,Pune,2022-09-21,2023-08-08,-999.0,10.0,USA
2301,nan,female,57.0,Chennai,,,-999.0,3.0,Australia
C2302,Priya,M,200.0,Kolkata,,,-999.0,-1.0,UK
2303,Pooja,nan,200.0,Delhi,2020-11-22,,-999.0,10.0,USA
2304,Rahul,M,66.0,Ahmedabad,,,-999.0,3.0,India
,Ravi,F,-5.0,Bangalore,2025-10-30,2023-08-06,-999.0,10.0,USA
2306,Ankit,male,-5.0,Ahmedabad,,,31.2,3.0,nan
2307,Pooja,female,43.0,Delhi,2023-04-10,,-999.0,3.0,UK
2308,Ankit,female,58.0,Ahmedabad,,,-999.0,-1.0,Australia
,Pooja,female,200.0,Ahmedabad,,,-999.0,4.0,Australia
2310,nan,F,43.0,Kolkata,2021-05-09,,-999.0,10.0,nan
2311,Ravi,female,19.0,Delhi,2020-11-07,,-999.0,3.0,UK
C2312,Ankit,F,22.0,Ahmedabad,,,-999.0,4.0,Canada
C2313,Priya,M,200.0,Pune,2022-11-15,,426.38,3.0,India
,Amit,Female,53.0,Ahmedabad,2022-03-03,,-999.0,3.0,Australia
,Priya,Female,43.0,Pune,,,2623.57,-1.0,UK
2316,Simran,F,-5.0,Mumbai,,,-999.0,3.0,nan
2317,Simran,nan,200.0,Kolkata,2021-04-21,,-999.0,10.0,Australia
,Priya,male,-5.0,Hyderabad,2020-10-06,,1427.55,-1.0,India
2319,Priya,female,43.0,Kolkata,2021-09-03,,-999.0,10.0,UK
2320,Kiran,Female,43.0,nan,,,-999.0,10.0,UK
2321,Neha,Female,27.0,Chennai,2022-03-07,,-999.0,10.0,Canada
2322,nan,nan,-5.0,Kolkata,2022-09-23,2023-04-09,-999.0,5.0,nan
C2323,Amit,Male,43.0,Bangalore,,2023-02-24,1477.84,3.0,UK
2324,nan,male,43.0,Ahmedabad,2026-01-14,2023-09-07,-999.0,-1.0,Canada
,Ankit,nan,43.0,Hyderabad,,,-999.0,4.0,nan
2326,Pooja,Male,200.0,Hyderabad,,2025-08-18,-999.0,5.0,India
2327,Ravi,M,42.0,Hyderabad,,,-999.0,3.0,Australia
2328,Kiran,female,43.0,Bangalore,,,4656.23,-1.0,Australia
2329,nan,F,200.0,Pune,2021-03-02,2025-01-16,4216.7,10.0,Canada
2330,nan,female,200.0,Ahmedabad,2025-04-02,,3629.43,3.0,nan
2331,Amit,Male,43.0,Hyderabad,2021-01-14,,-999.0,10.0,USA
2332,Pooja,male,43.0,Chennai,2024-11-16,,-999.0,1.0,USA
2333,Simran,female,-5.0,Mumbai,,2023-04-12,2751.33,10.0,India
2334,nan,female,23.0,Mumbai,,,-999.0,-1.0,Canada
2335,Ravi,F,33.0,Bangalore,,2021-11-23,4347.68,-1.0,nan
C2336,Rahul,nan,43.0,Delhi,2023-02-24,2025-06-30,-999.0,10.0,Australia
2337,Priya,Female,43.0,Kolkata,2022-10-15,2025-04-01,-999.0,-1.0,USA
2338,Pooja,Female,39.0,Chennai,,,596.93,2.0,nan
C2339,Neha,nan,43.0,Chennai,,,3622.28,10.0,UK
2340,Amit,nan,69.0,Kolkata,,,-999.0,5.0,USA
,nan,female,43.0,Bangalore,2024-11-18,,4591.21,-1.0,Canada
2342,nan,female,48.0,Hyderabad,2022-11-03,,-999.0,2.0,Canada
,Simran,female,200.0,Delhi,,2025-06-04,-999.0,1.0,UK
C2344,nan,Male,61.0,Hyderabad,,2021-06-17,-999.0,4.0,nan
2345,Pooja,male,38.0,Mumbai,,,1467.45,3.0,India
,Amit,M,47.0,Kolkata,2022-10-01,2023-07-05,-999.0,3.0,nan
C2347,nan,Female,43.0,nan,2022-06-02,,-999.0,3.0,USA
,nan,Male,-5.0,Pune,2022-03-17,2021-09-01,-999.0,-1.0,Australia
2349,nan,male,43.0,Hyderabad,,,-999.0,10.0,Australia
2350,Neha,Female,52.0,nan,2021-12-27,2021-09-24,-999.0,-1.0,Australia
C2351,Ankit,male,62.0,Pune,,,-999.0,5.0,USA
2352,Amit,F,200.0,Pune,,2023-04-05,-999.0,10.0,USA
2353,nan,M,35.0,Ahmedabad,,,-999.0,5.0,India
2354,Ankit,nan,43.0,Pune,2022-11-25,,1465.2,2.0,Australia
2355,Pooja,F,26.0,Kolkata,,,-999.0,-1.0,India
C2356,Ravi,nan,43.0,Hyderabad,2022-11-16,,-999.0,4.0,India
,Neha,female,32.0,nan,2022-03-30,2025-03-17,-999.0,3.0,UK
2358,Rahul,F,43.0,Kolkata,2024-02-15,2024-05-20,-999.0,3.0,Canada
2359,Pooja,M,43.0,Hyderabad,2020-08-22,,-999.0,2.0,India
2360,Simran,nan,26.0,nan,2020-12-20,,-999.0,3.0,UK
2361,Pooja,nan,66.0,Hyderabad,,,-999.0,-1.0,India
2362,Ankit,M,200.0,Hyderabad,2025-08-07,2023-04-27,-999.0,5.0,India
C2363,Pooja,nan,43.0,Pune,2020-12-18,2026-01-10,-999.0,3.0,India
,nan,M,19.0,Hyderabad,,,2276.69,10.0,Australia
C2365,Kiran,F,200.0,Hyderabad,2022-11-12,2025-12-25,216.29,3.0,Australia
2366,Pooja,M,68.0,nan,2025-06-22,2024-01-07,-999.0,-1.0,Canada
,Neha,Male,43.0,Bangalore,2021-01-14,,-999.0,-1.0,Australia
C2368,Ravi,nan,43.0,nan,2025-03-12,,-999.0,10.0,nan
,Simran,Female,18.0,Bangalore,2023-09-26,2023-09-27,-999.0,-1.0,nan
2370,Amit,Male,19.0,nan,,,-999.0,10.0,Australia
2371,Amit,female,43.0,Ahmedabad,,,-999.0,3.0,nan
2372,Sneha,female,200.0,Delhi,2021-09-22,2023-10-22,3726.46,3.0,nan
2373,Neha,Female,-5.0,Chennai,,,-999.0,3.0,Australia
2374,Neha,nan,43.0,Bangalore,,2023-07-07,-999.0,-1.0,India
2375,nan,Male,43.0,nan,,,-999.0,-1.0,USA
C2376,Ravi,Male,46.0,Delhi,,,3863.76,10.0,USA
,Sneha,Female,200.0,Hyderabad,2023-01-07,,-999.0,1.0,India
2378,Sneha,female,47.0,Kolkata,,,-999.0,-1.0,India
C2379,Amit,F,43.0,Bangalore,2022-09-14,,-999.0,10.0,USA
C2380,Kiran,female,43.0,Bangalore,,,-999.0,-1.0,Canada
2381,Simran,nan,-5.0,Hyderabad,,,-999.0,2.0,UK
2382,Neha,nan,200.0,Kolkata,,2022-05-11,-999.0,5.0,nan
C2383,nan,Male,32.0,nan,,,1693.88,5.0,Canada
,Neha,F,-5.0,Ahmedabad,2020-10-04,,-999.0,3.0,UK
2385,Ankit,F,49.0,Mumbai,,2021-01-30,2114.36,1.0,Canada
2386,Rahul,Male,200.0,Chennai,2024-08-09,2025-10-14,-999.0,5.0,USA
C2387,Ravi,Female,-5.0,nan,,,-999.0,4.0,nan
C2388,Pooja,M,43.0,nan,2022-05-09,,-999.0,3.0,Australia
,Priya,F,-5.0,Mumbai,2022-11-26,,2405.13,3.0,nan
,Neha,M,200.0,Chennai,2021-06-19,,4291.13,1.0,USA
C2391,Neha,Male,200.0,Kolkata,2023-10-27,2024-01-23,2026.94,2.0,nan
2392,Simran,Female,-5.0,Delhi,2023-06-07,,-999.0,3.0,nan
2393,Ravi,female,-5.0,Pune,2025-09-17,,-999.0,10.0,India
,Sneha,nan,200.0,Chennai,,2020-12-25,-999.0,-1.0,Canada
2395,nan,Male,-5.0,Hyderabad,2021-04-20,,-999.0,3.0,India
C2396,Ravi,M,-5.0,Pune,2022-03-10,,4689.69,10.0,nan
2397,Ravi,F,43.0,Delhi,2021-06-21,2021-12-17,-999.0,-1.0,Australia
C2398,Amit,F,43.0,Chennai,,2020-10-20,-999.0,3.0,India
2399,Simran,Male,200.0,Bangalore,,,-999.0,2.0,Australia
2400,Neha,female,49.0,Kolkata,,,1304.4,3.0,Australia
2401,Neha,female,-5.0,Mumbai,2021-10-01,,-999.0,2.0,Australia
2402,Neha,male,200.0,Hyderabad,2022-07-29,2021-01-28,-999.0,-1.0,Australia
,Ankit,Male,-5.0,Chennai,2022-03-06,,-999.0,10.0,Canada
C2404,Ravi,female,-5.0,Mumbai,2022-12-30,,-999.0,3.0,UK
2405,Amit,Female,200.0,Kolkata,2024-04-03,2023-10-13,-999.0,-1.0,USA
2406,Rahul,M,-5.0,Chennai,2025-06-28,,-999.0,3.0,Australia
2407,Simran,nan,-5.0,Chennai,2021-06-11,,-999.0,3.0,India
C2408,Pooja,female,61.0,Hyderabad,2025-08-21,2023-11-27,1174.4,3.0,nan
C2409,Simran,F,54.0,Delhi,2023-08-28,,4325.55,-1.0,Canada
C2410,Ravi,M,43.0,Hyderabad,2025-10-11,,-999.0,-1.0,USA
C2411,Ankit,nan,-5.0,Mumbai,2023-02-25,2023-10-03,-999.0,1.0,UK
2412,Kiran,male,43.0,nan,2025-05-22,,30.39,10.0,UK
,Ankit,female,43.0,Hyderabad,2024-06-05,2022-09-19,1947.66,10.0,Canada
2414,nan,male,200.0,nan,2022-03-12,,4527.52,3.0,USA
2415,Ravi,nan,43.0,Hyderabad,2023-07-26,2022-04-19,-999.0,3.0,India
2416,nan,nan,200.0,Chennai,2021-08-11,,-999.0,10.0,Australia
,Rahul,F,65.0,Mumbai,2025-02-22,2020-10-20,-999.0,3.0,India
C2418,Priya,Male,64.0,Chennai,2025-06-08,2023-02-07,-999.0,1.0,Canada
C2419,Ankit,nan,43.0,Hyderabad,2024-12-02,,-999.0,10.0,Canada
2420,Pooja,Male,-5.0,Kolkata,2024-06-06,2024-11-28,-999.0,3.0,Canada
2421,Sneha,male,200.0,Bangalore,2023-10-15,,-999.0,5.0,Canada
2422,Amit,female,-5.0,Kolkata,,2024-06-01,-999.0,3.0,India
2423,Kiran,nan,43.0,Chennai,,2025-12-02,-999.0,5.0,nan
2424,Simran,F,200.0,Kolkata,,,-999.0,5.0,Australia
,nan,M,-5.0,Bangalore,2022-11-19,2021-06-11,-999.0,3.0,Canada
,Rahul,male,43.0,Bangalore,,2021-10-31,-999.0,4.0,Canada
,Rahul,nan,-5.0,Mumbai,,2023-12-08,3288.2,4.0,Canada
2428,nan,Female,47.0,nan,,,-999.0,3.0,India
2429,Simran,F,-5.0,Bangalore,2023-11-16,,-999.0,-1.0,Australia
2430,Neha,male,-5.0,nan,,,-999.0,10.0,India
C2431,Rahul,Male,200.0,Bangalore,,,-999.0,1.0,India
2432,Kiran,Female,70.0,Mumbai,,,4256.36,1.0,Australia
2433,Amit,Male,43.0,Mumbai,,,-999.0,3.0,nan
C2434,nan,Female,200.0,Pune,,,2121.72,4.0,India
2435,nan,nan,200.0,Delhi,,,-999.0,-1.0,USA
2436,nan,Female,200.0,Ahmedabad,2024-07-15,2024-04-03,3090.85,3.0,India
2437,Ravi,male,-5.0,Kolkata,,,-999.0,-1.0,Canada
2438,Priya,Male,200.0,Mumbai,,2023-11-08,-999.0,10.0,India
2439,Ankit,female,-5.0,Bangalore,,2023-07-18,-999.0,1.0,Canada
,Pooja,male,43.0,Hyderabad,2024-06-02,,-999.0,3.0,nan
,Ankit,female,43.0,Pune,,2021-06-24,-999.0,10.0,India
2442,Ankit,nan,200.0,Bangalore,2025-07-01,2025-03-18,-999.0,-1.0,nan
C2443,Amit,male,43.0,Hyderabad,,2024-11-17,-999.0,2.0,UK
2444,Pooja,F,200.0,Chennai,,,-999.0,3.0,nan
C2445,Pooja,F,69.0,Mumbai,,2025-02-26,-999.0,3.0,USA
C2446,nan,male,43.0,Kolkata,2024-01-30,,-999.0,-1.0,USA
2447,Ravi,nan,200.0,Kolkata,2025-04-22,,925.3,2.0,UK
,Kiran,Female,43.0,Pune,,2025-07-12,-999.0,3.0,Australia
,Ankit,nan,43.0,Delhi,2022-10-30,,-999.0,3.0,nan
2450,Amit,female,21.0,nan,,2022-10-09,1341.01,-1.0,UK
,Kiran,female,200.0,nan,2023-01-25,,4271.62,10.0,India
,Neha,Female,-5.0,Hyderabad,,2022-12-26,-999.0,5.0,USA
C2453,Ravi,female,28.0,Mumbai,2023-04-07,2025-10-14,-999.0,10.0,Australia
2454,Kiran,M,200.0,Ahmedabad,2024-12-28,,4623.26,-1.0,USA
2455,Neha,Male,200.0,Bangalore,,2025-10-25,-999.0,10.0,nan
2456,Sneha,male,200.0,Bangalore,2024-03-02,2024-05-17,213.91,3.0,India
,Ravi,F,43.0,Delhi,,,-999.0,3.0,nan
,Pooja,M,200.0,nan,2021-07-09,2020-11-30,-999.0,4.0,USA
2459,Sneha,F,43.0,Hyderabad,2025-03-31,,656.12,10.0,nan
2460,Amit,nan,43.0,Delhi,2021-06-22,,683.68,10.0,Canada
C2461,nan,nan,43.0,Bangalore,,,-999.0,3.0,USA
C2462,Pooja,M,43.0,Chennai,2021-10-11,2022-01-02,4056.78,3.0,India
2463,Sneha,nan,58.0,Kolkata,,,-999.0,10.0,nan
C2464,Rahul,nan,43.0,Kolkata,2024-09-19,2024-08-04,-999.0,3.0,Australia
,Rahul,female,43.0,Delhi,2023-10-08,2023-09-02,-999.0,3.0,UK
C2466,Ankit,F,-5.0,Mumbai,,,-999.0,1.0,nan
2467,Simran,F,200.0,nan,,2025-11-14,-999.0,4.0,USA
,Neha,female,-5.0,Kolkata,2021-11-27,,-999.0,3.0,UK
2469,Priya,M,-5.0,Kolkata,2021-09-27,,-999.0,3.0,USA
C2470,Sneha,female,200.0,nan,2022-12-18,2021-04-05,-999.0,-1.0,India
,Rahul,M,43.0,Kolkata,2021-10-16,,-999.0,10.0,nan
2472,nan,Male,20.0,Hyderabad,,,-999.0,-1.0,Australia
2473,Kiran,nan,67.0,Hyderabad,,,-999.0,-1.0,nan
C2474,Ankit,nan,-5.0,nan,2024-01-16,,887.0,1.0,Canada
2475,Ravi,Female,22.0,Chennai,2026-01-12,,-999.0,4.0,Australia
,Neha,Male,200.0,Ahmedabad,,,-999.0,5.0,nan
2477,Simran,Male,-5.0,nan,,,-999.0,-1.0,USA
C2478,Pooja,nan,25.0,Kolkata,,2023-06-18,1386.36,4.0,USA
,Ravi,Male,68.0,Pune,,2022-02-23,-999.0,-1.0,Canada
2480,nan,male,200.0,Kolkata,,,-999.0,3.0,Canada
C2481,Priya,nan,43.0,Delhi,2025-05-17,2024-06-30,-999.0,3.0,nan
C2482,nan,M,200.0,Bangalore,2025-05-22,2023-10-06,-999.0,3.0,Australia
2483,Sneha,nan,28.0,Bangalore,2020-12-17,,-999.0,5.0,India
,nan,Male,43.0,Hyderabad,2024-06-20,,-999.0,10.0,Australia
,Ankit,nan,43.0,Mumbai,2023-01-23,,-999.0,3.0,Canada
,Pooja,female,200.0,Pune,2025-07-15,2022-10-28,2648.76,10.0,UK
,Neha,M,-5.0,Bangalore,,2020-11-28,-999.0,1.0,nan
2488,Sneha,male,-5.0,Ahmedabad,2023-08-05,,-999.0,3.0,Canada
C2489,Ravi,male,-5.0,Kolkata,,,1081.05,3.0,USA
C2490,Ankit,Male,31.0,Hyderabad,2025-05-03,2021-09-20,-999.0,1.0,nan
,Rahul,nan,-5.0,Ahmedabad,,2023-12-10,-999.0,3.0,Australia
C2492,Simran,nan,43.0,Mumbai,,,-999.0,-1.0,nan
2493,Sneha,F,33.0,Chennai,,,-999.0,10.0,USA
,Ravi,nan,68.0,Pune,2023-12-13,,-999.0,3.0,USA
,Neha,Female,-5.0,Mumbai,,,4996.55,3.0,nan
2496,Kiran,male,200.0,Delhi,2025-07-11,2025-09-22,-999.0,10.0,UK
2497,Rahul,female,200.0,Hyderabad,,,-999.0,-1.0,Australia
2498,Rahul,F,200.0,Mumbai,,,-999.0,10.0,India
2499,Neha,F,56.0,Delhi,,,-999.0,3.0,USA
2500,Priya,M,-5.0,Hyderabad,2022-03-13,,-999.0,5.0,India
,Kiran,Male,-5.0,Chennai,2021-06-24,2024-03-27,-999.0,3.0,USA
,Simran,nan,41.0,Kolkata,,,1192.88,10.0,USA
2503,Simran,Male,26.0,Chennai,2025-03-15,,-999.0,3.0,nan
2504,Kiran,male,200.0,Bangalore,,,-999.0,10.0,USA
,Rahul,female,43.0,nan,,,-999.0,3.0,Canada
C2506,nan,F,200.0,Hyderabad,,,-999.0,-1.0,nan
2507,Rahul,F,-5.0,Delhi,,,556.18,-1.0,India
2508,nan,female,58.0,Delhi,,,-999.0,3.0,India
2509,Simran,nan,21.0,Bangalore,2023-08-23,,-999.0,10.0,nan
2510,Amit,Male,-5.0,Kolkata,,2021-10-17,-999.0,10.0,UK
2511,Pooja,Male,200.0,Bangalore,,,-999.0,3.0,USA
2512,Neha,F,200.0,Bangalore,,2024-02-19,-999.0,10.0,nan
2513,Simran,Female,200.0,nan,,,-999.0,4.0,India
2514,Kiran,nan,-5.0,Bangalore,,2024-07-26,-999.0,2.0,nan
C2515,Pooja,male,43.0,nan,2021-03-02,2023-04-13,2050.13,10.0,nan
C2516,nan,female,43.0,Chennai,,,3082.95,10.0,nan
C2517,nan,male,61.0,Mumbai,,,-999.0,10.0,Australia
,Rahul,Male,59.0,Pune,2023-04-09,,-999.0,10.0,nan
2519,Sneha,Male,43.0,nan,2024-03-30,,-999.0,4.0,USA
C2520,Pooja,Male,43.0,Bangalore,,,-999.0,3.0,UK
C2521,nan,Female,39.0,Bangalore,2024-10-18,,-999.0,3.0,India
2522,Sneha,F,200.0,Bangalore,,2024-10-23,3540.37,3.0,nan
2523,Simran,M,-5.0,Hyderabad,2023-11-03,2022-03-19,-999.0,-1.0,Canada
C2524,Pooja,female,-5.0,Pune,,,-999.0,5.0,nan
,Kiran,nan,44.0,Kolkata,,,87.25,3.0,UK
,Rahul,M,200.0,Chennai,2025-06-21,,-999.0,-1.0,India
2527,Pooja,female,43.0,nan,,,-999.0,10.0,India
2528,Pooja,male,-5.0,Mumbai,2025-06-27,,-999.0,10.0,USA
2529,Sneha,F,200.0,Ahmedabad,2025-04-12,,-999.0,-1.0,UK
C2530,Ankit,female,43.0,Delhi,2024-02-15,2022-03-15,-999.0,3.0,Australia
2531,Sneha,Female,66.0,Mumbai,,,-999.0,-1.0,Canada
2532,Rahul,Female,200.0,Delhi,,2023-12-16,-999.0,3.0,India
C2533,Neha,F,-5.0,Mumbai,,,2986.72,4.0,nan
,Kiran,F,66.0,nan,,2025-04-18,-999.0,1.0,USA
C2535,nan,F,-5.0,Hyderabad,,2022-03-12,-999.0,-1.0,nan
,Kiran,nan,-5.0,nan,2024-07-31,,2904.61,1.0,Canada
2537,Kiran,Female,200.0,Hyderabad,2020-08-06,,4471.93,3.0,USA
C2538,Sneha,Female,-5.0,Mumbai,2023-05-10,2021-08-09,-999.0,3.0,nan
,Pooja,Female,200.0,Bangalore,,,-999.0,-1.0,USA
2540,Priya,nan,-5.0,Kolkata,,,-999.0,3.0,Australia
2541,Pooja,nan,200.0,Pune,2025-10-24,,3693.96,10.0,India
,Amit,Male,-5.0,Kolkata,2020-10-14,,4873.4,3.0,Australia
2543,nan,nan,43.0,Mumbai,,,-999.0,-1.0,USA
2544,nan,Male,43.0,Kolkata,,2025-04-27,-999.0,3.0,Australia
2545,Ravi,male,-5.0,Chennai,,,-999.0,10.0,Canada
C2546,Simran,Female,39.0,nan,,,4235.49,-1.0,Australia
C2547,Ankit,nan,200.0,Hyderabad,2021-03-14,,4850.44,-1.0,India
,Ravi,Male,51.0,Ahmedabad,2025-03-26,,3741.91,3.0,nan
,Rahul,Male,200.0,Chennai,2024-12-11,,-999.0,2.0,UK
C2550,Simran,Female,-5.0,Bangalore,2025-02-16,,-999.0,4.0,UK
2551,Priya,Male,-5.0,Chennai,2021-04-04,2021-07-14,-999.0,3.0,USA
2552,Pooja,nan,-5.0,nan,2024-09-25,2024-11-06,4574.33,-1.0,Canada
2553,Simran,nan,24.0,Delhi,,,-999.0,10.0,India
2554,Ravi,nan,200.0,Chennai,,,-999.0,3.0,India
2555,nan,nan,43.0,Mumbai,,,66.49,-1.0,Canada
2556,Ankit,Male,69.0,Pune,,,1420.16,3.0,India
2557,Simran,Female,-5.0,Delhi,,2024-08-28,-999.0,-1.0,nan
,Sneha,Female,43.0,Ahmedabad,,2024-09-11,-999.0,2.0,USA
C2559,Neha,F,43.0,Chennai,2022-04-01,2022-06-01,3804.07,-1.0,Australia
2560,Ankit,male,38.0,Hyderabad,2025-09-01,2024-02-28,-999.0,2.0,nan
2561,Sneha,F,28.0,Pune,2025-10-24,,-999.0,-1.0,Australia
2562,Neha,M,200.0,Chennai,2022-12-23,,-999.0,-1.0,nan
2563,Simran,female,-5.0,Hyderabad,,,-999.0,-1.0,India
,nan,nan,43.0,Ahmedabad,2025-03-25,2025-08-19,1081.02,10.0,UK
2565,Priya,Male,21.0,Kolkata,,,3954.07,10.0,India
C2566,Priya,Female,200.0,Ahmedabad,,,4125.62,4.0,Canada
2567,Amit,male,29.0,nan,,,-999.0,10.0,Australia
,Neha,Female,200.0,Bangalore,2021-07-08,,3575.58,1.0,nan
C2569,Neha,nan,38.0,Delhi,,,-999.0,-1.0,Australia
2570,nan,M,200.0,nan,,,-999.0,3.0,USA
2571,Amit,nan,68.0,Delhi,,,-999.0,10.0,Canada
2572,Amit,Male,-5.0,Bangalore,2024-03-02,,-999.0,-1.0,nan
2573,Pooja,nan,-5.0,Bangalore,,,-999.0,10.0,Canada
C2574,Amit,F,57.0,Kolkata,,,-999.0,1.0,UK
2575,Rahul,Female,-5.0,Chennai,2025-11-05,,-999.0,10.0,India
2576,Sneha,nan,55.0,Delhi,2024-10-12,,-999.0,10.0,UK
2577,Pooja,Male,60.0,Mumbai,2024-01-25,,-999.0,-1.0,Canada
C2578,nan,F,43.0,Kolkata,2023-05-30,,-999.0,3.0,UK
,nan,female,43.0,Delhi,2025-08-11,,-999.0,10.0,nan
,Priya,Male,53.0,Kolkata,2021-11-11,,-999.0,-1.0,USA
C2581,Rahul,M,200.0,Mumbai,2022-07-20,2022-06-06,-999.0,3.0,Australia
2582,Neha,female,43.0,Delhi,2022-03-01,2025-10-09,-999.0,3.0,Australia
2583,Rahul,Female,-5.0,Mumbai,2025-06-25,,-999.0,3.0,Australia
,Pooja,male,43.0,Ahmedabad,2023-11-19,,4244.74,5.0,USA
,Neha,Male,43.0,Mumbai,2023-05-15,2021-09-12,-999.0,-1.0,India
,Priya,female,200.0,Hyderabad,2022-12-28,,4072.85,-1.0,Australia
C2587,Neha,F,43.0,Pune,2023-06-14,,-999.0,1.0,Australia
2588,Sneha,female,200.0,Pune,2022-03-11,2023-09-04,-999.0,10.0,Australia
2589,nan,female,200.0,Kolkata,2023-04-07,,-999.0,3.0,Australia
2590,Amit,Female,-5.0,Mumbai,2022-02-01,2025-12-25,-999.0,-1.0,USA
2591,Kiran,male,200.0,Ahmedabad,,2021-07-07,3092.66,3.0,nan
2592,Simran,female,38.0,Chennai,,,-999.0,2.0,USA
2593,Pooja,female,-5.0,Pune,2022-02-24,,-999.0,10.0,nan
C2594,Priya,male,43.0,Ahmedabad,,2024-01-06,-999.0,3.0,USA
2595,Ravi,Female,-5.0,Kolkata,,,-999.0,-1.0,nan
2596,Ravi,Male,23.0,Delhi,2023-06-17,,-999.0,10.0,Canada
2597,Priya,nan,200.0,Pune,,,-999.0,3.0,UK
C2598,Neha,nan,43.0,Pune,,,-999.0,10.0,UK
,Kiran,nan,200.0,Delhi,,,-999.0,3.0,Canada
C2600,nan,F,52.0,Delhi,2022-09-17,,-999.0,3.0,UK
2601,Rahul,Male,200.0,Bangalore,2020-10-05,,-999.0,3.0,UK
C2602,Ravi,F,200.0,Chennai,,,3966.77,3.0,Australia
C2603,Neha,Male,43.0,Hyderabad,,2023-08-21,1450.67,10.0,Canada
C2604,Simran,nan,43.0,Mumbai,,2022-03-08,-999.0,4.0,UK
C2605,Kiran,female,200.0,Bangalore,2021-08-18,2022-04-15,-999.0,-1.0,UK
,Sneha,Female,200.0,Kolkata,,2020-09-14,-999.0,3.0,nan
,Amit,male,60.0,Hyderabad,2023-02-17,,-999.0,-1.0,Canada
,Pooja,Male,200.0,nan,2021-11-20,,14.99,4.0,Canada
,Priya,male,200.0,Ahmedabad,2020-11-30,2026-01-04,-999.0,3.0,Canada
C2610,Ankit,nan,-5.0,Mumbai,2023-02-18,2025-02-16,-999.0,3.0,India
,Ankit,F,44.0,Ahmedabad,,,-999.0,3.0,UK
,Simran,F,43.0,Ahmedabad,2022-10-31,,-999.0,10.0,UK
2613,Pooja,male,43.0,Chennai,,,4879.08,3.0,UK
C2614,Kiran,M,-5.0,nan,,,-999.0,3.0,Canada
,Sneha,nan,-5.0,Ahmedabad,,,-999.0,4.0,Canada
C2616,Sneha,Male,200.0,Hyderabad,,2025-07-22,-999.0,3.0,Australia
2617,nan,Male,-5.0,Bangalore,,,404.87,3.0,Canada
,Priya,nan,-5.0,Kolkata,2025-12-27,,-999.0,-1.0,Canada
C2619,Ankit,male,-5.0,Chennai,2024-01-10,,-999.0,-1.0,India
2620,Ravi,nan,27.0,Delhi,,,-999.0,1.0,USA
C2621,Neha,male,62.0,Hyderabad,2021-08-28,2021-02-26,-999.0,10.0,UK
2622,Ravi,Female,200.0,Kolkata,2023-09-22,,696.95,-1.0,UK
C2623,Rahul,nan,200.0,nan,,2025-02-13,3043.67,10.0,Canada
2624,Pooja,Male,200.0,nan,,,4700.4,3.0,UK
,Priya,male,200.0,Bangalore,2022-03-06,,-999.0,-1.0,Australia
2626,Neha,M,50.0,Pune,,,-999.0,-1.0,UK
2627,Pooja,male,200.0,nan,2022-08-04,,-999.0,3.0,India
,nan,female,43.0,Delhi,2021-08-12,2025-10-07,-999.0,3.0,nan
C2629,Ravi,nan,42.0,Delhi,,,3358.04,10.0,Australia
C2630,Kiran,Female,-5.0,Bangalore,2021-02-21,2023-02-27,-999.0,10.0,nan
C2631,Neha,male,55.0,Mumbai,2024-07-02,,364.06,3.0,Canada
C2632,nan,female,200.0,Ahmedabad,2022-05-17,,-999.0,3.0,Canada
2633,Ankit,M,54.0,Kolkata,,2024-05-26,-999.0,5.0,nan
,Priya,Male,-5.0,Bangalore,2020-09-20,,-999.0,-1.0,Canada
C2635,nan,male,200.0,Mumbai,2022-03-19,,-999.0,-1.0,nan
,nan,F,200.0,Bangalore,,2022-07-01,-999.0,3.0,nan
2637,Simran,male,43.0,Ahmedabad,2025-12-03,,-999.0,3.0,India
2638,nan,Male,-5.0,Ahmedabad,2023-11-24,,-999.0,-1.0,nan
,Amit,nan,43.0,Ahmedabad,,,-999.0,1.0,USA
2640,Ravi,Male,24.0,Delhi,2023-01-29,,-999.0,10.0,India
2641,Simran,nan,28.0,Hyderabad,2022-03-22,,-999.0,-1.0,Australia
C2642,Simran,female,43.0,Bangalore,,2020-10-18,-999.0,-1.0,USA
2643,nan,male,-5.0,Kolkata,2025-02-06,2024-12-04,-999.0,2.0,Australia
2644,Pooja,male,-5.0,Delhi,,,-999.0,10.0,Canada
2645,Amit,Male,-5.0,Bangalore,2025-02-02,,-999.0,10.0,Canada
2646,Pooja,Male,65.0,Mumbai,2023-01-14,,-999.0,-1.0,Canada
,Priya,Female,43.0,Bangalore,,,-999.0,10.0,nan
2648,Neha,M,38.0,Hyderabad,,2024-11-20,-999.0,4.0,Canada
,Simran,male,200.0,nan,,2023-05-11,-999.0,3.0,USA
2650,Simran,Female,43.0,Kolkata,2024-11-01,,-999.0,10.0,nan
,Rahul,nan,43.0,Ahmedabad,2020-10-25,,-999.0,10.0,Canada
,Ankit,nan,43.0,Kolkata,,,-999.0,-1.0,Australia
C2653,nan,F,18.0,Delhi,2022-02-11,,-999.0,-1.0,UK
,nan,nan,200.0,Hyderabad,2024-04-12,,-999.0,4.0,USA
2655,Ankit,M,200.0,Chennai,,,288.7,10.0,Canada
2656,nan,Female,43.0,Kolkata,,,-999.0,3.0,Australia
C2657,nan,male,58.0,Hyderabad,2020-12-06,,-999.0,1.0,nan
2658,Sneha,male,29.0,nan,2021-08-19,2021-12-16,-999.0,5.0,Canada
2659,Simran,nan,-5.0,nan,,,-999.0,1.0,USA
C2660,Priya,Female,-5.0,Pune,2021-09-23,2025-07-14,-999.0,3.0,Canada
2661,Neha,M,200.0,nan,,,-999.0,3.0,USA
C2662,Ravi,F,31.0,Mumbai,,,2801.47,-1.0,India
2663,Simran,Female,-5.0,nan,,,-999.0,3.0,India
,nan,Male,49.0,Pune,2020-09-04,,996.42,10.0,USA
,nan,Female,-5.0,Delhi,2022-01-28,,-999.0,10.0,UK
2666,Pooja,Male,200.0,Kolkata,,,3414.89,3.0,India
,Ravi,F,-5.0,Kolkata,,,-999.0,-1.0,nan
2668,Ravi,nan,55.0,nan,,,4663.27,10.0,UK
C2669,Rahul,Male,-5.0,Chennai,,,-999.0,2.0,Australia
2670,nan,F,19.0,Pune,,,3287.68,10.0,USA
2671,Amit,Female,43.0,Kolkata,2023-08-09,,-999.0,10.0,USA
2672,Kiran,female,200.0,Pune,,2021-10-21,3592.46,-1.0,USA
2673,Ravi,female,43.0,Bangalore,2024-07-04,,-999.0,10.0,USA
,Amit,nan,43.0,Pune,2025-05-08,,-999.0,1.0,USA
2675,Simran,F,37.0,Mumbai,2021-04-15,,-999.0,3.0,Australia
,Amit,male,-5.0,Chennai,,,1459.97,-1.0,USA
C2677,Sneha,Female,43.0,Bangalore,,,-999.0,10.0,Australia
C2678,Neha,male,-5.0,Hyderabad,2022-03-07,,-999.0,-1.0,UK
,Ravi,Male,-5.0,Ahmedabad,2020-09-18,,-999.0,4.0,nan
2680,Pooja,male,43.0,Chennai,,2023-08-13,-999.0,2.0,Canada
,nan,nan,200.0,Mumbai,2021-11-03,,-999.0,-1.0,UK
2682,Neha,M,49.0,Hyderabad,,,1381.25,-1.0,nan
2683,Pooja,M,59.0,Delhi,,2024-02-12,3493.24,5.0,nan
2684,Sneha,nan,-5.0,Mumbai,,2021-04-30,1740.2,-1.0,Australia
C2685,nan,male,43.0,Bangalore,,,-999.0,10.0,Canada
2686,Sneha,Male,200.0,Mumbai,,,-999.0,-1.0,USA
,Priya,M,43.0,Kolkata,,2021-07-14,1254.35,3.0,USA
2688,Kiran,Female,53.0,Chennai,,,802.43,2.0,India
2689,Ravi,female,200.0,nan,,,-999.0,10.0,UK
,Kiran,Female,200.0,Kolkata,2023-08-06,,-999.0,3.0,nan
2691,Simran,M,200.0,Pune,2022-05-26,,-999.0,10.0,India
2692,Rahul,nan,200.0,Pune,,,983.32,-1.0,UK
,Kiran,Female,-5.0,Kolkata,2020-09-05,,-999.0,10.0,UK
,Ravi,Male,46.0,Ahmedabad,,,1757.18,3.0,India
2695,nan,nan,43.0,Mumbai,,,919.06,3.0,nan
C2696,Simran,Male,200.0,Pune,2022-08-07,,3549.23,3.0,nan
,Kiran,nan,200.0,Chennai,,2023-07-17,-999.0,3.0,Canada
2698,Pooja,nan,-5.0,Ahmedabad,,,-999.0,-1.0,UK
C2699,nan,nan,-5.0,Kolkata,2023-04-26,,-999.0,3.0,USA
C2700,Ravi,M,200.0,Chennai,,,4030.82,2.0,UK
2701,Kiran,nan,43.0,Delhi,,2022-03-24,994.95,3.0,USA
,Ravi,nan,200.0,Kolkata,2022-02-25,,-999.0,-1.0,nan
,Sneha,F,-5.0,Mumbai,2022-03-28,,171.35,-1.0,Australia
,Priya,male,-5.0,Bangalore,2022-06-07,2021-01-01,-999.0,3.0,India
2705,Neha,Female,-5.0,Chennai,2022-01-03,2023-09-18,-999.0,2.0,USA
C2706,Ankit,M,62.0,Mumbai,,2023-10-06,-999.0,-1.0,UK
2707,nan,nan,200.0,Mumbai,,2025-02-21,-999.0,-1.0,India
2708,Simran,male,200.0,Hyderabad,,,-999.0,-1.0,Canada
,nan,nan,43.0,Ahmedabad,,,-999.0,-1.0,Canada
2710,nan,Female,-5.0,Chennai,,,2552.45,4.0,nan
2711,Amit,male,-5.0,Delhi,2020-09-02,,-999.0,10.0,UK
2712,Pooja,nan,37.0,Pune,,2023-12-30,-999.0,3.0,nan
,Sneha,male,200.0,Bangalore,2021-06-21,,529.03,10.0,Canada
C2714,nan,M,33.0,Pune,,,-999.0,2.0,Canada
2715,Ravi,M,42.0,Kolkata,2022-09-19,,548.25,-1.0,UK
2716,nan,female,68.0,Hyderabad,,,-999.0,3.0,nan
,nan,male,19.0,Hyderabad,2024-03-19,2022-08-04,4173.1,3.0,India
,Ankit,Female,43.0,nan,,,-999.0,10.0,nan
C2719,Ankit,male,200.0,nan,2021-12-25,,4154.62,-1.0,India
2720,Kiran,female,43.0,Ahmedabad,,,-999.0,-1.0,USA
C2721,Ankit,male,-5.0,Hyderabad,,,-999.0,3.0,UK
2722,nan,Female,200.0,nan,,,-999.0,1.0,USA
C2723,Ravi,nan,200.0,Mumbai,,,3611.42,10.0,USA
,nan,female,200.0,Mumbai,2025-09-15,,-999.0,2.0,Australia
2725,Neha,F,-5.0,nan,2020-12-05,,-999.0,3.0,India
2726,Neha,F,43.0,Hyderabad,2024-07-03,,-999.0,10.0,nan
2727,Pooja,M,200.0,Kolkata,,,-999.0,10.0,Australia
2728,Sneha,female,200.0,Pune,,,2282.27,1.0,India
C2729,Ankit,male,43.0,nan,,,-999.0,-1.0,UK
,Ravi,M,43.0,Mumbai,,,-999.0,-1.0,USA
C2731,Priya,nan,200.0,Pune,2020-09-12,,604.87,2.0,India
2732,Ankit,female,-5.0,Ahmedabad,2022-03-23,,-999.0,4.0,Australia
,Kiran,M,-5.0,Ahmedabad,,2023-11-14,-999.0,-1.0,India
2734,Rahul,Female,43.0,Bangalore,,,-999.0,2.0,nan
2735,Ravi,nan,43.0,Kolkata,,2025-05-16,-999.0,3.0,India
2736,Neha,M,-5.0,Chennai,2023-07-26,,3779.31,-1.0,India
2737,nan,male,49.0,Chennai,2025-01-30,,-999.0,-1.0,Australia
2738,Rahul,nan,-5.0,nan,2023-09-25,,-999.0,4.0,Australia
,Ravi,F,19.0,Kolkata,,2023-02-16,-999.0,3.0,nan
2740,Ravi,Female,200.0,Kolkata,,2022-07-10,2004.24,3.0,UK
2741,Ravi,Male,-5.0,Kolkata,,,661.38,4.0,nan
2742,Kiran,F,43.0,Bangalore,2024-11-08,,-999.0,1.0,India
C2743,Ankit,nan,64.0,Ahmedabad,,,-999.0,5.0,Australia
2744,Priya,Male,-5.0,Chennai,2023-10-13,2023-01-04,-999.0,5.0,Australia
,nan,Male,-5.0,Ahmedabad,2023-11-27,,-999.0,-1.0,India
2746,Ravi,F,200.0,Kolkata,,2021-10-19,-999.0,-1.0,Canada
,Ankit,F,-5.0,Kolkata,2025-05-04,,-999.0,3.0,India
,nan,Female,64.0,Mumbai,,,-999.0,3.0,Australia
,Priya,female,43.0,Ahmedabad,2025-06-18,2024-02-21,-999.0,10.0,UK
2750,Simran,female,45.0,Chennai,,,-999.0,10.0,Australia
2751,Priya,nan,57.0,Pune,,,1443.47,10.0,UK
C2752,Simran,female,200.0,Kolkata,,,-999.0,10.0,USA
,Simran,nan,43.0,Delhi,2024-02-01,,-999.0,3.0,UK
2754,Ravi,nan,200.0,Kolkata,2022-09-28,2024-12-24,-999.0,-1.0,India
,Kiran,Male,-5.0,Kolkata,,2020-08-09,-999.0,-1.0,nan
2756,Rahul,nan,-5.0,Mumbai,2024-07-20,2025-12-17,-999.0,3.0,India
,Neha,M,200.0,Pune,2022-03-27,,695.96,3.0,Canada
,Sneha,female,200.0,Kolkata,2023-11-06,2021-10-08,-999.0,3.0,UK
2759,Simran,Male,-5.0,Pune,2023-07-27,,-999.0,10.0,nan
,Priya,M,43.0,Kolkata,,2021-01-13,4448.11,3.0,Australia
C2761,Neha,nan,62.0,Delhi,2021-10-27,2023-01-25,-999.0,10.0,Australia
2762,nan,female,-5.0,Chennai,2021-10-07,,-999.0,-1.0,India
,Rahul,nan,200.0,Mumbai,,,-999.0,5.0,Canada
C2764,Rahul,male,46.0,Kolkata,,,-999.0,1.0,Australia
,Amit,nan,43.0,nan,,2025-08-03,-999.0,3.0,USA
2766,nan,nan,20.0,Pune,,,2882.25,3.0,nan
,Simran,Male,43.0,Ahmedabad,,2025-06-16,4161.42,3.0,nan
2768,Kiran,M,-5.0,Hyderabad,2022-11-09,,-999.0,-1.0,nan
2769,Amit,F,18.0,Ahmedabad,,2021-12-10,-999.0,5.0,Canada
2770,Priya,nan,43.0,Mumbai,2025-08-06,,47.18,3.0,Australia
2771,Priya,Male,43.0,Kolkata,2024-03-24,,-999.0,5.0,UK
2772,nan,nan,-5.0,Ahmedabad,2022-05-22,2023-10-10,3154.67,-1.0,UK
2773,Pooja,F,200.0,Ahmedabad,2021-11-07,2023-05-18,-999.0,-1.0,UK
,Kiran,male,37.0,Pune,,,-999.0,2.0,nan
C2775,Simran,Female,45.0,Ahmedabad,2022-09-28,,-999.0,3.0,Canada
C2776,Ankit,Male,200.0,Chennai,,,-999.0,3.0,Australia
2777,nan,nan,-5.0,Delhi,,,1426.54,3.0,UK
2778,nan,F,-5.0,Delhi,,2024-12-02,-999.0,3.0,Australia
2779,Rahul,nan,200.0,Bangalore,2024-09-10,,1586.21,10.0,USA
,nan,nan,43.0,Ahmedabad,2023-08-18,2021-01-23,-999.0,3.0,USA
C2781,Amit,F,49.0,Hyderabad,,2025-08-08,-999.0,3.0,UK
2782,Neha,F,200.0,nan,2020-11-10,,-999.0,3.0,Australia
2783,Sneha,Male,43.0,Delhi,,2020-10-04,-999.0,5.0,nan
2784,Ravi,female,-5.0,Bangalore,2021-04-29,2024-01-26,-999.0,3.0,India
,Priya,male,43.0,Hyderabad,,,-999.0,5.0,nan
C2786,Priya,Female,43.0,Mumbai,2022-05-04,,-999.0,3.0,USA
,Ravi,nan,18.0,nan,,2023-01-04,-999.0,10.0,UK
2788,Priya,nan,30.0,Ahmedabad,,,-999.0,3.0,India
C2789,Pooja,F,-5.0,Mumbai,2020-09-22,,-999.0,-1.0,Canada
2790,Amit,male,29.0,Delhi,2024-12-08,,-999.0,3.0,Australia
2791,Priya,Female,43.0,Pune,,2024-07-20,-999.0,4.0,Canada
,Simran,Female,44.0,Pune,,,2416.33,3.0,Canada
2793,nan,female,-5.0,Bangalore,,2024-02-16,-999.0,2.0,UK
C2794,nan,Female,200.0,Bangalore,2021-07-04,2024-06-09,-999.0,5.0,UK
2795,nan,male,-5.0,nan,2025-06-26,,-999.0,-1.0,Australia
C2796,Priya,Female,43.0,Mumbai,,2021-04-01,-999.0,3.0,India
,Priya,male,44.0,Chennai,2024-08-31,2022-07-08,45.07,10.0,Australia
2798,Ankit,female,43.0,Kolkata,2022-02-07,2021-04-27,-999.0,10.0,nan
C2799,Ravi,F,39.0,nan,2024-11-13,,-999.0,-1.0,UK
2800,Pooja,male,43.0,Delhi,,,781.14,2.0,UK
2801,Amit,F,200.0,Kolkata,2023-03-20,,3212.13,2.0,India
2802,nan,Female,54.0,Hyderabad,,2022-03-07,-999.0,-1.0,Canada
,Amit,Female,-5.0,Mumbai,,,-999.0,10.0,UK
2804,Sneha,male,43.0,Chennai,2023-12-04,2024-10-23,-999.0,5.0,UK
C2805,Simran,nan,-5.0,nan,,2023-07-20,-999.0,3.0,India
2806,nan,female,37.0,Mumbai,,,-999.0,3.0,UK
2807,Rahul,nan,-5.0,Chennai,,2021-04-10,-999.0,1.0,nan
2808,nan,male,-5.0,Ahmedabad,2025-05-07,2023-02-06,-999.0,-1.0,India
C2809,Amit,Male,200.0,Ahmedabad,,2024-08-28,1141.75,-1.0,nan
C2810,Kiran,nan,-5.0,Kolkata,,2022-01-13,-999.0,2.0,nan
C2811,Simran,Female,49.0,nan,2023-07-19,,-999.0,5.0,UK
,Ankit,nan,43.0,Delhi,,,-999.0,3.0,Australia
2813,Ravi,M,43.0,nan,,,-999.0,-1.0,Canada
2814,nan,F,-5.0,Chennai,,2023-06-11,-999.0,2.0,nan
2815,Priya,Male,200.0,nan,,,-999.0,3.0,India
2816,Neha,nan,200.0,Pune,,,246.52,3.0,Canada
2817,Kiran,F,200.0,Kolkata,,2022-05-06,-999.0,2.0,nan
2818,Rahul,nan,200.0,Pune,,,42.02,4.0,UK
C2819,Pooja,male,44.0,Ahmedabad,,,-999.0,3.0,nan
2820,Simran,M,200.0,Kolkata,,2021-05-19,-999.0,3.0,UK
2821,Sneha,M,43.0,Bangalore,,,-999.0,3.0,USA
2822,Ravi,female,200.0,Ahmedabad,,,-999.0,-1.0,UK
,Priya,Male,200.0,Mumbai,2025-03-26,,4143.97,3.0,UK
,Ravi,female,40.0,Delhi,2021-02-11,,-999.0,-1.0,India
,Kiran,M,-5.0,Delhi,2021-02-22,,197.61,3.0,USA
C2826,Simran,nan,43.0,Kolkata,2024-11-05,,-999.0,10.0,India
2827,Neha,M,43.0,nan,2021-08-18,,-999.0,3.0,UK
2828,Priya,nan,200.0,nan,,,305.17,10.0,nan
C2829,Priya,male,43.0,Bangalore,2020-09-12,,-999.0,3.0,UK
2830,nan,nan,68.0,Mumbai,,2022-09-15,-999.0,3.0,India
,Rahul,Male,43.0,Kolkata,2021-12-01,,-999.0,10.0,Australia
2832,Sneha,female,-5.0,Hyderabad,2023-08-05,,-999.0,3.0,Australia
,Pooja,Female,43.0,Delhi,,,-999.0,10.0,nan
2834,Simran,M,54.0,Ahmedabad,,,-999.0,3.0,nan
C2835,Simran,F,200.0,Delhi,,,-999.0,10.0,nan
,Kiran,Male,43.0,nan,,,-999.0,-1.0,India
,Kiran,male,-5.0,Mumbai,,,-999.0,10.0,USA
2838,Neha,female,43.0,Delhi,2022-08-29,,-999.0,10.0,USA
2839,nan,female,-5.0,Kolkata,2024-06-22,,-999.0,3.0,USA
,Neha,F,-5.0,nan,,,-999.0,3.0,Australia
,Pooja,female,200.0,Pune,2023-12-30,2021-05-22,2778.12,3.0,UK
,Kiran,Male,200.0,Mumbai,2021-06-06,2025-03-08,-999.0,-1.0,USA
,Ravi,female,200.0,Pune,2023-12-26,,-999.0,3.0,Australia
2844,Priya,Male,200.0,Chennai,,,-999.0,3.0,Canada
,Kiran,male,41.0,Pune,,,2709.18,3.0,India
C2846,Amit,nan,-5.0,Hyderabad,,,-999.0,-1.0,Canada
,Priya,F,43.0,Kolkata,,2022-08-12,-999.0,1.0,Canada
C2848,Simran,F,48.0,Hyderabad,2021-09-14,,-999.0,10.0,UK
C2849,Rahul,nan,200.0,Mumbai,,,-999.0,3.0,USA
2850,Priya,Female,-5.0,Kolkata,,2022-11-16,-999.0,3.0,India
2851,nan,Male,35.0,Delhi,,,-999.0,10.0,USA
C2852,Neha,nan,43.0,Bangalore,,,-999.0,4.0,India
2853,Ravi,Male,200.0,Delhi,,,-999.0,3.0,India
2854,Ravi,nan,200.0,nan,,2021-10-04,-999.0,-1.0,Australia
,Sneha,nan,200.0,nan,2024-06-23,,-999.0,3.0,Canada
2856,Neha,Male,200.0,Chennai,,,-999.0,10.0,nan
,Ravi,nan,200.0,Hyderabad,,2025-11-26,-999.0,3.0,USA
2858,Pooja,Male,43.0,nan,,2023-01-17,-999.0,10.0,India
,Pooja,male,25.0,Hyderabad,,2020-11-10,-999.0,10.0,nan
,Neha,female,-5.0,Ahmedabad,2024-11-09,,-999.0,3.0,India
2861,Sneha,Male,200.0,Kolkata,2025-08-26,,2085.06,2.0,USA
C2862,Priya,nan,43.0,Delhi,,2023-05-31,-999.0,3.0,nan
2863,nan,nan,-5.0,Delhi,,2025-09-04,-999.0,10.0,USA
2864,Ravi,nan,200.0,Pune,2022-12-25,,-999.0,3.0,Australia
,Ankit,Male,44.0,Chennai,2025-04-01,2021-12-01,585.69,-1.0,UK
,Simran,female,43.0,Hyderabad,2025-05-06,,-999.0,-1.0,USA
,Sneha,F,-5.0,Delhi,2023-12-28,2021-08-26,-999.0,10.0,Australia
2868,Kiran,F,-5.0,Chennai,,,-999.0,10.0,Canada
C2869,Simran,male,-5.0,Pune,2023-04-24,,-999.0,-1.0,India
,Pooja,F,-5.0,Delhi,,,-999.0,10.0,UK
2871,Neha,nan,-5.0,Kolkata,,2024-07-03,-999.0,3.0,Australia
2872,nan,nan,35.0,Ahmedabad,,,-999.0,3.0,India
C2873,Simran,female,200.0,Ahmedabad,,,-999.0,3.0,Australia
2874,Ankit,Male,-5.0,Chennai,2023-03-26,2025-02-12,1033.93,3.0,Canada
C2875,Neha,M,200.0,Ahmedabad,,,-999.0,10.0,USA
C2876,Priya,Male,58.0,Delhi,2023-12-25,2023-03-22,-999.0,-1.0,nan
,Priya,nan,44.0,Hyderabad,2024-10-18,,678.09,10.0,nan
2878,nan,Female,-5.0,Kolkata,2021-01-20,,-999.0,10.0,USA
2879,Amit,F,200.0,nan,2022-10-02,,-999.0,1.0,Canada
2880,Ankit,nan,-5.0,Chennai,,,-999.0,10.0,UK
C2881,nan,nan,65.0,Delhi,,2024-09-11,-999.0,1.0,UK
2882,Neha,Male,43.0,Ahmedabad,,,-999.0,5.0,Australia
2883,nan,nan,18.0,Bangalore,2020-11-04,,-999.0,3.0,Australia
C2884,Ankit,Male,63.0,Delhi,2021-09-21,,4309.07,1.0,India
2885,Rahul,Female,18.0,nan,,,-999.0,3.0,Canada
C2886,Rahul,male,-5.0,Pune,2025-02-04,2025-10-23,-999.0,-1.0,USA
,Sneha,Female,43.0,Pune,,,-999.0,10.0,India
2888,Rahul,Male,200.0,Pune,,,675.9,2.0,India
2889,Ravi,nan,200.0,Delhi,,,-999.0,10.0,USA
2890,Ravi,M,-5.0,Mumbai,2021-07-26,2024-01-01,-999.0,2.0,Australia
2891,Sneha,nan,43.0,Delhi,,2024-05-01,3672.82,3.0,Australia
,Neha,female,43.0,Hyderabad,2022-04-27,2025-01-30,-999.0,-1.0,Canada
C2893,Ravi,female,30.0,Mumbai,2023-07-19,2020-12-06,-999.0,-1.0,UK
2894,Ravi,male,43.0,Delhi,,2020-12-11,-999.0,2.0,UK
2895,Ravi,nan,200.0,Hyderabad,,2022-03-29,-999.0,3.0,UK
2896,Neha,F,43.0,Kolkata,,,1673.29,-1.0,Australia
,nan,male,38.0,Hyderabad,,2021-04-27,-999.0,1.0,Australia
,Rahul,F,20.0,Kolkata,2023-08-28,,-999.0,-1.0,Canada
,Ankit,nan,200.0,Kolkata,2023-06-25,,-999.0,-1.0,USA
,nan,male,200.0,Ahmedabad,2024-09-30,,-999.0,2.0,UK
,Priya,nan,200.0,Chennai,2023-03-12,2023-02-28,381.4,-1.0,nan
C2902,Kiran,M,200.0,Delhi,,,-999.0,10.0,UK
2903,Neha,male,200.0,Mumbai,,2021-02-21,-999.0,5.0,USA
,Neha,male,43.0,Chennai,2022-04-04,,-999.0,3.0,UK
2905,nan,nan,-5.0,Delhi,,2023-05-31,-999.0,1.0,Australia
2906,Rahul,nan,200.0,Pune,,2023-12-12,-999.0,3.0,Canada
2907,Ravi,M,59.0,Delhi,2025-07-15,,-999.0,3.0,Australia
,Rahul,female,43.0,Delhi,,,-999.0,-1.0,nan
2909,nan,M,43.0,Ahmedabad,2025-02-23,2021-12-22,-999.0,10.0,USA
2910,Ravi,nan,36.0,Mumbai,2022-02-21,,3192.7,10.0,Canada
,Neha,F,200.0,Pune,,,-999.0,3.0,Australia
2912,Pooja,Male,32.0,Hyderabad,2022-11-23,2024-02-19,-999.0,-1.0,India
2913,Ravi,Male,-5.0,Kolkata,2025-01-13,2023-01-06,-999.0,3.0,Australia
C2914,Kiran,Female,43.0,Kolkata,,,-999.0,-1.0,Canada
2915,Simran,male,-5.0,nan,2025-05-06,,-999.0,-1.0,India
2916,Priya,nan,-5.0,Delhi,,,-999.0,10.0,USA
2917,Ravi,Female,200.0,Delhi,,,-999.0,-1.0,USA
2918,Ravi,female,43.0,Delhi,2022-10-18,,-999.0,3.0,UK
,nan,M,200.0,Pune,,,-999.0,-1.0,UK
C2920,Ravi,F,43.0,Pune,2023-06-08,2024-05-02,-999.0,3.0,nan
C2921,Amit,nan,200.0,Kolkata,,,-999.0,5.0,Australia
2922,Priya,nan,27.0,Chennai,2023-06-10,2025-09-02,-999.0,10.0,India
2923,Ravi,male,43.0,Ahmedabad,,,-999.0,3.0,India
,Sneha,Female,43.0,Mumbai,2021-03-20,,-999.0,3.0,Canada
2925,Ravi,nan,64.0,Kolkata,2025-12-22,,-999.0,3.0,nan
,Neha,Female,43.0,Mumbai,2023-03-01,,-999.0,10.0,USA
2927,nan,Female,-5.0,nan,2021-04-16,2024-02-05,-999.0,3.0,UK
C2928,Pooja,F,-5.0,Chennai,,,4206.93,-1.0,Australia
C2929,Ankit,Female,18.0,Ahmedabad,,,4075.32,3.0,India
2930,Kiran,nan,43.0,Hyderabad,,2023-08-29,-999.0,4.0,India
2931,Neha,M,43.0,Hyderabad,2023-01-14,,-999.0,3.0,Canada
C2932,nan,female,43.0,Bangalore,,,-999.0,3.0,Australia
2933,Amit,female,43.0,nan,2025-11-29,2023-05-22,-999.0,3.0,Canada
2934,nan,nan,43.0,Ahmedabad,,2020-12-12,-999.0,-1.0,Australia
C2935,Priya,nan,-5.0,Pune,,2024-10-23,-999.0,-1.0,nan
2936,Sneha,male,32.0,Kolkata,2022-05-25,,836.38,3.0,Canada
C2937,Rahul,Female,200.0,Kolkata,,,-999.0,4.0,USA
,Ankit,Female,43.0,Hyderabad,2025-01-17,,-999.0,10.0,Australia
,Ankit,nan,43.0,Bangalore,2023-05-15,,-999.0,-1.0,USA
2940,Neha,M,43.0,Chennai,2023-01-30,2022-07-28,-999.0,1.0,USA
2941,Rahul,F,200.0,Kolkata,2022-12-21,2022-10-03,901.64,-1.0,nan
2942,Kiran,male,-5.0,Bangalore,,2023-02-23,811.92,-1.0,nan
2943,Rahul,nan,-5.0,Mumbai,,,-999.0,-1.0,UK
,Simran,nan,43.0,Ahmedabad,,,-999.0,10.0,nan
2945,Priya,nan,43.0,Mumbai,2023-09-17,,-999.0,3.0,India
,nan,Male,43.0,Bangalore,2022-03-18,2022-10-29,4626.98,1.0,Australia
,Ankit,Male,20.0,Mumbai,,,-999.0,3.0,nan
,Sneha,F,52.0,Chennai,2024-11-04,,4467.26,2.0,India
C2949,Kiran,F,-5.0,Ahmedabad,2022-03-09,2022-09-02,-999.0,10.0,Australia
,Pooja,Male,47.0,Delhi,,2020-12-06,-999.0,-1.0,USA
2951,Neha,Female,-5.0,nan,,,-999.0,10.0,UK
,nan,nan,-5.0,Chennai,2022-12-19,,-999.0,-1.0,USA
,Kiran,nan,200.0,Mumbai,,2025-08-04,-999.0,3.0,USA
,Ravi,F,43.0,nan,,,-999.0,-1.0,USA
2955,Neha,female,69.0,nan,2023-11-03,,-999.0,10.0,Australia
,Kiran,M,200.0,Ahmedabad,,,-999.0,-1.0,India
2957,Ravi,F,-5.0,Ahmedabad,2020-08-27,2025-12-04,-999.0,10.0,USA
,Simran,nan,43.0,Pune,2025-09-22,2024-05-26,-999.0,3.0,nan
2959,Amit,Male,43.0,Ahmedabad,,2024-12-23,-999.0,10.0,nan
2960,Neha,nan,-5.0,Pune,,,-999.0,10.0,nan
2961,Amit,F,-5.0,Chennai,,,-999.0,10.0,Canada
,Kiran,Female,43.0,Pune,,2025-07-16,-999.0,10.0,USA
,nan,Female,49.0,nan,2021-09-25,,-999.0,3.0,nan
2964,Amit,nan,200.0,Chennai,2024-03-22,2023-05-11,-999.0,3.0,India
2965,Ravi,Female,200.0,Chennai,,2021-03-01,4097.76,3.0,Australia
,Pooja,F,-5.0,Bangalore,,,-999.0,5.0,nan
2967,Ravi,F,39.0,Mumbai,2020-10-19,,-999.0,-1.0,Canada
2968,Priya,Male,200.0,Hyderabad,2022-07-04,2022-11-22,-999.0,-1.0,UK
,Priya,Female,64.0,Bangalore,2021-04-10,2025-10-18,-999.0,5.0,UK
2970,nan,female,43.0,Mumbai,2023-11-06,,-999.0,4.0,India
,Rahul,male,-5.0,Hyderabad,2026-01-15,,841.97,10.0,India
2972,Simran,male,-5.0,Bangalore,,,4038.94,-1.0,UK
C2973,nan,Male,49.0,Bangalore,2024-11-07,,2614.41,3.0,Australia
2974,Neha,M,-5.0,nan,2025-08-16,,2122.95,10.0,India
C2975,Rahul,F,28.0,Bangalore,,,-999.0,10.0,Australia
2976,Ravi,male,68.0,Mumbai,2025-12-09,,-999.0,3.0,Canada
2977,Rahul,male,43.0,Mumbai,,,3415.38,2.0,UK
C2978,nan,Female,43.0,nan,2024-10-30,,-999.0,3.0,UK
C2979,Rahul,female,43.0,Hyderabad,,2023-12-13,-999.0,-1.0,Australia
2980,Neha,F,35.0,nan,2022-03-02,,2570.76,3.0,Canada
2981,Kiran,M,57.0,nan,,2022-02-16,-999.0,10.0,USA
2982,Priya,M,200.0,nan,,2023-04-26,-999.0,-1.0,India
2983,Pooja,Female,43.0,Bangalore,,,-999.0,10.0,India
C2984,Kiran,nan,-5.0,Ahmedabad,,,-999.0,10.0,Australia
C2985,Pooja,nan,43.0,Pune,,,-999.0,-1.0,UK
2986,nan,nan,43.0,Chennai,,2022-01-20,-999.0,10.0,USA
,Kiran,nan,43.0,Kolkata,,,3335.32,3.0,Canada
2988,Simran,nan,43.0,Pune,2022-05-26,,2712.94,10.0,Canada
2989,Simran,F,200.0,Ahmedabad,2023-10-02,2025-07-03,-999.0,10.0,UK
C2990,Rahul,nan,-5.0,Mumbai,2021-01-30,,1935.06,3.0,nan
C2991,Amit,Female,41.0,Bangalore,2025-11-10,2022-02-07,-999.0,1.0,UK
C2992,Pooja,nan,-5.0,Pune,2023-02-15,,2249.55,3.0,India
2993,Rahul,M,200.0,Kolkata,2022-08-31,,3541.94,-1.0,Australia
,Amit,nan,-5.0,Ahmedabad,,2024-02-10,510.86,-1.0,nan
2995,Sneha,F,200.0,Bangalore,,2024-01-20,-999.0,5.0,Canada
2996,Priya,Female,43.0,nan,2020-09-11,2022-02-11,797.59,3.0,Australia
2997,Pooja,male,200.0,Mumbai,2024-07-14,,-999.0,-1.0,USA
C2998,Neha,female,51.0,Bangalore,2022-08-28,,-999.0,3.0,USA
2999,Simran,Female,-5.0,Pune,,,4386.46,-1.0,Australia
C3000,Priya,female,61.0,Kolkata,2023-01-24,,-999.0,-1.0,Canada
3001,nan,Female,43.0,Hyderabad,2021-12-11,,-999.0,-1.0,UK
C3002,Neha,nan,38.0,nan,2023-12-19,,-999.0,1.0,nan
C3003,nan,male,40.0,Mumbai,2020-09-13,,-999.0,5.0,Canada
3004,Ankit,nan,200.0,nan,2022-09-28,2022-08-12,-999.0,3.0,USA
3005,Kiran,nan,20.0,Mumbai,,,-999.0,2.0,Australia
3006,Kiran,Male,43.0,Ahmedabad,,2025-08-05,-999.0,2.0,USA
3007,Priya,female,35.0,Chennai,,2022-04-30,-999.0,5.0,Australia
3008,Priya,Male,200.0,Hyderabad,,,-999.0,3.0,nan
3009,nan,nan,200.0,Mumbai,,,3105.14,10.0,UK
C3010,Rahul,nan,43.0,Chennai,,,-999.0,10.0,UK
3011,nan,Male,-5.0,nan,2021-06-08,2023-09-23,-999.0,10.0,India
3012,Ankit,female,-5.0,nan,2024-02-11,,-999.0,10.0,Canada
,nan,female,43.0,nan,,2024-04-20,2154.39,3.0,Australia
3014,Ravi,Male,-5.0,Delhi,2023-01-07,,-999.0,3.0,Australia
3015,Rahul,nan,-5.0,Ahmedabad,2024-04-06,,-999.0,-1.0,Australia
3016,Ravi,Male,200.0,Hyderabad,2021-10-19,,-999.0,1.0,nan
,Priya,male,43.0,Kolkata,2021-04-29,,-999.0,-1.0,nan
C3018,nan,M,34.0,nan,2023-07-13,,-999.0,10.0,Canada
3019,Simran,male,-5.0,nan,,,-999.0,2.0,USA
,Simran,nan,200.0,Ahmedabad,2025-04-03,,-999.0,3.0,nan
C3021,Simran,Female,43.0,Bangalore,2021-01-24,2021-01-02,-999.0,3.0,Canada
,Amit,Female,43.0,Pune,,2024-10-09,1473.36,-1.0,Australia
3023,nan,Male,200.0,Kolkata,2024-08-11,2025-03-19,3562.99,-1.0,UK
3024,nan,Male,200.0,Ahmedabad,,2022-09-24,1753.34,-1.0,nan
,Ravi,Female,-5.0,Hyderabad,2023-04-13,,-999.0,3.0,Australia
C3026,nan,nan,-5.0,Mumbai,2024-11-18,2025-01-11,98.25,10.0,UK
,Kiran,Female,-5.0,Mumbai,,,2468.75,3.0,UK
3028,Ankit,M,43.0,Chennai,2025-04-02,,2569.83,-1.0,India
3029,Ravi,Male,43.0,Mumbai,2021-08-17,,-999.0,4.0,USA
3030,nan,nan,200.0,Ahmedabad,,2024-10-08,-999.0,-1.0,UK
3031,Ankit,nan,43.0,Mumbai,2023-04-30,,633.0,-1.0,USA
3032,nan,nan,43.0,Ahmedabad,,2021-11-17,-999.0,-1.0,India
,Rahul,nan,200.0,Ahmedabad,,2024-08-27,-999.0,3.0,nan
3034,nan,male,32.0,Chennai,2023-09-24,,294.58,3.0,USA
C3035,Priya,Female,43.0,Bangalore,,2024-08-21,-999.0,-1.0,USA
3036,Amit,Female,37.0,Hyderabad,,,1967.67,10.0,USA
3037,Simran,M,43.0,Pune,,,-999.0,5.0,nan
,Simran,nan,43.0,Bangalore,2022-02-14,2020-11-08,3982.93,3.0,Canada
3039,Sneha,nan,30.0,Pune,2026-01-09,,-999.0,4.0,India
,nan,M,43.0,Ahmedabad,2022-08-05,,953.09,3.0,UK
3041,Kiran,F,42.0,Ahmedabad,2025-08-22,,-999.0,3.0,UK
3042,nan,Male,58.0,Hyderabad,2021-09-17,,-999.0,10.0,nan
3043,Amit,M,43.0,Delhi,,,4836.29,10.0,India
C3044,Priya,Male,43.0,Pune,2025-03-16,2024-11-23,3320.85,-1.0,India
,nan,M,43.0,Bangalore,,,-999.0,-1.0,UK
3046,Ankit,nan,200.0,Hyderabad,,2021-07-12,-999.0,10.0,India
3047,Amit,Female,-5.0,Hyderabad,,,-999.0,-1.0,UK
,Neha,M,200.0,Pune,,,-999.0,2.0,nan
C3049,Pooja,female,-5.0,Bangalore,,,-999.0,10.0,India
3050,Ankit,M,-5.0,Pune,,2023-08-10,-999.0,10.0,USA
,nan,F,-5.0,Chennai,,,-999.0,5.0,India
3052,Neha,F,-5.0,Pune,2026-01-23,2024-02-02,-999.0,-1.0,Canada
,nan,female,43.0,Hyderabad,,,1144.9,-1.0,Australia
C3054,Priya,Male,200.0,Kolkata,,,-999.0,10.0,UK
3055,Ravi,male,200.0,Chennai,,2021-02-04,-999.0,-1.0,Australia
C3056,nan,male,37.0,Hyderabad,2026-01-14,2022-10-03,-999.0,1.0,Australia
,Amit,Male,43.0,Chennai,,2022-10-18,-999.0,-1.0,USA
,Sneha,Male,43.0,Mumbai,2024-11-26,,-999.0,3.0,UK
3059,Ravi,Female,-5.0,Delhi,2022-10-09,2024-03-22,-999.0,3.0,Canada
3060,Pooja,male,44.0,Pune,,,-999.0,4.0,UK
3061,nan,male,200.0,Ahmedabad,,2021-04-03,4120.04,-1.0,India
,Rahul,M,30.0,Delhi,,,-999.0,3.0,UK
3063,nan,F,-5.0,nan,2022-08-17,2023-08-29,-999.0,4.0,USA
,nan,nan,69.0,Ahmedabad,2024-10-02,,-999.0,3.0,Australia
3065,Simran,nan,-5.0,Mumbai,,,3182.31,2.0,nan
3066,Ankit,Female,36.0,Bangalore,,,-999.0,-1.0,USA
3067,Ankit,female,43.0,Pune,,2020-09-22,4420.42,-1.0,Australia
,Sneha,F,43.0,Kolkata,2021-04-15,,3900.07,-1.0,USA
3069,Neha,Male,49.0,Pune,,2023-07-20,2955.95,-1.0,USA
3070,nan,nan,43.0,Hyderabad,,,-999.0,3.0,India
3071,Ravi,Male,47.0,Mumbai,,2022-01-31,-999.0,5.0,UK
,Sneha,female,43.0,Hyderabad,,,-999.0,3.0,India
3073,Amit,female,43.0,Pune,,,92.53,-1.0,Canada
3074,Ravi,M,43.0,Kolkata,,,-999.0,10.0,Australia
C3075,Amit,male,43.0,Delhi,,,-999.0,3.0,India
3076,Ankit,female,43.0,Hyderabad,,2024-11-13,-999.0,3.0,Canada
3077,Ankit,M,43.0,Ahmedabad,2020-09-17,,1939.42,-1.0,Canada
,Pooja,nan,200.0,Delhi,,,-999.0,-1.0,USA
C3079,Priya,Female,43.0,Chennai,2025-04-22,,-999.0,5.0,Australia
C3080,Simran,female,30.0,Bangalore,,2022-04-26,-999.0,-1.0,USA
3081,Pooja,female,200.0,Hyderabad,2023-09-18,,-999.0,3.0,Canada
3082,Sneha,F,43.0,Kolkata,2022-11-08,,-999.0,3.0,nan
3083,Pooja,F,42.0,nan,,2024-12-20,-999.0,-1.0,UK
3084,Pooja,Female,28.0,Pune,,2025-12-29,-999.0,3.0,UK
C3085,Sneha,M,43.0,Delhi,,,-999.0,3.0,Canada
3086,Neha,M,41.0,Bangalore,2023-03-03,2024-11-29,4034.72,4.0,USA
3087,Priya,nan,-5.0,nan,,,3296.93,3.0,nan
,Sneha,male,43.0,Pune,2025-08-17,2021-11-10,4992.32,1.0,nan
C3089,Priya,female,24.0,Mumbai,2022-07-13,,-999.0,10.0,Canada
3090,Amit,male,43.0,Chennai,2022-09-16,,-999.0,-1.0,Australia
,Neha,nan,43.0,Delhi,2024-09-14,2024-08-21,-999.0,-1.0,Canada
3092,Simran,Male,200.0,Ahmedabad,,,-999.0,10.0,USA
,Kiran,Male,-5.0,Kolkata,2025-12-29,,-999.0,10.0,UK
C3094,Priya,Male,-5.0,Mumbai,2024-08-01,,10.31,-1.0,India
3095,Sneha,F,-5.0,Bangalore,2023-11-12,2023-09-15,-999.0,3.0,USA
C3096,Amit,nan,43.0,Hyderabad,2021-12-12,,-999.0,-1.0,UK
C3097,nan,female,43.0,Kolkata,2021-08-09,2025-02-27,-999.0,10.0,USA
,Ankit,Male,200.0,Mumbai,,,-999.0,3.0,Canada
C3099,nan,Female,-5.0,Bangalore,2023-03-28,,-999.0,10.0,nan
,Sneha,Female,34.0,Bangalore,,,-999.0,1.0,USA
3101,Simran,nan,43.0,Chennai,2022-06-27,,-999.0,3.0,Australia
3102,nan,female,200.0,Hyderabad,,,4837.06,-1.0,Canada
C3103,Sneha,Male,-5.0,Delhi,,2021-04-06,-999.0,1.0,Canada
,Pooja,Female,-5.0,Delhi,,,-999.0,-1.0,Australia
C3105,Kiran,M,43.0,Pune,2023-08-14,2023-06-02,2452.95,5.0,nan
,nan,male,41.0,Ahmedabad,2024-05-15,2023-10-21,-999.0,1.0,nan
3107,Neha,Female,200.0,Hyderabad,2023-07-21,2022-06-09,-999.0,-1.0,UK
3108,Neha,Male,200.0,Bangalore,,,318.1,3.0,India
C3109,nan,F,43.0,nan,,,-999.0,4.0,UK
3110,Neha,Female,56.0,Pune,,2023-04-30,3787.77,10.0,UK
3111,Ankit,male,-5.0,Pune,2023-05-22,2021-03-01,-999.0,10.0,Canada
3112,Pooja,nan,43.0,nan,,2025-01-05,4301.25,10.0,UK
,Rahul,Female,25.0,Pune,,2025-10-17,-999.0,3.0,India
C3114,Priya,Female,-5.0,Pune,2023-07-25,,1664.52,1.0,nan
3115,Kiran,male,43.0,Ahmedabad,,2021-10-24,-999.0,5.0,Australia
3116,Ankit,Female,-5.0,Delhi,2020-12-01,2025-07-07,-999.0,-1.0,nan
3117,Priya,Female,43.0,Chennai,2025-06-18,2024-07-02,-999.0,2.0,nan
,Pooja,Male,49.0,Pune,,2022-06-07,-999.0,3.0,Australia
3119,Amit,nan,43.0,nan,,,-999.0,3.0,Canada
,nan,nan,200.0,Hyderabad,,2021-03-06,-999.0,10.0,Australia
3121,Amit,F,43.0,nan,2023-09-08,,-999.0,10.0,UK
,Kiran,nan,-5.0,Delhi,,2023-05-06,800.37,-1.0,nan
C3123,Rahul,nan,55.0,Kolkata,2024-08-09,,-999.0,-1.0,India
C3124,Sneha,M,200.0,Mumbai,,2024-03-10,927.31,1.0,nan
,Sneha,nan,60.0,Mumbai,,,-999.0,-1.0,Canada
3126,Priya,M,43.0,Ahmedabad,,2022-07-13,-999.0,10.0,UK
C3127,Sneha,female,-5.0,Bangalore,,,-999.0,3.0,UK
,nan,female,43.0,Hyderabad,2023-05-16,2022-11-20,-999.0,-1.0,UK
C3129,Pooja,female,-5.0,Hyderabad,2023-07-04,2025-09-02,-999.0,10.0,UK
3130,Amit,F,-5.0,Mumbai,,2021-11-12,-999.0,10.0,Australia
C3131,nan,nan,43.0,Bangalore,2021-10-05,,-999.0,3.0,Australia
C3132,Pooja,Female,-5.0,Delhi,2021-01-14,,866.15,-1.0,UK
C3133,Rahul,F,26.0,Pune,,2024-08-18,-999.0,10.0,UK
3134,Simran,nan,49.0,Mumbai,,,-999.0,10.0,USA
3135,Neha,Male,49.0,Hyderabad,,,-999.0,-1.0,Canada
3136,Sneha,Female,43.0,Chennai,,,1675.42,-1.0,Canada
3137,nan,F,43.0,Delhi,,2025-01-04,1974.76,10.0,India
3138,Kiran,Male,43.0,Bangalore,,2023-01-14,-999.0,3.0,Australia
C3139,Amit,Female,-5.0,Kolkata,,,-999.0,10.0,USA
3140,Sneha,F,52.0,nan,2023-02-06,,176.98,10.0,UK
3141,Rahul,M,200.0,Bangalore,,,4507.0,3.0,Australia
3142,Rahul,nan,51.0,Mumbai,,,2769.97,10.0,nan
3143,Kiran,male,-5.0,Chennai,2021-03-01,2021-09-29,-999.0,10.0,nan
3144,Neha,M,-5.0,Hyderabad,2024-01-29,,-999.0,10.0,nan
3145,nan,Female,41.0,Kolkata,2023-01-31,2022-12-21,-999.0,-1.0,nan
3146,Kiran,F,43.0,Ahmedabad,2024-05-27,,-999.0,-1.0,Canada
,nan,nan,21.0,Chennai,2025-05-16,,-999.0,3.0,Canada
C3148,Ravi,nan,65.0,Hyderabad,2023-10-30,,-999.0,3.0,Canada
3149,Pooja,M,70.0,Kolkata,,,-999.0,-1.0,USA
C3150,Rahul,nan,-5.0,Chennai,,,-999.0,2.0,India
C3151,Sneha,M,200.0,nan,,2024-12-11,2469.79,-1.0,India
C3152,nan,F,43.0,Kolkata,,,-999.0,3.0,UK
3153,Simran,Female,43.0,Kolkata,,,-999.0,10.0,UK
3154,nan,nan,-5.0,Pune,2024-11-07,,3966.39,4.0,India
C3155,Neha,female,43.0,Hyderabad,,2024-08-25,-999.0,1.0,Canada
3156,Priya,M,200.0,Delhi,2024-12-28,,1011.03,3.0,UK
C3157,Ravi,nan,43.0,Mumbai,2022-05-23,2023-10-26,1870.52,10.0,nan
,Sneha,nan,-5.0,Chennai,,,-999.0,10.0,Canada
3159,nan,M,43.0,Bangalore,,,-999.0,10.0,Australia
C3160,Simran,Male,-5.0,Mumbai,2024-05-25,,-999.0,10.0,USA
C3161,nan,nan,51.0,Bangalore,,,-999.0,-1.0,USA
3162,Neha,male,-5.0,Mumbai,2025-09-23,2023-12-17,3103.42,10.0,Australia
C3163,nan,Female,43.0,Hyderabad,,,-999.0,3.0,UK
3164,Rahul,F,43.0,Kolkata,2023-08-28,2020-09-11,-999.0,-1.0,Australia
3165,Amit,male,200.0,Ahmedabad,,,-999.0,3.0,USA
C3166,Ravi,nan,43.0,Hyderabad,2022-09-17,,-999.0,10.0,USA
C3167,Ankit,female,-5.0,Chennai,,,-999.0,1.0,Australia
,Priya,nan,200.0,Kolkata,,2020-10-23,-999.0,1.0,Canada
3169,nan,F,-5.0,nan,2021-06-21,,-999.0,10.0,UK
3170,Ravi,M,43.0,Ahmedabad,,,-999.0,10.0,Australia
,Ravi,F,200.0,Ahmedabad,,,2388.78,3.0,UK
3172,Neha,Female,-5.0,Pune,,2021-06-20,-999.0,-1.0,nan
,Simran,Male,200.0,Pune,2020-11-20,,1357.66,-1.0,UK
C3174,Neha,nan,-5.0,Hyderabad,2025-06-08,,-999.0,10.0,Canada
,Priya,male,43.0,Hyderabad,,,-999.0,3.0,nan
3176,Ravi,F,-5.0,Delhi,,,4068.17,5.0,Canada
3177,Rahul,nan,200.0,Ahmedabad,2022-03-29,,3769.87,3.0,USA
3178,Kiran,male,200.0,Hyderabad,2020-09-15,,-999.0,-1.0,Canada
3179,Amit,male,25.0,Bangalore,,2022-06-14,-999.0,3.0,nan
3180,Neha,female,-5.0,Ahmedabad,2024-11-21,,2094.51,3.0,nan
,Ravi,nan,43.0,Chennai,,2020-10-21,-999.0,10.0,Canada
3182,Pooja,Female,200.0,nan,,,-999.0,10.0,Australia
3183,Ankit,nan,29.0,Bangalore,2025-07-24,,-999.0,3.0,Canada
3184,Pooja,M,200.0,Hyderabad,,,-999.0,3.0,Canada
,Kiran,female,-5.0,Bangalore,,2025-09-25,-999.0,10.0,Canada
3186,Neha,Female,69.0,Pune,2023-04-27,2025-03-16,-999.0,3.0,USA
C3187,Neha,nan,22.0,Mumbai,2023-12-20,,-999.0,3.0,Canada
3188,Rahul,Male,43.0,Delhi,2024-08-07,,3942.99,-1.0,Australia
,Priya,M,200.0,Hyderabad,,,-999.0,3.0,USA
3190,Simran,F,-5.0,Delhi,,2021-04-01,-999.0,3.0,nan
,Kiran,male,43.0,Mumbai,,,-999.0,3.0,India
C3192,Rahul,Female,200.0,Delhi,2024-01-14,,-999.0,10.0,UK
3193,Neha,F,43.0,Mumbai,,,915.11,10.0,nan
C3194,Kiran,female,59.0,Pune,2025-11-14,,-999.0,3.0,USA
3195,nan,male,43.0,Kolkata,2023-01-28,,3957.82,5.0,Canada
3196,Neha,nan,43.0,Kolkata,,,-999.0,10.0,India
,nan,male,200.0,Chennai,,2025-08-13,-999.0,3.0,USA
3198,Kiran,M,-5.0,nan,,2025-09-10,4300.64,3.0,India
3199,Amit,Female,200.0,Ahmedabad,,,711.22,3.0,India
C3200,Pooja,female,43.0,Bangalore,2022-12-06,,-999.0,10.0,USA
3201,Amit,Male,43.0,nan,2020-11-25,,-999.0,-1.0,UK
3202,Neha,M,19.0,Hyderabad,,2021-04-19,-999.0,10.0,India
C3203,Simran,nan,34.0,Bangalore,2022-06-12,,-999.0,1.0,Canada
,nan,Female,-5.0,Pune,2024-07-01,,643.18,3.0,USA
3205,nan,M,43.0,Bangalore,,,-999.0,10.0,India
C3206,Priya,nan,43.0,nan,2024-12-06,2022-08-14,-999.0,10.0,India
,nan,F,43.0,Pune,2023-11-21,,-999.0,5.0,Australia
3208,Sneha,nan,200.0,Kolkata,2021-03-08,,-999.0,3.0,UK
,Sneha,nan,200.0,nan,,,-999.0,-1.0,Canada
C3210,Sneha,Male,-5.0,Delhi,2023-03-15,,-999.0,3.0,nan
3211,nan,Male,200.0,Kolkata,2025-01-21,2022-12-25,-999.0,3.0,Canada
,Priya,female,-5.0,Hyderabad,,,-999.0,10.0,Canada
C3213,Ankit,F,200.0,Bangalore,,,510.72,3.0,nan
C3214,Sneha,female,43.0,Delhi,2023-08-04,,-999.0,10.0,USA
3215,Simran,nan,43.0,Mumbai,,,-999.0,4.0,UK
,Rahul,M,60.0,Pune,2022-04-04,2023-11-30,-999.0,5.0,USA
3217,Pooja,M,200.0,Bangalore,2021-05-22,,3749.78,2.0,India
3218,Priya,male,19.0,Ahmedabad,2022-11-08,,-999.0,-1.0,nan
,Sneha,Male,53.0,Pune,2025-02-03,,-999.0,2.0,UK
,Sneha,Female,-5.0,Kolkata,2020-11-18,,1489.83,4.0,Australia
3221,Rahul,M,200.0,Hyderabad,,,-999.0,3.0,nan
,nan,M,43.0,nan,,2022-07-01,230.95,1.0,nan
3223,Neha,M,200.0,Bangalore,,,-999.0,2.0,USA
C3224,nan,male,43.0,Ahmedabad,,2020-08-16,-999.0,3.0,USA
,Rahul,Female,43.0,Chennai,,2022-08-27,3487.32,1.0,nan
,Simran,Female,200.0,Ahmedabad,2021-03-10,,-999.0,-1.0,Australia
3227,Rahul,Male,66.0,nan,,,-999.0,2.0,nan
,nan,female,200.0,Mumbai,,,-999.0,-1.0,India
,Priya,Male,43.0,Chennai,2024-06-25,,-999.0,4.0,India
3230,Rahul,female,26.0,Ahmedabad,,,-999.0,10.0,nan
,Amit,F,-5.0,Pune,2021-04-07,2022-09-23,-999.0,-1.0,India
,Kiran,Male,-5.0,Hyderabad,2024-12-04,2024-06-25,-999.0,3.0,Canada
3233,Ravi,M,43.0,Chennai,2025-09-01,,3929.08,-1.0,nan
,Pooja,nan,-5.0,Delhi,,,-999.0,10.0,India
,nan,F,-5.0,Kolkata,2024-02-27,2025-05-12,-999.0,10.0,India
,nan,F,19.0,Mumbai,2023-11-01,,-999.0,3.0,India
,Amit,nan,200.0,Kolkata,,2024-08-26,-999.0,2.0,USA
3238,Neha,female,43.0,nan,,,2219.59,4.0,Australia
3239,Neha,male,200.0,Hyderabad,,,-999.0,-1.0,USA
3240,Neha,nan,-5.0,nan,,,4221.85,10.0,nan
3241,Priya,male,-5.0,Mumbai,2024-11-17,,-999.0,10.0,USA
3242,Rahul,nan,200.0,Bangalore,,,4956.77,3.0,Canada
C3243,Sneha,female,52.0,Ahmedabad,2021-04-20,2023-12-08,-999.0,10.0,nan
3244,Pooja,nan,-5.0,nan,2021-11-28,,-999.0,10.0,Canada
,Pooja,Male,200.0,Bangalore,2025-06-02,2021-11-12,-999.0,3.0,Australia
3246,Kiran,F,200.0,Pune,2020-09-28,,-999.0,3.0,Australia
,Neha,M,-5.0,Pune,2022-11-07,,-999.0,2.0,India
3248,Priya,Male,62.0,Bangalore,2024-12-23,,-999.0,10.0,UK
,Ravi,Female,43.0,Hyderabad,,,-999.0,-1.0,India
3250,Simran,male,33.0,Hyderabad,2023-01-20,,688.65,3.0,USA
3251,Ravi,F,53.0,Chennai,2020-12-03,,-999.0,-1.0,Australia
,nan,nan,-5.0,Ahmedabad,,,-999.0,10.0,USA
,Ankit,nan,43.0,Pune,2026-01-14,,-999.0,10.0,USA
C3254,Neha,male,43.0,Delhi,2022-02-13,,-999.0,10.0,India
3255,Kiran,nan,43.0,Delhi,,,-999.0,-1.0,Canada
3256,Rahul,Male,200.0,Pune,,2021-05-13,-999.0,5.0,USA
3257,Rahul,Female,43.0,Kolkata,2025-06-30,,-999.0,10.0,India
,nan,nan,43.0,Mumbai,,,-999.0,10.0,USA
,Simran,female,34.0,Mumbai,,2024-01-30,227.43,-1.0,Canada
3260,nan,nan,-5.0,Bangalore,2021-11-02,,253.48,2.0,nan
,Neha,F,67.0,Hyderabad,,,-999.0,10.0,Canada
C3262,nan,M,34.0,Ahmedabad,,,-999.0,5.0,Canada
3263,Priya,M,43.0,nan,2024-04-07,2022-03-08,4482.09,3.0,Canada
3264,nan,M,-5.0,Mumbai,2021-08-18,,930.7,10.0,nan
,Neha,F,40.0,Delhi,2025-06-29,,-999.0,10.0,USA
3266,Kiran,nan,200.0,Ahmedabad,2021-04-21,,-999.0,5.0,nan
C3267,Priya,M,-5.0,nan,2021-02-11,,-999.0,2.0,UK
C3268,Sneha,nan,69.0,Hyderabad,,,-999.0,1.0,nan
C3269,Kiran,female,51.0,Ahmedabad,2021-03-17,2025-09-28,4862.87,10.0,India
3270,Ankit,F,43.0,Chennai,2020-08-30,2021-06-05,3061.26,3.0,India
,nan,nan,200.0,Ahmedabad,,,1904.01,3.0,Australia
C3272,Amit,nan,19.0,nan,2024-09-11,,1888.88,3.0,Canada
3273,Amit,F,20.0,Pune,2025-05-30,,-999.0,5.0,UK
3274,nan,F,200.0,Mumbai,2025-03-23,2022-03-06,-999.0,5.0,UK
C3275,Kiran,female,43.0,Delhi,2021-01-09,,-999.0,10.0,Canada
,Sneha,female,43.0,Hyderabad,2022-10-05,,-999.0,10.0,UK
C3277,Neha,nan,43.0,Mumbai,,,-999.0,10.0,Canada
3278,Neha,nan,43.0,Ahmedabad,2021-08-27,2023-11-14,-999.0,10.0,Australia
,Neha,male,44.0,Hyderabad,2022-10-02,2021-02-18,-999.0,10.0,UK
3280,Pooja,nan,43.0,Bangalore,2025-06-24,2022-12-01,-999.0,10.0,UK
,Priya,M,43.0,Hyderabad,2023-02-21,2020-10-14,-999.0,4.0,India
3282,nan,nan,33.0,Bangalore,,,-999.0,-1.0,USA
,Sneha,nan,-5.0,Kolkata,,,-999.0,-1.0,USA
,Rahul,M,-5.0,Delhi,,2021-08-31,376.69,3.0,Canada
C3285,Pooja,nan,-5.0,Ahmedabad,2021-12-18,,-999.0,3.0,Canada
C3286,Sneha,Male,-5.0,Mumbai,2025-11-21,,-999.0,5.0,USA
3287,Simran,nan,38.0,Hyderabad,,,-999.0,-1.0,Canada
C3288,Rahul,M,30.0,Hyderabad,,,-999.0,10.0,UK
3289,Priya,female,-5.0,Delhi,,2022-08-02,-999.0,10.0,Canada
3290,Priya,female,200.0,Mumbai,,,-999.0,3.0,USA
C3291,Priya,M,200.0,Mumbai,2022-10-06,,-999.0,10.0,USA
C3292,Priya,female,-5.0,Pune,,2022-08-14,-999.0,4.0,UK
3293,Pooja,nan,-5.0,Bangalore,,,1633.16,2.0,India
,Ankit,nan,-5.0,Delhi,,,-999.0,-1.0,nan
,Neha,Male,43.0,Chennai,2024-08-30,,-999.0,-1.0,nan
3296,Neha,nan,-5.0,Pune,2025-10-22,2022-05-28,-999.0,3.0,USA
3297,nan,Female,-5.0,Kolkata,,2022-03-11,-999.0,10.0,USA
C3298,Neha,male,39.0,Bangalore,,2025-05-14,-999.0,-1.0,USA
3299,Sneha,nan,-5.0,Hyderabad,,,3619.45,10.0,nan
,Ankit,M,-5.0,Kolkata,,2022-06-16,2803.81,-1.0,UK
3301,Ankit,nan,43.0,Pune,,2022-02-09,-999.0,-1.0,UK
C3302,Rahul,Male,50.0,Kolkata,,,-999.0,-1.0,UK
3303,Rahul,Female,-5.0,Bangalore,,2021-03-16,-999.0,3.0,UK
3304,nan,nan,56.0,Ahmedabad,,2021-11-13,-999.0,3.0,UK
3305,Ravi,M,47.0,Delhi,2022-06-16,,-999.0,-1.0,nan
,Neha,Female,-5.0,Pune,2023-01-30,,-999.0,10.0,Canada
,Kiran,nan,51.0,nan,2024-10-07,,-999.0,-1.0,Canada
C3308,Kiran,nan,45.0,Ahmedabad,2025-10-07,,462.14,-1.0,Australia
,nan,nan,33.0,Delhi,2022-07-02,,3064.63,10.0,India
,Kiran,nan,-5.0,nan,2023-05-14,,1755.33,-1.0,Australia
3311,Neha,F,43.0,Bangalore,,,-999.0,-1.0,Australia
3312,Sneha,female,200.0,Pune,,,4514.08,4.0,nan
C3313,Amit,Male,200.0,Chennai,,,-999.0,3.0,nan
3314,nan,M,60.0,Pune,,2025-09-09,-999.0,5.0,USA
,Pooja,female,43.0,Hyderabad,,,1053.8,3.0,UK
C3316,Rahul,nan,200.0,Delhi,2022-03-19,,-999.0,-1.0,Canada
C3317,Rahul,nan,200.0,Bangalore,2024-06-20,,-999.0,-1.0,Canada
3318,Amit,Male,-5.0,nan,2023-03-28,,-999.0,10.0,Australia
C3319,Amit,F,-5.0,Bangalore,,2025-06-04,-999.0,3.0,India
3320,Ankit,Female,43.0,Chennai,2023-06-02,,-999.0,1.0,Australia
C3321,Sneha,nan,43.0,Hyderabad,,,-999.0,-1.0,USA
,Priya,female,57.0,Hyderabad,2023-07-20,,3885.49,-1.0,USA
C3323,Neha,nan,43.0,nan,2024-02-10,2020-09-07,-999.0,2.0,nan
C3324,Kiran,nan,28.0,Mumbai,2025-08-09,2026-01-12,1230.67,10.0,nan
3325,Sneha,M,-5.0,Ahmedabad,2023-04-07,,-999.0,2.0,nan
C3326,Pooja,nan,200.0,Mumbai,,2022-11-06,-999.0,10.0,Australia
C3327,Rahul,F,200.0,Hyderabad,2025-10-30,,3667.25,3.0,Canada
3328,Priya,Female,43.0,nan,2023-08-12,2021-06-19,4376.16,-1.0,Australia
C3329,Pooja,male,-5.0,Pune,,2021-11-24,238.72,-1.0,nan
,Ankit,Female,43.0,Delhi,2025-12-16,,-999.0,5.0,Australia
3331,nan,nan,-5.0,Mumbai,2024-01-22,2024-04-02,-999.0,1.0,India
3332,Ankit,Male,-5.0,Hyderabad,,2024-03-11,2104.77,-1.0,Australia
C3333,Simran,F,200.0,Ahmedabad,,,-999.0,3.0,nan
C3334,Rahul,female,200.0,Hyderabad,2025-01-04,2023-10-22,-999.0,10.0,nan
3335,Priya,female,-5.0,Chennai,2026-01-16,2026-01-22,-999.0,-1.0,UK
3336,Ankit,F,-5.0,Ahmedabad,,,1145.13,3.0,Canada
3337,Rahul,female,200.0,Mumbai,2024-05-11,,2783.52,5.0,Canada
3338,Kiran,F,-5.0,Hyderabad,,,2236.72,10.0,UK
3339,Ankit,M,65.0,Delhi,2025-10-15,,-999.0,-1.0,Australia
C3340,Priya,Female,200.0,Pune,2025-02-10,2022-07-20,-999.0,10.0,Canada
3341,nan,Female,70.0,Mumbai,2020-10-10,2022-05-14,-999.0,3.0,India
3342,Kiran,Male,200.0,Ahmedabad,,2020-09-13,-999.0,3.0,nan
,Priya,male,-5.0,nan,,2026-01-03,2643.14,10.0,UK
3344,nan,female,43.0,Hyderabad,2024-07-28,,-999.0,-1.0,India
3345,Kiran,male,-5.0,Chennai,,,-999.0,10.0,Canada
C3346,Sneha,nan,43.0,Bangalore,2022-02-16,,-999.0,10.0,Canada
,Priya,M,200.0,Bangalore,2021-10-11,2025-04-13,227.6,10.0,USA
3348,Ankit,Male,43.0,Delhi,2024-12-22,2023-11-19,-999.0,3.0,Australia
3349,nan,Male,25.0,Hyderabad,,,-999.0,3.0,nan
,Ravi,F,43.0,Pune,,2020-08-17,297.29,3.0,India
3351,Neha,female,200.0,Ahmedabad,,2020-08-07,-999.0,4.0,USA
3352,Amit,nan,-5.0,Ahmedabad,,,-999.0,3.0,nan
3353,Pooja,nan,63.0,Ahmedabad,,2021-04-01,4149.46,-1.0,Australia
C3354,Neha,F,200.0,Delhi,2021-10-27,,-999.0,-1.0,Australia
3355,Pooja,nan,200.0,Chennai,,,-999.0,3.0,Canada
3356,Priya,Female,-5.0,Chennai,2022-04-23,2024-12-19,3582.91,1.0,USA
3357,Neha,nan,200.0,Kolkata,2024-08-14,2025-02-19,1865.4,3.0,USA
3358,Sneha,nan,-5.0,Bangalore,2023-04-25,,-999.0,3.0,nan
3359,nan,male,62.0,nan,2024-11-12,2024-05-03,-999.0,5.0,nan
,Rahul,female,43.0,Bangalore,,2023-07-16,-999.0,-1.0,Canada
,Amit,female,200.0,Hyderabad,,2021-05-15,-999.0,-1.0,USA
C3362,Rahul,nan,43.0,Mumbai,2024-08-24,,-999.0,3.0,Australia
,Amit,male,43.0,Pune,,,-999.0,3.0,UK
3364,Simran,female,43.0,nan,2021-10-22,,-999.0,3.0,USA
3365,Rahul,Female,-5.0,Hyderabad,,,-999.0,4.0,India
3366,Ankit,nan,40.0,Pune,2024-03-04,,-999.0,3.0,Canada
,Neha,F,200.0,Delhi,2024-08-20,,-999.0,3.0,Australia
3368,Kiran,male,32.0,nan,,2022-05-29,-999.0,10.0,Canada
C3369,Simran,F,49.0,Mumbai,,,-999.0,1.0,USA
3370,Neha,Female,-5.0,Kolkata,2025-09-29,,-999.0,3.0,Australia
C3371,Rahul,F,-5.0,nan,,,2047.52,10.0,USA
C3372,Kiran,M,-5.0,Mumbai,2023-07-07,,-999.0,10.0,nan
3373,Priya,F,43.0,Pune,,,-999.0,-1.0,UK
3374,Priya,nan,200.0,Mumbai,,2021-11-22,352.4,-1.0,India
C3375,Priya,male,-5.0,Bangalore,,,-999.0,2.0,Australia
C3376,Amit,Male,43.0,Chennai,2023-12-15,,-999.0,-1.0,Australia
3377,nan,Male,200.0,Delhi,,,-999.0,-1.0,Canada
3378,nan,nan,-5.0,Mumbai,2022-08-11,2022-08-14,4157.56,10.0,Canada
,Rahul,Male,43.0,Ahmedabad,2024-06-14,,-999.0,3.0,Canada
3380,Rahul,Female,200.0,Mumbai,,2023-05-23,-999.0,2.0,UK
,Simran,nan,43.0,Mumbai,,,-999.0,-1.0,Australia
3382,Pooja,male,-5.0,Hyderabad,,,-999.0,-1.0,India
,nan,nan,43.0,Chennai,,,2178.52,3.0,nan
,nan,Male,-5.0,Kolkata,2023-10-19,,-999.0,10.0,USA
C3385,nan,Female,43.0,Chennai,2024-06-21,,-999.0,3.0,Canada
,Ravi,female,-5.0,Delhi,,2022-08-11,-999.0,4.0,Australia
,Priya,female,-5.0,Ahmedabad,,2022-11-07,-999.0,3.0,India
3388,Amit,nan,43.0,Ahmedabad,2025-10-22,,-999.0,5.0,UK
C3389,Priya,Male,43.0,Kolkata,,,-999.0,5.0,USA
3390,Amit,nan,-5.0,Pune,2024-08-17,,-999.0,-1.0,India
C3391,nan,nan,200.0,Chennai,2023-09-21,,-999.0,3.0,India
C3392,Ankit,female,39.0,Chennai,,2022-08-07,988.83,10.0,USA
C3393,Simran,F,43.0,Kolkata,2025-07-09,,-999.0,-1.0,USA
C3394,Rahul,male,-5.0,Kolkata,,,-999.0,4.0,UK
3395,Ankit,male,43.0,Pune,,,-999.0,-1.0,UK
3396,Sneha,nan,-5.0,Mumbai,2022-08-14,,2643.71,10.0,India
3397,Sneha,nan,200.0,nan,2020-12-25,,-999.0,-1.0,UK
3398,Ankit,Female,43.0,Chennai,2025-12-11,,-999.0,10.0,Canada
3399,Amit,female,-5.0,Kolkata,2021-06-27,,-999.0,10.0,nan
,Pooja,male,43.0,nan,2021-11-02,2021-09-05,1608.69,-1.0,India
C3401,nan,nan,20.0,Ahmedabad,2025-09-16,2024-06-26,-999.0,5.0,USA
C3402,Ankit,M,43.0,Delhi,,,-999.0,3.0,Canada
3403,Amit,F,43.0,Mumbai,,,-999.0,5.0,India
3404,Ravi,nan,200.0,Ahmedabad,,,-999.0,3.0,India
C3405,Neha,Female,31.0,Kolkata,2025-07-27,,957.84,5.0,India
3406,Rahul,Female,43.0,Delhi,,,-999.0,2.0,UK
,Neha,M,-5.0,nan,2023-01-29,2024-02-21,2823.49,3.0,Canada
,Kiran,female,-5.0,Bangalore,,,-999.0,3.0,USA
3409,Ankit,Male,43.0,Ahmedabad,,2023-04-06,-999.0,3.0,nan
3410,Priya,M,61.0,Bangalore,2021-11-25,,-999.0,-1.0,USA
C3411,Simran,female,200.0,Mumbai,,,-999.0,-1.0,Australia
C3412,Priya,Male,-5.0,Bangalore,2022-09-12,,-999.0,3.0,Australia
,Simran,M,-5.0,Mumbai,,,-999.0,3.0,nan
3414,Neha,Female,38.0,nan,2023-04-23,,3854.82,2.0,India
3415,Kiran,Male,200.0,Mumbai,2021-07-22,,-999.0,3.0,nan
3416,Ravi,F,32.0,Hyderabad,,,-999.0,3.0,UK
3417,Priya,Female,-5.0,nan,,2024-09-30,-999.0,10.0,Australia
3418,Sneha,Female,43.0,Hyderabad,2024-02-19,2025-08-19,-999.0,5.0,Australia
,nan,M,43.0,Bangalore,2024-10-17,2023-04-13,1492.24,2.0,India
3420,nan,Male,200.0,Ahmedabad,2025-01-07,,-999.0,10.0,Canada
C3421,Neha,nan,-5.0,Delhi,,,-999.0,3.0,Australia
3422,Rahul,Female,200.0,Kolkata,2020-12-30,2022-06-27,2802.76,10.0,USA
3423,Rahul,female,65.0,Bangalore,2025-12-15,,-999.0,5.0,Australia
3424,Pooja,female,-5.0,Hyderabad,,2023-02-16,-999.0,2.0,USA
3425,nan,M,64.0,Delhi,2021-01-13,2023-03-07,-999.0,-1.0,Canada
,Ravi,M,200.0,Kolkata,2022-11-08,,-999.0,-1.0,UK
3427,Simran,nan,43.0,nan,,2024-07-29,-999.0,10.0,Australia
C3428,nan,nan,-5.0,Ahmedabad,,,-999.0,10.0,Canada
3429,Neha,Female,54.0,Hyderabad,,2024-07-25,1690.11,10.0,nan
,nan,M,-5.0,Mumbai,2023-08-26,,-999.0,-1.0,Australia
3431,Ankit,F,43.0,Bangalore,2022-10-11,2025-12-06,1285.78,10.0,Canada
3432,Ankit,F,-5.0,Hyderabad,2025-02-19,2022-08-15,4700.04,3.0,nan
C3433,Ravi,female,200.0,Kolkata,,2021-02-09,-999.0,3.0,India
3434,Amit,M,-5.0,Ahmedabad,2024-04-10,,-999.0,-1.0,USA
3435,Neha,M,-5.0,Ahmedabad,2023-05-04,2023-01-14,-999.0,-1.0,nan
3436,Sneha,F,43.0,Bangalore,2024-09-10,,-999.0,-1.0,Australia
C3437,nan,nan,43.0,nan,2026-01-17,2020-10-19,-999.0,10.0,nan
3438,nan,M,18.0,Hyderabad,2020-12-27,,4893.38,-1.0,Australia
,Neha,nan,200.0,Hyderabad,2025-03-28,,-999.0,3.0,India
3440,Amit,Male,43.0,nan,,,-999.0,3.0,Australia
,Ravi,nan,-5.0,Kolkata,,,-999.0,3.0,UK
3442,Simran,Female,-5.0,Hyderabad,,,-999.0,3.0,nan
C3443,Ravi,Male,53.0,Delhi,,,-999.0,3.0,Australia
,Ravi,F,66.0,nan,2023-12-16,,-999.0,3.0,India
3445,Kiran,female,200.0,Hyderabad,2023-04-14,2021-12-09,-999.0,10.0,UK
C3446,nan,M,25.0,Kolkata,2025-03-22,,-999.0,-1.0,UK
3447,Neha,nan,43.0,Bangalore,,,-999.0,3.0,nan
3448,Simran,nan,200.0,nan,2024-02-26,2022-04-01,-999.0,10.0,UK
C3449,Kiran,Male,-5.0,Delhi,2024-07-15,,708.5,2.0,USA
,Amit,female,63.0,nan,,2025-06-30,-999.0,10.0,Canada
C3451,nan,male,-5.0,nan,,,-999.0,3.0,Canada
3452,Sneha,female,200.0,nan,,2023-03-22,-999.0,2.0,India
C3453,Ravi,M,29.0,Chennai,,2022-09-21,-999.0,2.0,UK
C3454,Kiran,nan,-5.0,nan,,2024-02-21,-999.0,-1.0,UK
C3455,nan,nan,43.0,Delhi,2023-06-08,2023-02-23,-999.0,-1.0,Australia
3456,Priya,F,39.0,nan,,,-999.0,5.0,USA
3457,Rahul,nan,43.0,Hyderabad,,2022-09-29,-999.0,3.0,UK
,Sneha,M,200.0,Ahmedabad,,,4318.89,10.0,India
C3459,Priya,F,43.0,nan,2023-05-26,,-999.0,10.0,nan
3460,nan,F,-5.0,nan,2020-11-04,,-999.0,-1.0,Canada
C3461,Amit,nan,43.0,Bangalore,2023-12-26,,-999.0,10.0,nan
,Kiran,nan,-5.0,Kolkata,,2022-08-10,-999.0,-1.0,Canada
3463,nan,Female,-5.0,Bangalore,,,109.07,10.0,USA
3464,nan,Male,-5.0,Mumbai,2024-04-26,2024-08-25,-999.0,4.0,Australia
3465,nan,Female,43.0,Delhi,,2022-04-16,-999.0,3.0,India
C3466,nan,nan,43.0,Chennai,2024-08-24,,-999.0,10.0,nan
3467,Ankit,M,-5.0,Bangalore,,,-999.0,-1.0,India
C3468,Ravi,Female,-5.0,Chennai,2023-04-25,,-999.0,3.0,India
C3469,Sneha,F,-5.0,Kolkata,,2024-11-07,656.48,-1.0,USA
,Priya,nan,30.0,Mumbai,,2025-04-19,-999.0,1.0,UK
3471,Ravi,Male,43.0,Pune,2025-08-10,,3833.02,3.0,Canada
C3472,Simran,Male,43.0,Hyderabad,2024-09-09,2021-11-18,-999.0,2.0,UK
3473,nan,male,43.0,nan,,,-999.0,-1.0,UK
C3474,Rahul,F,30.0,Kolkata,,2022-10-29,-999.0,3.0,USA
C3475,Rahul,female,-5.0,nan,2021-01-03,,-999.0,4.0,Australia
,nan,Female,55.0,Ahmedabad,2023-04-18,,-999.0,-1.0,USA
C3477,Pooja,Male,200.0,Kolkata,,2021-12-30,1544.04,-1.0,Canada
,Priya,Male,200.0,Pune,2024-02-24,,-999.0,10.0,India
,Sneha,nan,43.0,Mumbai,2023-10-02,2024-04-26,4260.1,3.0,USA
3480,Amit,nan,43.0,Chennai,,,1556.01,-1.0,nan
C3481,Rahul,nan,43.0,Chennai,2025-09-13,,-999.0,5.0,USA
C3482,Rahul,male,59.0,Pune,,,-999.0,4.0,Australia
,Simran,nan,43.0,Hyderabad,2021-08-03,2023-05-20,-999.0,10.0,India
,Simran,Female,200.0,Mumbai,2024-04-02,,2997.83,4.0,UK
3485,Simran,female,-5.0,Ahmedabad,2025-04-17,,1781.99,-1.0,Australia
3486,Simran,female,43.0,Chennai,2024-06-15,2023-03-30,-999.0,3.0,Australia
3487,Kiran,Female,-5.0,nan,,2022-11-30,-999.0,2.0,Canada
3488,nan,Female,43.0,Mumbai,2022-12-04,2022-06-07,-999.0,5.0,nan
3489,Rahul,nan,200.0,nan,,,-999.0,3.0,USA
C3490,Ankit,nan,200.0,Mumbai,,,-999.0,-1.0,UK
,Kiran,F,43.0,nan,2022-02-12,2025-05-17,-999.0,-1.0,Canada
C3492,Ankit,female,44.0,Ahmedabad,2025-09-18,,1151.93,1.0,nan
3493,Simran,nan,-5.0,Bangalore,,2022-01-19,118.24,3.0,USA
C3494,Ravi,female,43.0,Delhi,2025-05-01,2020-08-16,-999.0,-1.0,Canada
C3495,Simran,Male,200.0,Hyderabad,2021-01-02,,-999.0,3.0,India
,Amit,nan,43.0,Delhi,,,-999.0,10.0,Canada
C3497,nan,nan,43.0,Bangalore,2022-03-28,2022-10-16,-999.0,3.0,USA
3498,Ankit,female,23.0,Bangalore,2024-11-27,2023-05-20,-999.0,3.0,UK
3499,Priya,Male,-5.0,Hyderabad,2022-11-04,2022-07-22,-999.0,2.0,USA
3500,Simran,Female,22.0,nan,,2023-02-08,-999.0,3.0,Australia
3501,Neha,Male,200.0,Hyderabad,2021-04-17,,-999.0,-1.0,UK
3502,Kiran,nan,28.0,Kolkata,,,1316.46,10.0,nan
3503,Sneha,Female,-5.0,nan,2024-10-02,,-999.0,-1.0,USA
3504,nan,Female,43.0,Delhi,,,2368.7,10.0,nan
,Ravi,male,-5.0,Ahmedabad,2020-08-23,2021-12-29,-999.0,3.0,UK
C3506,Simran,M,47.0,Kolkata,2023-12-04,,-999.0,10.0,Australia
3507,Pooja,female,40.0,Ahmedabad,2024-02-07,,-999.0,3.0,Canada
C3508,Simran,Female,200.0,Delhi,,,-999.0,3.0,nan
,nan,F,18.0,Ahmedabad,2025-08-23,,-999.0,3.0,UK
C3510,Amit,male,-5.0,nan,,,-999.0,10.0,UK
3511,Neha,M,40.0,Delhi,2023-07-18,2025-12-25,-999.0,10.0,Canada
3512,Kiran,nan,43.0,Delhi,,,513.36,3.0,nan
3513,Priya,M,200.0,Delhi,2023-05-23,,-999.0,10.0,USA
3514,Neha,nan,47.0,Delhi,,2023-07-01,-999.0,-1.0,India
3515,Ravi,Male,43.0,Bangalore,2025-12-12,2025-03-20,885.24,5.0,USA
C3516,nan,Female,200.0,Bangalore,2024-09-27,2025-08-17,-999.0,1.0,Canada
,Amit,F,65.0,Bangalore,,2022-07-07,-999.0,10.0,nan
3518,Kiran,M,70.0,Chennai,2025-10-18,2024-02-17,-999.0,1.0,Canada
,nan,Female,-5.0,nan,,2021-11-18,-999.0,-1.0,India
,Ravi,F,64.0,Hyderabad,2020-11-21,2023-11-28,-999.0,10.0,Canada
C3521,Kiran,male,43.0,Pune,,,-999.0,1.0,India
3522,Rahul,female,24.0,Hyderabad,2024-05-11,,1186.6,10.0,India
3523,nan,Male,-5.0,Delhi,,,-999.0,3.0,Canada
3524,Neha,M,-5.0,Hyderabad,,,-999.0,3.0,India
,Priya,M,200.0,Ahmedabad,,,-999.0,3.0,UK
,Neha,female,19.0,Kolkata,,2024-06-10,-999.0,10.0,UK
3527,Sneha,Male,25.0,Kolkata,2023-10-28,2022-10-26,-999.0,10.0,nan
3528,Simran,male,41.0,Mumbai,2025-05-28,,-999.0,3.0,USA
,nan,female,43.0,Bangalore,2023-07-02,2022-12-26,-999.0,3.0,USA
3530,Priya,F,43.0,Ahmedabad,2023-02-13,,-999.0,4.0,nan
,nan,nan,-5.0,Chennai,,,2181.69,5.0,Canada
3532,Neha,male,48.0,Pune,2022-05-16,,-999.0,-1.0,UK
,Sneha,Female,58.0,Hyderabad,2022-04-08,,-999.0,-1.0,UK
C3534,Kiran,nan,29.0,Ahmedabad,2020-10-02,2022-10-05,-999.0,10.0,UK
3535,Amit,Female,-5.0,Delhi,2020-09-24,,1914.11,10.0,nan
,Ankit,Female,43.0,Mumbai,2022-12-28,,-999.0,-1.0,Canada
,nan,nan,-5.0,nan,2022-06-10,2021-11-12,-999.0,4.0,Australia
3538,Sneha,Female,53.0,Pune,2021-05-19,2024-07-12,-999.0,3.0,India
3539,Rahul,male,30.0,Bangalore,2024-10-15,,-999.0,-1.0,USA
3540,Priya,Male,-5.0,nan,2022-04-11,2021-12-17,-999.0,-1.0,UK
3541,nan,M,200.0,Pune,2025-08-19,,-999.0,2.0,Australia
3542,Sneha,M,200.0,Chennai,,,-999.0,1.0,Canada
3543,Sneha,female,43.0,Hyderabad,,,-999.0,-1.0,nan
C3544,Ankit,male,200.0,Chennai,2024-06-27,2022-11-08,-999.0,3.0,Australia
C3545,Simran,female,200.0,Pune,2021-09-20,,-999.0,10.0,Australia
,nan,Male,200.0,Kolkata,,,-999.0,3.0,India
3547,Pooja,Female,-5.0,Delhi,,2021-09-10,-999.0,1.0,USA
C3548,Rahul,nan,-5.0,Ahmedabad,2025-03-20,2023-04-15,-999.0,3.0,USA
3549,Simran,female,43.0,Ahmedabad,2024-07-18,,-999.0,4.0,nan
3550,Simran,nan,-5.0,Kolkata,2021-08-24,2020-08-12,-999.0,3.0,USA
3551,Simran,Female,43.0,Delhi,2022-11-27,,-999.0,-1.0,USA
3552,Amit,female,200.0,Chennai,,,-999.0,-1.0,UK
3553,Sneha,Female,61.0,Mumbai,,2023-12-01,-999.0,3.0,nan
3554,Simran,nan,43.0,Mumbai,,2021-08-27,4472.8,3.0,Australia
C3555,Priya,nan,43.0,Pune,2021-03-02,,2875.03,-1.0,nan
,Ravi,M,43.0,Pune,,,4362.71,3.0,Australia
3557,Ravi,nan,200.0,Mumbai,,,30.76,5.0,nan
3558,Rahul,M,200.0,Bangalore,,2024-02-06,-999.0,10.0,Australia
C3559,Priya,F,200.0,Mumbai,2023-11-14,,-999.0,1.0,nan
C3560,Rahul,nan,200.0,Delhi,,,2581.62,10.0,Canada
C3561,Priya,nan,43.0,Chennai,2022-10-14,,-999.0,3.0,Canada
3562,Rahul,M,43.0,nan,,,-999.0,3.0,Australia
,Rahul,M,-5.0,Chennai,,2024-11-21,2163.36,10.0,USA
3564,Rahul,Male,-5.0,Bangalore,2024-08-03,,-999.0,10.0,Canada
,Rahul,M,41.0,Delhi,2024-07-06,,-999.0,10.0,UK
3566,Priya,nan,43.0,nan,2021-05-23,,-999.0,-1.0,India
,Sneha,female,-5.0,Delhi,,,-999.0,1.0,nan
C3568,Sneha,F,200.0,nan,,2022-05-05,-999.0,10.0,UK
3569,nan,nan,-5.0,Bangalore,,2021-11-16,-999.0,3.0,Australia
,Ravi,M,-5.0,Pune,2024-12-13,,-999.0,10.0,Australia
3571,Pooja,Male,200.0,Ahmedabad,2023-08-19,,-999.0,3.0,nan
3572,nan,nan,-5.0,Delhi,2025-11-05,,-999.0,-1.0,India
,Ravi,F,200.0,Kolkata,,,-999.0,3.0,UK
C3574,Simran,male,43.0,Delhi,2021-02-03,,4262.42,3.0,USA
,Pooja,male,43.0,Pune,2021-02-19,2025-07-13,-999.0,10.0,Australia
3576,Kiran,nan,43.0,Bangalore,,,-999.0,2.0,Canada
3577,Ankit,nan,-5.0,Delhi,,2023-11-09,-999.0,3.0,UK
C3578,Ankit,Male,-5.0,Chennai,2021-11-27,,-999.0,-1.0,nan
C3579,Ankit,nan,61.0,Mumbai,,2024-08-31,4328.18,3.0,Australia
C3580,Ankit,nan,43.0,Bangalore,2023-11-01,2021-11-27,-999.0,1.0,UK
3581,nan,F,200.0,Bangalore,,2024-04-29,-999.0,3.0,USA
C3582,Priya,female,43.0,Mumbai,,,-999.0,4.0,India
C3583,Rahul,female,200.0,Bangalore,2021-06-07,,-999.0,3.0,India
3584,Sneha,Male,56.0,Chennai,,,-999.0,10.0,UK
3585,Amit,F,-5.0,Kolkata,2021-06-04,,-999.0,3.0,Canada
,Rahul,nan,-5.0,Hyderabad,2023-01-03,2020-08-07,-999.0,-1.0,India
3587,Amit,M,43.0,Bangalore,,2023-08-18,-999.0,5.0,nan
3588,Neha,F,43.0,Chennai,,,-999.0,3.0,India
,Ravi,nan,-5.0,Ahmedabad,,2024-11-20,-999.0,3.0,USA
,Amit,F,39.0,Hyderabad,2020-12-12,2022-02-17,-999.0,10.0,India
3591,Kiran,F,200.0,Mumbai,,,-999.0,3.0,Canada
3592,Pooja,Male,43.0,Pune,2023-01-06,,-999.0,10.0,UK
3593,Priya,female,-5.0,Pune,2024-07-21,2024-02-02,-999.0,3.0,UK
3594,Rahul,female,-5.0,Bangalore,2023-01-02,2021-05-15,251.96,5.0,Australia
3595,nan,male,43.0,Hyderabad,,2025-01-02,-999.0,2.0,nan
3596,Amit,Male,-5.0,nan,2023-12-28,2024-09-12,-999.0,2.0,India
C3597,Ankit,Female,200.0,nan,2024-11-04,2024-06-11,-999.0,4.0,Canada
,Simran,nan,-5.0,Pune,,,4266.6,2.0,UK
,Sneha,Female,-5.0,Delhi,2021-04-19,,-999.0,3.0,Canada
,Ankit,male,35.0,Pune,,,-999.0,3.0,nan
,Pooja,female,63.0,nan,,2023-01-11,1129.35,10.0,India
C3602,Sneha,Male,62.0,Bangalore,,,226.59,1.0,Canada
3603,Ravi,Male,200.0,Hyderabad,2021-02-28,,-999.0,10.0,UK
,Ankit,nan,43.0,Pune,,2025-10-29,3433.37,10.0,Canada
3605,Neha,female,48.0,Bangalore,2021-08-08,2020-09-10,287.59,5.0,UK
C3606,Amit,Female,43.0,Bangalore,,,-999.0,3.0,nan
3607,nan,M,43.0,Pune,,,-999.0,10.0,USA
,Simran,nan,-5.0,Mumbai,2024-11-30,,-999.0,10.0,Canada
3609,Neha,male,-5.0,Bangalore,,,-999.0,3.0,USA
,Amit,nan,-5.0,Hyderabad,,2021-02-16,-999.0,-1.0,nan
3611,Amit,female,-5.0,Ahmedabad,2025-03-22,,-999.0,-1.0,Australia
3612,Pooja,male,200.0,Bangalore,,,940.3,3.0,USA
3613,nan,nan,43.0,Pune,,,-999.0,10.0,India
3614,Kiran,female,65.0,Hyderabad,,2022-06-20,-999.0,3.0,UK
3615,Simran,Male,200.0,Pune,,,4362.73,-1.0,Australia
,Amit,female,66.0,nan,,,3614.75,-1.0,India
3617,nan,M,200.0,Ahmedabad,2025-11-01,2024-06-22,-999.0,-1.0,USA
C3618,Rahul,M,-5.0,Hyderabad,,2025-09-26,-999.0,3.0,USA
C3619,Amit,male,41.0,Pune,2020-10-11,2023-02-27,-999.0,3.0,India
3620,Amit,Female,25.0,Bangalore,2025-03-22,2024-10-21,-999.0,3.0,Australia
C3621,Ankit,Female,200.0,Ahmedabad,,,-999.0,-1.0,Australia
C3622,nan,Female,200.0,Delhi,2025-11-13,2025-03-08,-999.0,10.0,Australia
C3623,Simran,nan,19.0,Bangalore,,,3180.67,-1.0,Australia
3624,Simran,M,200.0,Ahmedabad,,,-999.0,3.0,India
3625,nan,male,-5.0,Ahmedabad,,,-999.0,2.0,UK
C3626,Kiran,Male,-5.0,Ahmedabad,,2024-10-06,-999.0,3.0,Australia
3627,Rahul,nan,-5.0,Bangalore,,,-999.0,3.0,Australia
3628,nan,female,200.0,Kolkata,,2022-08-01,-999.0,10.0,Canada
C3629,Neha,nan,43.0,Chennai,,,-999.0,3.0,UK
3630,Amit,female,27.0,Kolkata,2022-07-08,,1568.91,10.0,USA
,Ankit,nan,200.0,Delhi,2022-09-05,2021-11-09,-999.0,-1.0,Canada
C3632,Kiran,M,18.0,Delhi,2022-05-05,2024-07-06,-999.0,3.0,UK
3633,Kiran,F,27.0,nan,,,-999.0,-1.0,Canada
3634,Amit,Female,59.0,Ahmedabad,,,-999.0,-1.0,India
C3635,Amit,male,-5.0,nan,,,4866.38,3.0,nan
C3636,Rahul,Male,-5.0,Kolkata,,,-999.0,2.0,UK
C3637,Ravi,female,37.0,Delhi,2020-09-23,,-999.0,2.0,Australia
C3638,Simran,male,-5.0,nan,2021-01-16,,3063.55,-1.0,USA
,Kiran,Female,43.0,Mumbai,,,-999.0,1.0,Australia
3640,Neha,Male,200.0,Chennai,,2020-11-24,-999.0,3.0,UK
3641,Ravi,Male,43.0,Delhi,2025-11-06,,866.53,3.0,Australia
3642,nan,F,-5.0,Ahmedabad,2021-06-16,,-999.0,10.0,nan
,nan,Female,200.0,Bangalore,,,-999.0,3.0,nan
C3644,Neha,F,36.0,Mumbai,,,-999.0,1.0,nan
C3645,Neha,Female,200.0,Ahmedabad,,2022-12-05,-999.0,3.0,nan
C3646,Priya,female,200.0,Pune,,,-999.0,3.0,Canada
,Kiran,nan,43.0,Ahmedabad,2021-10-30,,-999.0,-1.0,India
C3648,Simran,M,43.0,Bangalore,,2022-05-22,-999.0,10.0,India
3649,Neha,female,47.0,Pune,2022-09-18,2020-10-26,-999.0,3.0,Australia
C3650,Neha,nan,43.0,Chennai,2021-12-22,,-999.0,-1.0,India
C3651,Kiran,nan,200.0,Pune,,,-999.0,3.0,Canada
3652,Ankit,nan,-5.0,Mumbai,,2021-12-04,2614.63,3.0,Canada
,Ravi,nan,-5.0,Pune,,,-999.0,10.0,India
3654,Amit,F,43.0,Bangalore,2024-04-04,,-999.0,-1.0,nan
C3655,Ravi,nan,43.0,Hyderabad,,,-999.0,10.0,Canada
3656,Ravi,male,38.0,Bangalore,,2021-03-28,-999.0,-1.0,nan
3657,Sneha,Female,200.0,Bangalore,2021-01-18,,-999.0,3.0,Canada
3658,Kiran,F,200.0,Mumbai,,2025-11-07,207.65,10.0,nan
3659,nan,nan,43.0,Pune,2022-08-16,2023-08-29,-999.0,-1.0,UK
3660,Ankit,nan,200.0,Bangalore,2022-07-13,,1151.28,-1.0,India
3661,Neha,nan,48.0,Bangalore,,2025-05-25,-999.0,10.0,USA
C3662,Amit,nan,59.0,Chennai,2022-02-28,2025-03-10,-999.0,10.0,Australia
C3663,nan,nan,-5.0,Pune,,,-999.0,4.0,Australia
3664,nan,male,30.0,Kolkata,,2021-06-30,-999.0,4.0,India
C3665,Ankit,nan,200.0,Kolkata,,2023-01-03,-999.0,-1.0,nan
,Pooja,nan,-5.0,Pune,,,-999.0,3.0,India
3667,Pooja,Female,-5.0,Hyderabad,,2023-07-31,-999.0,10.0,UK
3668,Sneha,Female,43.0,Ahmedabad,2023-11-27,,3945.49,3.0,Australia
3669,Kiran,female,44.0,Mumbai,2023-05-16,2023-05-10,889.95,-1.0,UK
3670,Simran,nan,43.0,Pune,2020-08-10,,-999.0,1.0,UK
3671,Sneha,F,-5.0,Hyderabad,2025-05-16,2022-09-29,-999.0,10.0,Canada
3672,Rahul,M,-5.0,Delhi,,,-999.0,3.0,Australia
,Rahul,M,-5.0,Delhi,,2020-08-24,-999.0,2.0,India
,Priya,female,200.0,Chennai,2025-11-15,2020-09-19,-999.0,-1.0,USA
3675,Kiran,male,43.0,Chennai,,,-999.0,3.0,UK
,Simran,nan,-5.0,Ahmedabad,2025-01-31,,-999.0,3.0,Canada
3677,Amit,M,56.0,Bangalore,,,-999.0,2.0,nan
3678,nan,Male,24.0,Delhi,,,3557.56,5.0,UK
3679,Simran,nan,200.0,Pune,,2022-11-26,-999.0,3.0,UK
3680,Amit,F,43.0,Bangalore,,,3350.79,10.0,Canada
C3681,Pooja,male,-5.0,Ahmedabad,2022-07-16,,-999.0,3.0,Australia
3682,Amit,nan,53.0,Mumbai,,,-999.0,-1.0,UK
3683,Priya,male,200.0,Delhi,,2022-12-01,-999.0,10.0,Australia
3684,Amit,Male,43.0,nan,,,-999.0,1.0,Australia
3685,Kiran,F,43.0,Chennai,2023-02-09,2023-09-22,-999.0,10.0,USA
,Amit,M,200.0,nan,,,-999.0,-1.0,Australia
,Ravi,female,-5.0,Delhi,,2022-08-22,2301.13,3.0,Canada
C3688,Priya,F,-5.0,Bangalore,2021-02-06,2023-10-25,-999.0,10.0,Canada
C3689,Priya,F,200.0,Chennai,2025-08-26,2021-05-17,-999.0,3.0,Australia
3690,nan,Female,43.0,Hyderabad,,,-999.0,3.0,Canada
3691,Amit,F,61.0,Bangalore,,2025-11-24,3939.0,10.0,India
C3692,Rahul,nan,43.0,Pune,2026-01-26,,-999.0,3.0,India
3693,Amit,male,42.0,Pune,2023-02-27,2021-07-20,-999.0,3.0,USA
C3694,Neha,nan,200.0,Kolkata,2021-10-31,,-999.0,5.0,Australia
3695,Neha,male,200.0,Bangalore,,,-999.0,3.0,USA
3696,Neha,male,-5.0,Kolkata,,,-999.0,-1.0,UK
3697,nan,male,200.0,nan,,,3144.32,-1.0,India
C3698,Rahul,Female,200.0,nan,2023-04-09,,-999.0,5.0,Australia
,Pooja,Female,43.0,Pune,2023-01-10,,2483.59,1.0,Australia
3700,Simran,Female,-5.0,Mumbai,2025-08-05,,3753.55,-1.0,nan
C3701,nan,male,-5.0,Chennai,2024-05-19,,-999.0,3.0,nan
,nan,male,200.0,Hyderabad,,,-999.0,-1.0,Australia
C3703,Ankit,F,43.0,Bangalore,,2023-07-18,-999.0,3.0,India
3704,Ravi,female,18.0,nan,,,913.29,3.0,UK
3705,Pooja,male,43.0,Chennai,2021-09-02,2022-10-27,3359.33,1.0,Canada
3706,Amit,Male,-5.0,Hyderabad,2022-06-08,,1345.77,3.0,USA
,nan,male,43.0,Delhi,,2022-08-31,2370.84,3.0,Canada
3708,Simran,F,200.0,Mumbai,,,-999.0,3.0,Australia
3709,Sneha,Male,200.0,Pune,,,-999.0,-1.0,nan
,nan,female,43.0,Mumbai,2022-01-15,2021-02-21,-999.0,3.0,UK
C3711,Ravi,nan,-5.0,Bangalore,,2021-08-20,-999.0,10.0,USA
3712,Neha,F,-5.0,Hyderabad,,,-999.0,10.0,USA
,Neha,Male,39.0,Bangalore,2022-04-22,,-999.0,3.0,Australia
3714,Pooja,nan,200.0,Chennai,,,2714.1,-1.0,USA
3715,Amit,M,200.0,Hyderabad,,,-999.0,3.0,Canada
,Rahul,Female,43.0,Chennai,,2022-04-28,-999.0,3.0,USA
,Sneha,F,53.0,Hyderabad,2023-07-26,2024-07-21,983.51,10.0,nan
C3718,nan,M,24.0,Ahmedabad,2023-12-10,2022-09-26,-999.0,3.0,India
3719,Sneha,nan,28.0,Kolkata,,,598.99,10.0,Australia
,Ankit,F,29.0,Kolkata,2025-10-19,,-999.0,3.0,Australia
,Ravi,nan,200.0,Bangalore,,2020-10-13,-999.0,10.0,India
3722,Kiran,M,200.0,Pune,,,-999.0,5.0,Australia
C3723,Ankit,Female,43.0,Kolkata,,,-999.0,-1.0,Canada
3724,Sneha,male,200.0,Mumbai,,2025-05-20,1042.56,1.0,UK
C3725,nan,F,25.0,Delhi,2020-09-04,,-999.0,-1.0,UK
C3726,Amit,male,-5.0,Kolkata,2024-02-16,,-999.0,3.0,India
3727,Sneha,Male,-5.0,Bangalore,2022-01-12,2024-01-14,-999.0,5.0,Canada
3728,Sneha,female,200.0,Ahmedabad,,,-999.0,1.0,nan
3729,Priya,female,43.0,nan,,,-999.0,-1.0,India
C3730,Neha,Female,-5.0,nan,,,-999.0,2.0,nan
C3731,Amit,F,43.0,Delhi,2023-05-01,,503.87,1.0,Australia
3732,Kiran,nan,-5.0,nan,,2020-10-10,138.75,2.0,India
3733,Ravi,female,59.0,Mumbai,2021-05-11,,-999.0,10.0,nan
C3734,Kiran,Male,200.0,Kolkata,,2024-02-29,-999.0,3.0,Australia
3735,Rahul,F,200.0,nan,2023-12-13,,-999.0,10.0,Canada
3736,Neha,nan,-5.0,Mumbai,,,4863.85,10.0,nan
C3737,Ravi,female,200.0,Kolkata,2025-04-15,,-999.0,3.0,Australia
C3738,Neha,male,69.0,Hyderabad,2021-11-25,,-999.0,10.0,nan
3739,Neha,female,200.0,Delhi,,,2076.94,-1.0,USA
3740,Ankit,male,-5.0,Bangalore,,,-999.0,3.0,USA
3741,Rahul,female,47.0,Delhi,,,-999.0,3.0,Australia
3742,Rahul,nan,43.0,Chennai,2022-12-07,2024-01-20,-999.0,5.0,India
3743,Ankit,Male,66.0,Ahmedabad,,2020-08-21,-999.0,-1.0,UK
3744,Rahul,Female,43.0,Delhi,2025-05-15,,3883.32,2.0,Australia
3745,nan,male,43.0,Ahmedabad,2021-05-20,2024-03-30,2505.13,5.0,Australia
,Ravi,F,-5.0,Delhi,,2024-05-17,1327.29,-1.0,UK
3747,Ravi,F,69.0,Delhi,2020-10-19,2023-08-04,-999.0,5.0,UK
C3748,nan,nan,43.0,Bangalore,,2024-03-16,-999.0,3.0,UK
C3749,Rahul,nan,200.0,Ahmedabad,,,-999.0,1.0,Australia
3750,Kiran,nan,200.0,Chennai,,,-999.0,3.0,Australia
C3751,Simran,male,-5.0,Delhi,2024-08-03,,-999.0,3.0,India
,Priya,Male,200.0,Kolkata,,,-999.0,3.0,India
3753,nan,M,-5.0,nan,2022-12-11,,-999.0,3.0,Canada
C3754,Simran,Male,-5.0,Chennai,,,-999.0,2.0,India
3755,Ankit,nan,-5.0,Pune,2021-08-05,2024-08-17,-999.0,10.0,USA
3756,nan,Female,-5.0,Chennai,2023-04-24,2022-03-16,-999.0,10.0,Canada
,Simran,F,43.0,Hyderabad,2022-10-08,2024-07-21,-999.0,10.0,Canada
3758,Kiran,Female,-5.0,Ahmedabad,,2022-09-11,-999.0,4.0,nan
3759,Neha,Female,-5.0,Mumbai,,,-999.0,10.0,nan
C3760,Rahul,Male,200.0,Pune,,,-999.0,3.0,UK
3761,nan,male,43.0,Chennai,2025-01-20,,-999.0,-1.0,UK
C3762,Priya,Male,200.0,Hyderabad,2021-10-13,,-999.0,10.0,India
,Neha,Female,43.0,Ahmedabad,,2023-08-22,-999.0,3.0,Canada
C3764,Priya,M,-5.0,Mumbai,2022-07-04,,-999.0,-1.0,Australia
3765,Amit,Male,200.0,Chennai,,,-999.0,-1.0,Canada
3766,nan,M,67.0,Ahmedabad,,,3705.51,3.0,Australia
,Sneha,F,200.0,nan,2025-09-18,,-999.0,-1.0,Canada
C3768,Pooja,nan,200.0,nan,2022-06-19,2024-12-23,-999.0,4.0,UK
3769,Rahul,F,18.0,Mumbai,2022-11-13,,4284.28,10.0,India
3770,Sneha,Female,66.0,Kolkata,2022-07-18,,954.85,1.0,Australia
,Sneha,M,-5.0,Chennai,,,-999.0,5.0,Australia
,Ankit,female,-5.0,Delhi,2024-03-13,,3076.11,2.0,Canada
3773,Priya,female,43.0,Hyderabad,2020-10-27,,1639.23,3.0,India
,nan,Male,43.0,Ahmedabad,,2022-06-24,-999.0,10.0,UK
3775,nan,Female,-5.0,Hyderabad,2022-10-15,,3803.1,3.0,UK
,Pooja,nan,200.0,Mumbai,2022-11-14,2025-10-23,-999.0,-1.0,Australia
3777,Sneha,Male,200.0,Ahmedabad,2021-03-17,,-999.0,1.0,UK
C3778,Simran,nan,200.0,Ahmedabad,2025-04-09,,-999.0,1.0,Australia
3779,Kiran,F,22.0,Delhi,,,424.92,-1.0,India
C3780,Priya,F,200.0,Delhi,,,-999.0,-1.0,Canada
3781,Ankit,F,43.0,Hyderabad,2020-09-27,,-999.0,10.0,nan
3782,Amit,nan,200.0,Chennai,,,-999.0,3.0,Canada
3783,Rahul,Male,-5.0,Mumbai,2022-04-21,2023-11-10,-999.0,10.0,nan
C3784,Pooja,Male,43.0,Hyderabad,2023-02-18,2023-08-17,302.42,-1.0,nan
3785,Simran,female,43.0,Chennai,2024-08-11,,-999.0,-1.0,Australia
3786,nan,Female,-5.0,Pune,,2022-07-20,-999.0,5.0,nan
3787,Ravi,nan,-5.0,Bangalore,2025-02-27,,4530.78,10.0,Australia
,Amit,Male,28.0,nan,,2025-02-26,-999.0,10.0,Canada
C3789,Kiran,F,-5.0,Pune,2021-08-18,2023-06-15,4202.05,10.0,Canada
3790,nan,F,200.0,nan,,,-999.0,5.0,UK
3791,Priya,male,200.0,Ahmedabad,2023-04-19,2025-10-31,-999.0,1.0,USA
,Amit,M,200.0,Delhi,2022-08-14,2024-10-21,-999.0,10.0,nan
,Rahul,female,43.0,Mumbai,,,-999.0,2.0,UK
C3794,Simran,male,200.0,Chennai,,2024-12-20,-999.0,3.0,nan
3795,Amit,female,49.0,Mumbai,2020-10-11,,-999.0,5.0,Australia
,Amit,nan,41.0,Hyderabad,2022-08-07,,-999.0,3.0,USA
3797,Rahul,male,200.0,nan,2023-06-08,,-999.0,-1.0,nan
C3798,Simran,female,42.0,nan,2025-11-19,,-999.0,10.0,nan
,nan,female,-5.0,Bangalore,,2023-01-28,-999.0,3.0,UK
3800,nan,female,-5.0,Kolkata,2024-07-15,,-999.0,5.0,nan
3801,Kiran,nan,200.0,Ahmedabad,,,1197.21,-1.0,nan
C3802,Sneha,female,200.0,Kolkata,,,-999.0,-1.0,UK
3803,Amit,F,60.0,Chennai,2022-01-02,2026-01-17,4600.93,-1.0,nan
3804,nan,Male,-5.0,Pune,2024-08-02,,3807.97,10.0,UK
C3805,Pooja,Female,-5.0,Bangalore,2022-10-26,,-999.0,3.0,nan
3806,Neha,nan,68.0,Chennai,,2023-11-19,4126.51,10.0,Canada
C3807,Kiran,M,44.0,Hyderabad,,,4005.85,-1.0,India
,Kiran,M,43.0,nan,,2024-02-18,-999.0,10.0,UK
3809,Ankit,M,200.0,nan,,2020-11-02,-999.0,1.0,Australia
3810,Simran,M,43.0,nan,2021-03-29,,-999.0,-1.0,UK
3811,Neha,male,43.0,Hyderabad,,,-999.0,5.0,nan
,Kiran,Female,200.0,Pune,,,-999.0,-1.0,Australia
3813,Amit,nan,59.0,Delhi,,,-999.0,3.0,Australia
3814,Ravi,nan,-5.0,Chennai,,,-999.0,10.0,Canada
C3815,Simran,nan,65.0,Pune,2023-01-28,,-999.0,5.0,USA
,Sneha,female,200.0,Ahmedabad,,,-999.0,3.0,nan
3817,Kiran,male,200.0,Pune,,,-999.0,-1.0,USA
,Ravi,nan,200.0,Hyderabad,2022-08-27,,-999.0,3.0,Australia
C3819,Rahul,F,56.0,Pune,,2025-06-30,-999.0,10.0,nan
C3820,Kiran,male,63.0,Mumbai,,,-999.0,3.0,Canada
C3821,Rahul,female,200.0,Pune,2023-02-22,,1320.62,5.0,Australia
3822,Sneha,Male,-5.0,Chennai,,2021-06-24,-999.0,-1.0,UK
C3823,Rahul,M,-5.0,Kolkata,2024-07-10,2022-08-05,4818.62,-1.0,India
3824,Sneha,male,200.0,Pune,,,-999.0,-1.0,Australia
3825,Sneha,M,-5.0,Ahmedabad,,,-999.0,10.0,USA
3826,Pooja,Female,39.0,Bangalore,,2023-11-10,-999.0,3.0,India
3827,Kiran,Male,200.0,Mumbai,,2024-08-08,1535.71,10.0,USA
3828,Priya,male,200.0,Kolkata,2024-10-18,,-999.0,4.0,Australia
3829,Sneha,nan,43.0,Bangalore,2022-10-01,,-999.0,5.0,Australia
3830,Sneha,nan,58.0,Bangalore,2021-09-01,,-999.0,-1.0,nan
C3831,nan,Female,-5.0,Kolkata,2025-02-23,,-999.0,10.0,USA
,Priya,male,-5.0,Hyderabad,,,-999.0,10.0,Canada
C3833,Priya,female,43.0,Bangalore,,,-999.0,-1.0,UK
3834,Pooja,F,200.0,Delhi,2020-09-25,,-999.0,3.0,Canada
,Neha,female,200.0,Ahmedabad,,,-999.0,1.0,Canada
C3836,Amit,M,200.0,Delhi,,,4992.4,4.0,USA
C3837,Ankit,nan,-5.0,nan,,2024-03-30,-999.0,3.0,UK
,Neha,F,43.0,Pune,2023-11-16,2025-03-15,-999.0,-1.0,India
,Sneha,male,21.0,Ahmedabad,2025-01-18,2022-09-24,-999.0,5.0,USA
C3840,Priya,male,43.0,nan,,,-999.0,10.0,Canada
3841,Kiran,Male,-5.0,Hyderabad,,2024-04-26,-999.0,-1.0,nan
C3842,Kiran,male,200.0,Bangalore,2023-02-13,,1887.07,1.0,UK
C3843,Pooja,F,200.0,Delhi,,,1697.58,-1.0,USA
,Kiran,Male,200.0,Delhi,2024-12-05,,-999.0,10.0,Australia
,Kiran,nan,200.0,Hyderabad,,,-999.0,10.0,USA
,Rahul,Female,200.0,Ahmedabad,2024-12-07,,-999.0,10.0,Australia
C3847,Rahul,female,-5.0,Bangalore,,,-999.0,-1.0,USA
C3848,Sneha,nan,-5.0,Ahmedabad,,,-999.0,-1.0,UK
3849,Pooja,male,43.0,Delhi,2025-07-31,2021-05-27,-999.0,3.0,Australia
C3850,Kiran,Female,-5.0,Chennai,,2022-01-17,-999.0,10.0,UK
3851,Simran,Male,200.0,Bangalore,2024-08-30,,-999.0,3.0,USA
3852,Kiran,female,43.0,Ahmedabad,2024-04-27,,-999.0,-1.0,UK
C3853,Ankit,nan,36.0,nan,,2024-12-13,2666.07,5.0,nan
,Rahul,nan,200.0,Delhi,2024-08-30,,-999.0,3.0,Australia
3855,Pooja,M,38.0,Chennai,2024-12-20,,-999.0,3.0,India
3856,Rahul,M,200.0,Chennai,2024-03-12,,-999.0,-1.0,nan
,Kiran,M,200.0,Delhi,2025-12-28,,3178.28,10.0,USA
3858,Kiran,nan,-5.0,Delhi,,,-999.0,10.0,USA
3859,Ravi,nan,-5.0,Mumbai,2020-12-22,2021-05-18,-999.0,3.0,nan
C3860,Ankit,Male,-5.0,Mumbai,2025-10-23,,-999.0,3.0,Australia
C3861,Amit,female,43.0,Kolkata,2020-11-09,,-999.0,10.0,UK
3862,Ravi,Male,43.0,Ahmedabad,,2022-10-26,-999.0,3.0,USA
,Priya,male,43.0,Chennai,,,-999.0,2.0,UK
C3864,nan,Male,200.0,Bangalore,,,3696.02,10.0,nan
C3865,Neha,nan,-5.0,Hyderabad,2021-12-28,,-999.0,3.0,USA
3866,Kiran,M,43.0,nan,2022-03-28,2022-02-07,-999.0,3.0,USA
,nan,nan,19.0,Chennai,,,4399.06,4.0,India
C3868,Rahul,nan,55.0,Delhi,2023-10-30,2021-03-16,-999.0,10.0,USA
3869,Ravi,male,43.0,Hyderabad,,,2579.87,3.0,Australia
,Ankit,male,43.0,Pune,2023-02-22,2022-07-20,-999.0,3.0,UK
3871,Kiran,M,200.0,Kolkata,,,296.71,3.0,USA
,Neha,male,50.0,Pune,,,3755.86,10.0,Canada
3873,Sneha,F,200.0,Kolkata,2021-05-16,,-999.0,4.0,India
,Sneha,female,200.0,Kolkata,,,-999.0,-1.0,UK
C3875,Kiran,female,200.0,Delhi,,,979.07,4.0,nan
,nan,M,200.0,Bangalore,2024-12-08,,4631.43,3.0,UK
,Simran,nan,47.0,Ahmedabad,2024-01-08,2020-08-27,-999.0,3.0,UK
,Ravi,nan,200.0,Pune,,2022-08-13,-999.0,10.0,India
,Priya,F,19.0,Pune,,,-999.0,10.0,Canada
3880,Sneha,M,200.0,Mumbai,2022-01-01,2022-02-09,-999.0,-1.0,nan
,Rahul,male,43.0,Hyderabad,2023-01-13,2024-04-26,-999.0,10.0,India
,Amit,M,-5.0,Kolkata,2025-07-17,2025-11-01,-999.0,1.0,USA
3883,nan,F,-5.0,Ahmedabad,,2023-06-30,-999.0,-1.0,UK
3884,Amit,M,-5.0,Kolkata,2020-08-31,,-999.0,3.0,USA
3885,Simran,nan,-5.0,Kolkata,,,357.54,3.0,nan
,Simran,M,43.0,Ahmedabad,2022-01-17,,-999.0,3.0,UK
,Pooja,female,43.0,Kolkata,2022-08-21,,-999.0,-1.0,nan
3888,Ravi,Male,200.0,Pune,2021-02-24,,2527.01,10.0,India
3889,nan,F,21.0,Kolkata,2024-06-13,,2148.1,-1.0,USA
C3890,Ravi,M,200.0,Hyderabad,2024-10-09,2020-08-29,-999.0,10.0,Canada
C3891,Simran,nan,-5.0,Mumbai,2022-10-07,2025-11-12,-999.0,3.0,nan
3892,Simran,male,-5.0,Delhi,,2022-02-04,-999.0,-1.0,USA
3893,Simran,nan,200.0,nan,2025-07-09,,-999.0,3.0,India
,nan,Female,43.0,Pune,2023-03-19,2022-04-11,-999.0,-1.0,nan
,Amit,M,200.0,Delhi,,,-999.0,2.0,USA
3896,Pooja,Male,33.0,Kolkata,2023-06-12,2020-09-02,-999.0,-1.0,Australia
3897,Simran,male,43.0,Delhi,2022-06-23,,-999.0,3.0,nan
3898,Pooja,F,59.0,Ahmedabad,2022-07-07,2021-10-29,-999.0,3.0,Canada
C3899,Rahul,male,-5.0,Hyderabad,2021-06-24,,47.89,3.0,Australia
3900,Sneha,nan,43.0,Bangalore,2022-09-08,2024-07-19,-999.0,2.0,India
3901,Kiran,F,-5.0,Hyderabad,2024-10-30,,-999.0,3.0,nan
C3902,nan,Male,200.0,nan,2020-09-13,2025-11-15,-999.0,10.0,Canada
3903,Simran,female,52.0,Kolkata,,2021-01-17,-999.0,10.0,Australia
3904,Amit,nan,41.0,Delhi,,,-999.0,3.0,UK
3905,Priya,F,200.0,Mumbai,2023-05-12,,-999.0,3.0,USA
C3906,Rahul,Male,43.0,Mumbai,,2023-01-06,-999.0,-1.0,India
,Neha,Male,68.0,Ahmedabad,2021-12-06,2021-10-25,-999.0,3.0,Canada
C3908,Priya,F,43.0,Mumbai,,,-999.0,4.0,nan
3909,nan,Female,200.0,Pune,2025-09-04,,-999.0,4.0,nan
,Ravi,nan,200.0,nan,2021-04-30,,-999.0,2.0,UK
3911,nan,Male,-5.0,Pune,,,-999.0,3.0,Australia
,Sneha,M,-5.0,nan,,,-999.0,3.0,Australia
,Simran,F,43.0,Bangalore,,,-999.0,10.0,Canada
C3914,nan,nan,43.0,nan,,,-999.0,10.0,nan
3915,Amit,Male,57.0,nan,,,1802.39,4.0,India
,Simran,male,-5.0,Chennai,,,-999.0,-1.0,Canada
3917,Ankit,F,39.0,Kolkata,2022-01-12,,3387.66,10.0,India
3918,Priya,M,200.0,Kolkata,,2025-10-16,4802.54,3.0,India
3919,nan,nan,-5.0,Mumbai,2024-02-27,,-999.0,1.0,India
C3920,Rahul,Female,56.0,Pune,2025-01-17,,-999.0,3.0,Australia
C3921,Ankit,M,200.0,Bangalore,,,-999.0,-1.0,nan
3922,Pooja,nan,-5.0,Kolkata,,,3381.59,-1.0,USA
,Pooja,Male,-5.0,Delhi,,,1766.24,3.0,Australia
3924,Sneha,male,200.0,Delhi,2023-10-26,,-999.0,5.0,India
,nan,Male,53.0,Ahmedabad,,,-999.0,3.0,Australia
C3926,Ravi,F,30.0,Delhi,,,-999.0,10.0,India
3927,Simran,Male,200.0,Ahmedabad,,2025-06-22,-999.0,2.0,nan
,Priya,Male,-5.0,Kolkata,2021-04-11,,-999.0,-1.0,UK
C3929,nan,female,-5.0,Delhi,2024-01-16,,-999.0,10.0,UK
C3930,Kiran,nan,54.0,Hyderabad,,,1588.5,3.0,UK
3931,Pooja,M,200.0,Mumbai,2023-12-09,2025-12-26,1407.28,1.0,Canada
3932,Pooja,nan,43.0,Mumbai,2021-02-14,,-999.0,1.0,UK
,Sneha,Male,-5.0,Mumbai,2024-03-23,,2494.53,3.0,UK
C3934,Ravi,M,43.0,nan,,,4575.83,10.0,Canada
3935,nan,male,200.0,Ahmedabad,2021-06-29,,-999.0,-1.0,UK
,Kiran,Male,60.0,Bangalore,,,-999.0,10.0,India
,Sneha,nan,43.0,Delhi,,,-999.0,4.0,UK
3938,nan,nan,200.0,Kolkata,,,-999.0,-1.0,nan
,Priya,female,200.0,Pune,,2024-12-08,-999.0,10.0,Canada
C3940,Priya,Male,43.0,Chennai,,,-999.0,3.0,USA
C3941,Sneha,Female,200.0,Chennai,,,-999.0,10.0,Canada
3942,Ravi,F,200.0,Bangalore,2024-06-04,2025-06-10,-999.0,10.0,Australia
3943,Rahul,Male,69.0,Kolkata,2024-02-15,,-999.0,10.0,nan
C3944,nan,M,200.0,Bangalore,,2025-12-06,-999.0,4.0,Australia
3945,nan,F,52.0,Bangalore,2024-07-17,,-999.0,5.0,India
3946,nan,female,43.0,nan,2024-11-05,,-999.0,-1.0,UK
C3947,Ravi,male,45.0,Hyderabad,,2022-02-20,3859.96,10.0,UK
C3948,Amit,nan,43.0,Bangalore,,,-999.0,3.0,USA
C3949,Amit,Male,200.0,Mumbai,2021-06-22,,-999.0,1.0,USA
3950,Ankit,nan,200.0,Chennai,2025-06-01,,-999.0,3.0,USA
3951,Simran,male,200.0,Pune,2024-12-31,,-999.0,10.0,Canada
3952,Amit,Female,-5.0,Mumbai,2022-01-18,2025-10-09,-999.0,-1.0,UK
3953,nan,nan,43.0,Chennai,,2025-02-22,1104.29,10.0,nan
C3954,Pooja,male,43.0,Ahmedabad,,,-999.0,-1.0,USA
3955,Rahul,nan,43.0,Delhi,,2022-12-03,-999.0,10.0,India
3956,nan,Female,47.0,Delhi,,2022-05-01,1030.64,2.0,USA
,Simran,F,-5.0,Kolkata,2021-04-17,,2812.22,1.0,UK
,Neha,nan,-5.0,Hyderabad,2021-12-15,,2700.59,3.0,India
,Simran,female,200.0,Kolkata,2023-08-04,2025-02-28,-999.0,1.0,UK
3960,Ravi,Female,69.0,Hyderabad,,,-999.0,3.0,Canada
3961,Neha,nan,21.0,nan,,2025-10-27,-999.0,3.0,nan
3962,nan,Male,43.0,Hyderabad,,,-999.0,3.0,Australia
,Sneha,female,43.0,Bangalore,2023-06-29,,-999.0,3.0,USA
3964,Sneha,Male,200.0,Hyderabad,2021-03-12,2022-04-14,1570.41,3.0,nan
C3965,nan,nan,200.0,Hyderabad,2021-12-29,,2835.63,-1.0,USA
3966,Amit,Male,43.0,Kolkata,,,-999.0,3.0,UK
,Amit,F,200.0,Bangalore,,2023-11-17,-999.0,1.0,Canada
3968,Ankit,nan,47.0,nan,2023-03-17,2025-05-10,3829.81,10.0,nan
3969,Amit,M,200.0,Bangalore,,,4089.73,4.0,USA
3970,nan,M,43.0,Bangalore,2025-01-29,,-999.0,1.0,USA
,Priya,M,56.0,Delhi,,,-999.0,10.0,nan
3972,Amit,nan,59.0,nan,,,-999.0,2.0,Australia
3973,Pooja,female,43.0,Bangalore,2023-05-23,,-999.0,10.0,India
3974,Amit,nan,200.0,Mumbai,2020-10-23,,-999.0,10.0,nan
3975,Pooja,male,200.0,Ahmedabad,2023-09-09,2024-04-15,-999.0,2.0,USA
3976,Simran,nan,200.0,Kolkata,2024-10-26,,-999.0,10.0,nan
,Pooja,F,-5.0,Ahmedabad,2023-02-10,,-999.0,-1.0,UK
C3978,nan,Male,200.0,Mumbai,2024-08-03,,-999.0,1.0,UK
3979,Amit,male,43.0,Ahmedabad,2022-11-14,,3640.91,2.0,UK
,nan,nan,43.0,Mumbai,2021-05-14,,-999.0,5.0,USA
C3981,Ravi,Female,200.0,Hyderabad,,,2896.46,2.0,nan
3982,Priya,F,200.0,Pune,,,4447.81,-1.0,Canada
3983,Kiran,nan,43.0,Mumbai,2021-08-24,,2990.65,3.0,nan
3984,Priya,Female,43.0,Chennai,2022-05-04,2025-05-21,-999.0,3.0,Australia
,Sneha,Male,-5.0,Hyderabad,,,-999.0,-1.0,India
3986,nan,female,61.0,Delhi,2021-02-05,,3079.71,5.0,India
3987,Neha,male,200.0,Kolkata,2021-10-15,,-999.0,10.0,nan
,Kiran,F,-5.0,Ahmedabad,2023-01-20,2021-01-15,-999.0,10.0,UK
C3989,Neha,F,-5.0,Kolkata,,,507.95,-1.0,India
3990,Kiran,Male,57.0,Kolkata,,,495.88,3.0,Canada
C3991,Neha,nan,43.0,Ahmedabad,,,-999.0,3.0,Australia
3992,Ankit,F,43.0,Ahmedabad,2025-01-11,,-999.0,2.0,USA
,Kiran,M,35.0,Kolkata,,,-999.0,3.0,Australia
3994,Amit,M,43.0,Hyderabad,,,-999.0,-1.0,India
,Amit,M,-5.0,Bangalore,,2025-07-30,-999.0,-1.0,UK
,Rahul,Male,200.0,Pune,,,-999.0,10.0,Australia
,Priya,Male,200.0,Delhi,,2022-07-05,-999.0,10.0,nan
3998,Neha,nan,43.0,Ahmedabad,2024-09-24,2021-01-01,2984.94,3.0,Australia
3999,Amit,Male,200.0,Mumbai,2025-02-21,,-999.0,10.0,Canada
,nan,Female,43.0,Chennai,2025-04-27,,4197.11,-1.0,Canada
,nan,F,43.0,Chennai,,,4094.87,3.0,India
4002,Kiran,nan,-5.0,Kolkata,,2021-07-30,-999.0,10.0,Canada
,Ankit,nan,-5.0,Pune,2022-04-14,,-999.0,5.0,UK
,Pooja,nan,200.0,Delhi,2020-11-22,2023-01-25,-999.0,3.0,USA
C4005,Ankit,Male,-5.0,nan,2021-04-01,2022-10-02,-999.0,10.0,India
4006,Amit,nan,43.0,Chennai,,2024-09-07,2616.07,3.0,Australia
4007,Simran,F,43.0,Mumbai,2021-10-05,2024-03-31,-999.0,10.0,Canada
C4008,Amit,nan,200.0,Chennai,,,-999.0,10.0,UK
C4009,Priya,Male,36.0,Kolkata,,,-999.0,10.0,India
,Ankit,nan,-5.0,Pune,2025-04-22,2024-10-30,2711.38,10.0,nan
,Amit,F,-5.0,Hyderabad,2023-02-12,2024-01-08,-999.0,-1.0,nan
4012,Neha,nan,47.0,nan,,,-999.0,-1.0,UK
4013,Kiran,nan,200.0,Pune,2025-03-08,,2525.94,4.0,Canada
4014,Simran,nan,-5.0,Hyderabad,2021-03-09,,-999.0,-1.0,Australia
4015,Neha,male,43.0,nan,,,1012.5,3.0,nan
,Pooja,Female,43.0,Delhi,2025-05-19,,-999.0,3.0,UK
4017,Amit,Male,-5.0,Bangalore,2023-02-22,,-999.0,10.0,Australia
4018,Kiran,M,43.0,Hyderabad,,,3878.97,1.0,Australia
,Sneha,Female,69.0,Pune,,,2261.92,3.0,USA
4020,Amit,female,43.0,Mumbai,,2025-01-18,-999.0,-1.0,UK
4021,Priya,female,200.0,Kolkata,,2022-11-25,1117.91,10.0,nan
,Rahul,Male,-5.0,Chennai,2025-09-30,,-999.0,10.0,nan
4023,Sneha,Male,43.0,Chennai,,2025-05-26,-999.0,3.0,USA
,nan,M,40.0,Hyderabad,2022-03-10,2021-09-19,-999.0,10.0,nan
4025,Ravi,male,43.0,Bangalore,2021-02-04,,-999.0,3.0,nan
4026,Amit,Female,200.0,Mumbai,2021-07-03,,-999.0,-1.0,Australia
4027,Amit,nan,32.0,nan,,,-999.0,4.0,USA
4028,Ankit,nan,25.0,nan,,,-999.0,4.0,India
C4029,Simran,M,69.0,Mumbai,,,-999.0,10.0,Canada
4030,Pooja,Male,-5.0,Hyderabad,,2024-09-21,-999.0,3.0,Canada
,Rahul,F,200.0,Hyderabad,2024-09-30,,2553.66,3.0,USA
4032,Ankit,M,43.0,Bangalore,,,-999.0,-1.0,USA
4033,Kiran,Male,200.0,Pune,2023-02-18,2021-08-01,-999.0,1.0,USA
C4034,Rahul,F,43.0,Delhi,,2022-10-14,-999.0,10.0,UK
,nan,nan,43.0,Kolkata,,,3773.47,10.0,Canada
C4036,Simran,nan,43.0,Bangalore,,,-999.0,-1.0,Canada
C4037,Simran,female,58.0,Bangalore,2021-04-14,2024-07-19,881.08,5.0,Australia
4038,Rahul,Male,43.0,Mumbai,2023-04-03,,1841.27,10.0,Canada
4039,Neha,nan,56.0,Pune,,,-999.0,10.0,India
,Rahul,Male,-5.0,Pune,2025-02-11,,2428.08,10.0,USA
4041,Kiran,M,200.0,Pune,,,647.41,3.0,India
4042,Ankit,F,-5.0,Hyderabad,2023-10-31,,-999.0,-1.0,USA
4043,nan,M,43.0,Kolkata,,,-999.0,-1.0,India
,Neha,female,200.0,Hyderabad,2022-11-22,,-999.0,3.0,Australia
,Sneha,Male,-5.0,Chennai,2022-11-29,,-999.0,3.0,Canada
,Pooja,nan,54.0,Bangalore,2020-10-17,2025-05-10,-999.0,3.0,USA
C4047,nan,male,43.0,Chennai,,,-999.0,10.0,nan
4048,Pooja,male,43.0,Kolkata,2024-12-31,,-999.0,10.0,nan
4049,Rahul,male,43.0,Chennai,2023-11-14,,-999.0,10.0,USA
,Neha,male,43.0,Pune,2024-08-10,,-999.0,10.0,India
,Ankit,nan,43.0,Chennai,2022-07-26,2025-02-28,-999.0,10.0,Australia
,Neha,M,200.0,Kolkata,2025-03-28,,455.26,1.0,USA
4053,Amit,Male,-5.0,Mumbai,,,-999.0,3.0,Canada
4054,Rahul,nan,43.0,Kolkata,,,2039.53,3.0,Canada
4055,Priya,female,-5.0,Pune,,,-999.0,3.0,nan
C4056,Ankit,M,-5.0,Chennai,,,-999.0,3.0,USA
,Sneha,F,-5.0,Ahmedabad,,,-999.0,1.0,Australia
C4058,Priya,Female,43.0,Mumbai,,,-999.0,10.0,UK
4059,Ankit,M,26.0,Chennai,2021-06-13,,2324.81,5.0,India
,Simran,Female,43.0,Pune,2024-03-30,,-999.0,10.0,Canada
C4061,Ravi,F,-5.0,Chennai,2022-07-13,2022-07-17,-999.0,5.0,USA
4062,Kiran,nan,43.0,Chennai,2021-07-28,2025-11-19,-999.0,10.0,nan
4063,Ankit,Male,-5.0,Mumbai,2020-11-23,2025-09-12,-999.0,10.0,USA
,Sneha,male,-5.0,Ahmedabad,,,-999.0,10.0,nan
C4065,Ankit,F,43.0,nan,,,-999.0,10.0,Australia
,Sneha,female,200.0,Kolkata,,,-999.0,10.0,India
4067,Pooja,nan,-5.0,Delhi,,2023-06-25,-999.0,-1.0,UK
4068,Kiran,female,22.0,Pune,,2021-09-12,-999.0,5.0,nan
4069,Ravi,nan,43.0,Pune,,,2628.73,3.0,UK
C4070,Simran,M,200.0,Bangalore,2023-12-02,2022-07-14,424.11,3.0,Canada
C4071,Neha,F,-5.0,Hyderabad,2021-07-24,,-999.0,3.0,USA
4072,Simran,M,-5.0,Hyderabad,,2025-03-30,3332.36,4.0,Australia
C4073,Kiran,M,43.0,Bangalore,,,-999.0,3.0,India
4074,Simran,male,20.0,Hyderabad,2024-09-18,2025-12-06,-999.0,4.0,Canada
4075,Simran,F,200.0,Kolkata,2020-12-08,,-999.0,3.0,Canada
4076,Amit,nan,50.0,Kolkata,2023-08-10,,2533.1,3.0,India
4077,Amit,male,43.0,Kolkata,,,-999.0,4.0,Australia
C4078,nan,F,48.0,Bangalore,2022-02-01,2024-10-01,4367.83,10.0,USA
4079,Sneha,M,45.0,Hyderabad,,,4353.08,3.0,nan
4080,Ankit,Female,23.0,nan,,,-999.0,-1.0,India
C4081,Sneha,nan,38.0,Delhi,2022-03-04,,-999.0,-1.0,UK
,Rahul,F,69.0,Kolkata,2023-11-02,,-999.0,10.0,Canada
C4083,Amit,Male,200.0,Chennai,2025-11-12,,-999.0,3.0,UK
C4084,Sneha,F,40.0,Mumbai,,,-999.0,3.0,Australia
4085,Ravi,F,-5.0,Mumbai,2023-12-23,,249.32,10.0,USA
,Kiran,nan,200.0,Kolkata,,,2843.81,4.0,India
4087,Pooja,female,-5.0,Delhi,2025-06-14,,-999.0,10.0,Australia
,nan,male,200.0,Mumbai,2024-07-09,,4144.4,1.0,USA
,Sneha,male,35.0,Kolkata,,,-999.0,3.0,UK
C4090,Priya,female,43.0,Hyderabad,,2024-10-26,-999.0,-1.0,USA
C4091,nan,nan,200.0,Hyderabad,,,1360.18,3.0,Australia
4092,Pooja,female,43.0,Delhi,2024-06-05,2023-06-17,-999.0,10.0,Canada
4093,Ankit,female,37.0,Kolkata,2024-06-09,2021-11-15,-999.0,10.0,Australia
C4094,Kiran,M,200.0,Kolkata,,,646.8,2.0,Canada
,Ankit,male,200.0,Delhi,2021-01-14,,-999.0,10.0,nan
,Rahul,male,200.0,Ahmedabad,,2025-03-03,1096.59,-1.0,nan
4097,Rahul,nan,30.0,Bangalore,,2020-09-16,-999.0,10.0,Australia
4098,Pooja,Female,38.0,Delhi,,,3262.12,5.0,nan
4099,nan,female,200.0,Bangalore,2024-03-15,,4520.98,5.0,USA
4100,Neha,Male,200.0,Mumbai,2022-06-11,,-999.0,10.0,nan
,nan,Male,43.0,Chennai,2024-02-20,,4293.74,5.0,UK
,nan,nan,-5.0,Chennai,,2020-10-28,1434.07,10.0,nan
C4103,nan,nan,43.0,nan,,,-999.0,3.0,USA
C4104,Priya,Male,38.0,Kolkata,,,83.43,2.0,Australia
4105,nan,M,200.0,Hyderabad,2020-09-12,2021-01-27,-999.0,5.0,Australia
4106,Sneha,F,200.0,nan,,2025-11-13,-999.0,10.0,nan
C4107,Ankit,nan,43.0,Ahmedabad,,,4692.77,10.0,USA
4108,nan,nan,43.0,nan,2024-03-30,,-999.0,10.0,Australia
4109,Kiran,female,200.0,Bangalore,2025-11-25,,-999.0,4.0,UK
4110,nan,Female,-5.0,Chennai,,,4142.18,5.0,Australia
,Sneha,nan,43.0,Pune,,,-999.0,1.0,India
4112,nan,M,43.0,Delhi,,2023-12-18,-999.0,-1.0,India
,Simran,male,37.0,nan,2025-07-14,,-999.0,10.0,Australia
4114,Neha,Female,-5.0,Bangalore,2021-12-09,2023-12-16,-999.0,-1.0,Canada
C4115,Sneha,nan,-5.0,nan,2022-03-26,,-999.0,-1.0,USA
,Priya,Male,200.0,Bangalore,2023-11-10,,163.26,-1.0,nan
4117,Ravi,nan,35.0,Hyderabad,2021-12-24,,-999.0,10.0,Australia
4118,Ankit,Female,38.0,Chennai,,2023-09-13,2828.75,3.0,India
C4119,Kiran,male,43.0,Chennai,,,2793.23,10.0,Australia
C4120,Ankit,nan,43.0,Bangalore,2020-10-17,2022-09-15,-999.0,-1.0,Australia
4121,Simran,female,200.0,Pune,,,-999.0,2.0,nan
4122,Rahul,Male,65.0,Pune,2024-11-20,2020-11-19,3205.77,10.0,nan
C4123,nan,nan,200.0,nan,,2024-10-12,-999.0,10.0,India
4124,Pooja,nan,-5.0,Ahmedabad,,2022-05-07,-999.0,3.0,USA
,Rahul,F,43.0,Pune,,2022-06-09,-999.0,-1.0,Canada
4126,Priya,Female,43.0,Mumbai,,,-999.0,10.0,Canada
C4127,Pooja,nan,-5.0,Mumbai,,2024-10-11,3333.3,10.0,India
C4128,Rahul,nan,42.0,Chennai,2022-03-10,,-999.0,10.0,Canada
4129,Rahul,Male,200.0,nan,2022-03-05,2023-04-28,-999.0,-1.0,Canada
4130,Neha,male,53.0,Kolkata,,,4575.57,10.0,UK
,Rahul,female,-5.0,Pune,,,-999.0,-1.0,nan
C4132,Simran,nan,200.0,Pune,2022-03-26,2022-07-14,-999.0,10.0,nan
,Pooja,male,43.0,Pune,2023-04-08,2024-10-23,-999.0,1.0,Canada
4134,Ankit,Male,69.0,nan,2021-09-22,,4005.08,10.0,nan
,Ankit,F,-5.0,Hyderabad,,,-999.0,10.0,USA
,Rahul,nan,-5.0,Ahmedabad,,,2623.81,3.0,nan
,Pooja,F,43.0,Hyderabad,,,2809.6,10.0,Canada
,Rahul,Male,200.0,Kolkata,,,1639.77,3.0,nan
,Priya,Male,43.0,Pune,,,-999.0,-1.0,USA
4140,nan,female,200.0,Kolkata,2022-03-09,2024-01-08,856.76,-1.0,Australia
C4141,Kiran,Male,200.0,nan,2025-10-07,2023-10-29,-999.0,3.0,India
4142,Sneha,M,-5.0,Mumbai,,,4963.94,10.0,UK
C4143,Pooja,Male,30.0,Hyderabad,2025-07-19,,2083.48,10.0,UK
C4144,Priya,male,-5.0,Mumbai,,2026-01-01,4992.81,4.0,UK
4145,Ankit,Male,200.0,Delhi,2021-09-05,,-999.0,10.0,India
C4146,Sneha,Female,200.0,Delhi,2020-11-10,2025-03-25,1594.18,3.0,Australia
4147,Rahul,M,43.0,Ahmedabad,,,-999.0,10.0,nan
C4148,nan,M,36.0,Kolkata,2022-07-16,,-999.0,10.0,Australia
4149,Kiran,Female,200.0,Pune,2021-08-22,,-999.0,3.0,nan
,Amit,M,43.0,Chennai,,,-999.0,-1.0,Australia
C4151,Neha,F,-5.0,Mumbai,,2022-01-07,4004.97,4.0,India
4152,Sneha,Male,-5.0,Pune,2024-02-03,,-999.0,-1.0,USA
C4153,Amit,F,43.0,Delhi,,,-999.0,-1.0,India
C4154,Priya,male,200.0,Ahmedabad,,2020-08-06,-999.0,-1.0,Australia
C4155,Neha,M,43.0,Hyderabad,2023-01-18,,3293.82,10.0,USA
,Ankit,Male,43.0,Mumbai,,,-999.0,3.0,UK
4157,Ankit,F,43.0,Chennai,,,-999.0,10.0,UK
C4158,Pooja,M,-5.0,Bangalore,,2025-11-14,-999.0,3.0,USA
4159,Priya,female,200.0,Kolkata,2024-03-04,,-999.0,-1.0,UK
,Neha,female,36.0,Kolkata,,,2719.35,10.0,USA
4161,Amit,Female,62.0,Pune,,,-999.0,1.0,nan
4162,Priya,Female,54.0,Kolkata,2025-04-01,2020-12-14,-999.0,1.0,USA
C4163,Priya,Male,200.0,Ahmedabad,,,-999.0,10.0,Australia
4164,Sneha,female,-5.0,Bangalore,,,-999.0,-1.0,Australia
,Rahul,F,43.0,Mumbai,2021-02-03,2026-01-25,-999.0,10.0,USA
4166,Ankit,F,18.0,Hyderabad,,,-999.0,4.0,India
C4167,Rahul,F,-5.0,nan,,2020-09-09,-999.0,-1.0,India
4168,Ravi,Male,69.0,Ahmedabad,,,-999.0,4.0,nan
4169,Neha,female,51.0,Mumbai,,2023-09-25,944.01,4.0,Australia
4170,Rahul,male,-5.0,Mumbai,2022-04-20,,1351.23,1.0,Canada
C4171,Ravi,M,43.0,Bangalore,2023-05-09,,-999.0,5.0,nan
,Neha,male,-5.0,Hyderabad,,2021-03-01,-999.0,3.0,USA
C4173,Rahul,male,48.0,Kolkata,2023-04-21,,-999.0,10.0,nan
,nan,nan,-5.0,nan,,2020-11-16,-999.0,-1.0,nan
,Pooja,Female,200.0,Ahmedabad,2022-11-15,,-999.0,10.0,nan
4176,Neha,Female,61.0,Bangalore,2022-04-22,,-999.0,-1.0,India
C4177,Simran,nan,-5.0,Chennai,,,2514.95,3.0,Canada
C4178,Amit,F,52.0,Ahmedabad,,,-999.0,10.0,Australia
4179,nan,Male,-5.0,Mumbai,,,-999.0,3.0,USA
,Sneha,male,-5.0,Chennai,2023-09-13,,4492.66,10.0,USA
C4181,Neha,nan,43.0,Bangalore,2024-02-18,,-999.0,3.0,USA
4182,nan,female,43.0,Pune,,,1813.99,10.0,India
,Neha,male,200.0,Ahmedabad,,,-999.0,3.0,India
C4184,Kiran,Male,-5.0,Hyderabad,,,-999.0,1.0,Canada
4185,Neha,male,41.0,Chennai,,,-999.0,3.0,USA
4186,nan,F,200.0,Delhi,,,-999.0,10.0,nan
C4187,nan,nan,43.0,Pune,2021-06-17,2024-07-13,-999.0,10.0,Canada
C4188,Ravi,female,200.0,Ahmedabad,2025-02-28,,3811.94,-1.0,Australia
4189,Rahul,Male,50.0,Hyderabad,2022-12-25,,-999.0,10.0,Australia
,Rahul,female,52.0,Pune,2023-12-26,2025-12-09,3855.25,3.0,nan
C4191,Sneha,nan,56.0,nan,,2024-07-23,-999.0,2.0,UK
4192,Sneha,nan,-5.0,Mumbai,2024-11-10,2025-08-07,-999.0,4.0,India
4193,Amit,Female,23.0,Pune,,2025-01-08,-999.0,-1.0,UK
4194,Simran,Female,200.0,Mumbai,,,-999.0,-1.0,USA
,Kiran,nan,43.0,Pune,2021-09-12,,4381.08,3.0,India
C4196,Rahul,Male,43.0,Ahmedabad,,,-999.0,-1.0,UK
C4197,Rahul,M,43.0,Mumbai,,,-999.0,3.0,USA
4198,nan,F,43.0,nan,,,-999.0,3.0,UK
,Ankit,female,200.0,Pune,2025-03-01,,4085.43,10.0,UK
,Simran,female,-5.0,Hyderabad,,,-999.0,10.0,USA
C4201,Priya,Female,-5.0,Mumbai,2025-02-05,,-999.0,3.0,Canada
C4202,Ankit,nan,-5.0,Chennai,2023-08-05,,-999.0,10.0,UK
C4203,Sneha,nan,-5.0,Mumbai,,,-999.0,-1.0,India
C4204,nan,F,62.0,Kolkata,2020-10-20,,-999.0,-1.0,Australia
4205,Ankit,nan,-5.0,Chennai,,2020-12-20,-999.0,10.0,India
4206,Neha,Male,38.0,Pune,2025-07-10,,-999.0,10.0,India
4207,Ravi,male,-5.0,Hyderabad,,,-999.0,10.0,UK
C4208,nan,male,-5.0,Pune,,,725.49,3.0,USA
4209,Pooja,F,64.0,Chennai,2023-08-12,,-999.0,4.0,Canada
C4210,Ravi,nan,200.0,Pune,,,-999.0,3.0,India
,nan,F,-5.0,Hyderabad,,,-999.0,10.0,USA
,Neha,nan,-5.0,Mumbai,,,-999.0,3.0,USA
C4213,nan,F,54.0,Hyderabad,,,-999.0,-1.0,USA
4214,Pooja,male,58.0,nan,,2020-10-22,2203.12,-1.0,Australia
4215,Rahul,nan,-5.0,nan,2021-09-05,,3940.26,3.0,USA
4216,nan,nan,43.0,nan,2021-10-08,2025-12-23,3318.35,10.0,nan
,Rahul,male,54.0,Chennai,,2022-02-11,-999.0,10.0,nan
,Sneha,female,200.0,Chennai,2024-10-19,,-999.0,3.0,India
,Rahul,F,44.0,Pune,2023-12-24,,-999.0,3.0,India
,nan,Female,200.0,Hyderabad,2024-12-23,,-999.0,3.0,UK
C4221,Kiran,nan,28.0,Ahmedabad,2023-08-05,,-999.0,3.0,India
4222,Amit,F,43.0,Bangalore,,,3928.62,3.0,UK
4223,Simran,F,45.0,Bangalore,2025-02-09,2021-08-20,-999.0,-1.0,UK
4224,Priya,female,43.0,Delhi,,2024-11-24,-999.0,-1.0,nan
,Kiran,nan,200.0,Delhi,2022-03-14,,-999.0,1.0,Australia
4226,Ravi,nan,200.0,Mumbai,,,-999.0,3.0,Canada
4227,Neha,nan,43.0,Mumbai,,2022-03-28,-999.0,1.0,Canada
,Ankit,Male,43.0,Bangalore,,,1974.79,1.0,nan
,Rahul,M,43.0,Bangalore,2021-06-28,,4237.4,10.0,nan
,nan,Female,-5.0,Pune,,,-999.0,2.0,India
4231,nan,nan,-5.0,Mumbai,,2020-12-08,-999.0,3.0,nan
C4232,Sneha,M,200.0,Mumbai,,2024-10-31,-999.0,-1.0,Canada
C4233,Simran,male,-5.0,Kolkata,2023-08-27,,-999.0,3.0,UK
,nan,nan,-5.0,nan,,,-999.0,3.0,nan
C4235,Sneha,Male,43.0,Delhi,2024-12-03,,-999.0,4.0,nan
C4236,Priya,F,43.0,Chennai,,,1778.46,3.0,India
,Pooja,Female,200.0,Hyderabad,2024-09-13,,-999.0,3.0,UK
4238,nan,male,47.0,nan,2024-10-03,,771.76,3.0,India
C4239,Pooja,Male,200.0,Ahmedabad,,2021-09-27,-999.0,3.0,UK
4240,Sneha,Female,43.0,Bangalore,,2025-01-20,502.23,-1.0,nan
C4241,Sneha,Male,200.0,Pune,,,-999.0,10.0,Canada
4242,Amit,M,43.0,Ahmedabad,,2023-11-30,-999.0,10.0,UK
C4243,Kiran,M,200.0,Delhi,2024-05-07,,-999.0,1.0,USA
4244,Kiran,female,40.0,Pune,2024-07-12,,-999.0,1.0,India
C4245,Kiran,female,200.0,Bangalore,2023-11-01,,-999.0,10.0,India
,Rahul,female,52.0,Mumbai,,,-999.0,-1.0,Australia
4247,Kiran,nan,43.0,Pune,2025-09-13,,3322.86,3.0,Canada
,Ravi,male,-5.0,nan,,2024-01-11,-999.0,4.0,nan
,nan,Male,57.0,nan,2024-06-23,,-999.0,1.0,India
4250,Rahul,nan,43.0,Kolkata,2025-02-21,,-999.0,-1.0,UK
4251,Kiran,Male,200.0,Delhi,2024-02-29,,-999.0,10.0,Australia
4252,Kiran,Female,200.0,Ahmedabad,2023-10-30,,-999.0,-1.0,Australia
4253,nan,female,43.0,Delhi,2025-12-14,2024-12-08,-999.0,3.0,USA
C4254,Ankit,Male,43.0,Ahmedabad,2020-10-21,,259.64,10.0,Canada
4255,Amit,nan,200.0,Mumbai,,2021-01-12,-999.0,10.0,Australia
,Rahul,male,43.0,Hyderabad,,2023-06-23,56.38,3.0,nan
C4257,Pooja,F,29.0,Hyderabad,2025-11-06,,-999.0,10.0,Australia
C4258,Ankit,female,43.0,Delhi,,,-999.0,3.0,India
C4259,Rahul,nan,-5.0,Kolkata,2025-06-26,,-999.0,2.0,UK
C4260,Pooja,Male,-5.0,Hyderabad,,,-999.0,3.0,USA
4261,Neha,male,64.0,Hyderabad,,,-999.0,2.0,UK
4262,Rahul,F,43.0,nan,,2021-06-15,1142.35,10.0,UK
,nan,nan,26.0,Kolkata,,,-999.0,-1.0,Canada
4264,Simran,nan,38.0,nan,,,2619.39,3.0,UK
C4265,nan,nan,43.0,Hyderabad,2022-02-09,,-999.0,-1.0,Canada
,Ankit,M,43.0,Pune,2021-04-23,,-999.0,10.0,nan
,Sneha,nan,200.0,Hyderabad,,2022-07-21,-999.0,4.0,UK
4268,Simran,nan,43.0,Mumbai,2025-12-26,2022-05-19,-999.0,4.0,India
C4269,Pooja,M,200.0,nan,2021-04-26,,4153.44,3.0,nan
4270,nan,female,-5.0,Ahmedabad,2025-11-03,,-999.0,10.0,Canada
4271,Sneha,Male,65.0,Ahmedabad,2024-11-06,2023-04-24,-999.0,-1.0,UK
4272,Amit,female,-5.0,nan,2025-08-02,,-999.0,10.0,UK
4273,Priya,F,43.0,Kolkata,2020-11-02,,-999.0,1.0,Canada
,Amit,F,-5.0,Delhi,,,-999.0,10.0,India
4275,Rahul,nan,-5.0,Mumbai,2023-02-21,,-999.0,4.0,nan
C4276,Simran,female,-5.0,nan,2025-04-22,2025-11-09,1397.82,3.0,nan
4277,nan,F,200.0,Kolkata,,,927.7,5.0,Canada
C4278,Sneha,F,200.0,Ahmedabad,,,-999.0,3.0,Canada
,Ankit,male,43.0,Bangalore,,,-999.0,2.0,India
4280,Kiran,Female,43.0,Kolkata,,2023-07-09,-999.0,3.0,USA
C4281,Sneha,Female,51.0,Pune,2021-09-14,,-999.0,2.0,USA
C4282,Simran,M,-5.0,Pune,2023-04-30,,-999.0,-1.0,India
4283,Simran,Male,200.0,Mumbai,,2020-12-27,-999.0,3.0,Canada
4284,Kiran,M,-5.0,Pune,2024-05-23,2022-07-22,-999.0,3.0,Canada
4285,Simran,female,43.0,Pune,2022-04-30,,4798.43,10.0,UK
4286,Simran,male,200.0,Kolkata,,2024-12-14,2396.2,5.0,India
C4287,Kiran,Male,-5.0,Bangalore,,2020-12-24,-999.0,-1.0,USA
C4288,Rahul,nan,59.0,Hyderabad,2022-10-21,,-999.0,3.0,USA
C4289,Simran,M,28.0,Chennai,,,3984.15,3.0,USA
4290,Rahul,nan,-5.0,Pune,,,4173.27,1.0,Canada
4291,nan,female,200.0,Mumbai,2021-04-24,,-999.0,3.0,nan
4292,nan,male,43.0,Bangalore,2020-10-10,,1534.65,3.0,Canada
C4293,nan,female,-5.0,nan,2020-12-30,,-999.0,3.0,Canada
,Kiran,Male,51.0,Bangalore,2025-11-27,,4772.31,1.0,India
4295,Priya,nan,38.0,Bangalore,2025-09-24,2025-05-03,1074.63,4.0,Australia
,Simran,male,43.0,Ahmedabad,2022-03-12,,-999.0,3.0,UK
C4297,Kiran,nan,43.0,Bangalore,2023-10-25,2024-05-21,-999.0,2.0,nan
C4298,Rahul,M,-5.0,Hyderabad,,,-999.0,3.0,USA
4299,Amit,nan,-5.0,Pune,2025-12-04,,-999.0,4.0,Canada
C4300,Kiran,F,200.0,Delhi,,,-999.0,3.0,Australia
,Sneha,Male,55.0,Mumbai,,,-999.0,3.0,Canada
C4302,Sneha,Male,49.0,Delhi,,,-999.0,10.0,Australia
4303,Neha,nan,43.0,Hyderabad,,,-999.0,-1.0,USA
,Amit,nan,49.0,Bangalore,,,-999.0,-1.0,Canada
4305,Priya,male,-5.0,Pune,,2023-02-27,3680.6,10.0,nan
4306,Kiran,Female,43.0,Pune,,,-999.0,10.0,India
,Ravi,Female,43.0,Pune,2023-06-20,,3630.5,-1.0,Australia
C4308,Priya,nan,-5.0,Delhi,2022-10-08,,767.81,5.0,UK
4309,Kiran,nan,43.0,Chennai,,2025-12-23,2887.84,10.0,UK
C4310,Rahul,male,43.0,Chennai,,,-999.0,-1.0,Canada
4311,Ankit,M,-5.0,Hyderabad,,,-999.0,2.0,Canada
4312,Kiran,male,43.0,nan,2021-10-05,2020-09-30,-999.0,2.0,UK
,Rahul,female,-5.0,Bangalore,,2021-06-09,-999.0,3.0,UK
,Rahul,Female,32.0,Mumbai,,,-999.0,5.0,nan
C4315,Pooja,female,25.0,Ahmedabad,2024-11-02,2025-12-14,2957.01,3.0,Australia
C4316,Amit,female,43.0,Delhi,2025-10-03,,1924.45,3.0,UK
4317,Sneha,Male,200.0,Bangalore,,,-999.0,3.0,USA
,Sneha,male,43.0,Kolkata,2021-03-01,,-999.0,10.0,Canada
4319,Neha,Female,-5.0,nan,,,-999.0,-1.0,Australia
4320,Amit,female,-5.0,Delhi,2024-02-29,2021-07-05,-999.0,3.0,nan
4321,Ravi,Male,-5.0,Delhi,,,-999.0,3.0,nan
4322,Sneha,Male,43.0,Delhi,,,-999.0,4.0,USA
4323,Pooja,F,27.0,Bangalore,,,-999.0,10.0,UK
4324,Neha,male,200.0,Mumbai,,,-999.0,5.0,USA
4325,Priya,nan,-5.0,Delhi,,2023-03-14,4689.94,1.0,Australia
4326,Sneha,M,-5.0,Mumbai,,,116.78,3.0,Australia
4327,Ravi,Male,43.0,Kolkata,2021-03-25,,-999.0,3.0,USA
4328,Simran,Male,200.0,Delhi,,,-999.0,5.0,USA
C4329,Rahul,Female,43.0,Delhi,2024-02-03,,-999.0,-1.0,Canada
,Rahul,male,43.0,nan,,,-999.0,10.0,nan
C4331,Simran,nan,43.0,Delhi,2025-06-24,2022-10-07,893.63,-1.0,nan
,Amit,nan,200.0,Ahmedabad,,,-999.0,2.0,Canada
4333,nan,Male,43.0,Kolkata,,,-999.0,3.0,India
4334,Priya,female,200.0,Kolkata,2021-10-02,,-999.0,5.0,India
C4335,Simran,Male,58.0,Delhi,2021-03-03,2023-05-25,-999.0,10.0,UK
4336,Rahul,nan,43.0,Bangalore,2024-08-17,,-999.0,3.0,Canada
,Kiran,F,32.0,Delhi,2025-07-16,2025-09-24,-999.0,2.0,nan
4338,Sneha,female,-5.0,Delhi,,,-999.0,3.0,USA
4339,Simran,F,42.0,Hyderabad,2024-02-14,2023-09-24,-999.0,3.0,Canada
4340,Ankit,Female,200.0,Chennai,,,-999.0,-1.0,UK
4341,nan,female,43.0,Mumbai,,2022-01-09,-999.0,10.0,Canada
C4342,Ankit,Male,-5.0,Chennai,,2021-10-28,-999.0,3.0,UK
,Rahul,Male,43.0,nan,2025-11-23,2021-08-13,-999.0,3.0,nan
4344,nan,female,43.0,Ahmedabad,,,1010.0,10.0,India
4345,nan,M,200.0,Delhi,2024-02-15,,3115.01,10.0,Canada
4346,nan,M,-5.0,Chennai,,2025-03-21,-999.0,-1.0,USA
,nan,nan,69.0,Mumbai,2021-12-15,,4560.51,2.0,Australia
4348,nan,female,200.0,Kolkata,2022-03-28,,-999.0,4.0,Australia
C4349,Neha,male,200.0,Pune,,2023-09-01,-999.0,3.0,USA
4350,nan,male,-5.0,Chennai,,2023-04-11,-999.0,-1.0,Canada
4351,Ravi,nan,200.0,Hyderabad,,,-999.0,10.0,nan
4352,Simran,Male,32.0,Ahmedabad,2021-05-30,2021-10-04,-999.0,-1.0,UK
C4353,Priya,nan,-5.0,Hyderabad,2024-12-17,2022-10-18,-999.0,10.0,nan
4354,Sneha,nan,200.0,Chennai,2022-09-24,,-999.0,3.0,India
4355,Ankit,male,200.0,Bangalore,,2023-03-23,-999.0,3.0,UK
,Sneha,Male,65.0,Delhi,2020-12-05,,791.43,-1.0,Australia
C4357,nan,Male,43.0,Pune,,2020-10-23,-999.0,3.0,USA
,Kiran,Male,200.0,Delhi,,,4905.82,10.0,UK
,Kiran,female,200.0,Hyderabad,,2025-03-05,-999.0,-1.0,nan
,nan,Female,45.0,Mumbai,2021-06-30,2022-10-14,-999.0,10.0,Australia
,Pooja,Male,35.0,Kolkata,,2022-11-11,-999.0,3.0,India
,Ankit,M,43.0,Mumbai,,,2857.17,-1.0,Australia
C4363,Sneha,male,43.0,Kolkata,,,753.53,4.0,nan
C4364,Amit,nan,43.0,Ahmedabad,2021-07-29,,1284.14,1.0,nan
4365,Sneha,nan,-5.0,Delhi,2025-07-18,,3197.28,10.0,India
4366,Rahul,female,200.0,Kolkata,2020-12-11,,-999.0,3.0,UK
4367,Ravi,nan,39.0,Mumbai,2022-12-19,,-999.0,3.0,India
C4368,Kiran,female,200.0,Hyderabad,2024-02-17,2020-10-17,-999.0,3.0,Canada
C4369,Pooja,nan,43.0,Mumbai,,,-999.0,2.0,nan
,Priya,nan,43.0,Pune,2025-07-21,,-999.0,3.0,nan
4371,Sneha,Female,200.0,nan,,,-999.0,3.0,UK
,Ravi,M,200.0,nan,2022-01-03,,-999.0,3.0,Australia
4373,Amit,F,200.0,Mumbai,2022-05-11,,-999.0,3.0,UK
C4374,Rahul,nan,43.0,Chennai,,,-999.0,5.0,Canada
,Priya,F,-5.0,Delhi,2025-03-25,2022-03-14,-999.0,-1.0,Canada
4376,Amit,M,-5.0,Ahmedabad,2023-04-23,,-999.0,3.0,UK
,Sneha,female,43.0,Ahmedabad,2023-03-03,,-999.0,3.0,Canada
4378,Ravi,male,63.0,Kolkata,,,-999.0,2.0,Australia
4379,Amit,Female,43.0,Delhi,,,-999.0,-1.0,UK
4380,Sneha,nan,62.0,nan,2020-12-25,,177.66,10.0,nan
,Pooja,Male,33.0,Hyderabad,2022-02-27,,-999.0,3.0,Canada
4382,Simran,Female,43.0,Ahmedabad,2021-06-25,2024-08-20,-999.0,10.0,nan
,Priya,nan,200.0,Mumbai,,,-999.0,3.0,Australia
4384,Neha,M,-5.0,Ahmedabad,,,-999.0,-1.0,UK
C4385,Sneha,M,-5.0,Mumbai,,2025-06-23,-999.0,-1.0,Australia
,Neha,M,200.0,Delhi,2024-10-18,,1426.77,2.0,nan
,nan,F,43.0,Delhi,2024-04-02,,-999.0,10.0,Australia
4388,nan,Female,66.0,nan,,,4052.55,10.0,Australia
4389,Rahul,nan,-5.0,Hyderabad,2022-09-30,2025-05-29,1747.69,3.0,Canada
4390,Pooja,Male,200.0,Delhi,2023-10-29,2024-03-07,-999.0,5.0,UK
4391,Neha,male,63.0,Mumbai,,,-999.0,-1.0,India
C4392,Ankit,nan,200.0,Delhi,2023-08-12,,3082.17,4.0,nan
4393,Neha,male,200.0,Delhi,2024-09-27,,4630.51,10.0,India
C4394,Simran,M,200.0,Pune,,,-999.0,1.0,Canada
,Ravi,F,43.0,Delhi,,,-999.0,3.0,nan
C4396,Ravi,Male,-5.0,Chennai,,2022-12-13,-999.0,10.0,USA
4397,Kiran,M,200.0,nan,,,979.5,3.0,USA
,Rahul,M,30.0,Bangalore,,,-999.0,-1.0,Australia
,nan,Female,200.0,Chennai,,2024-01-18,-999.0,-1.0,India
4400,Priya,nan,200.0,Bangalore,2023-03-31,,2638.95,-1.0,UK
4401,nan,male,200.0,nan,2021-11-05,2023-06-22,-999.0,3.0,nan
C4402,nan,male,200.0,nan,,,-999.0,10.0,nan
4403,Rahul,male,43.0,Pune,,2024-04-11,-999.0,3.0,Canada
4404,Sneha,Male,43.0,nan,,2021-09-15,-999.0,3.0,UK
,Amit,F,200.0,Kolkata,2022-06-05,,-999.0,-1.0,USA
4406,Amit,male,52.0,Delhi,2024-05-01,,157.64,10.0,nan
,Priya,F,49.0,Kolkata,2025-10-12,2022-05-25,-999.0,1.0,USA
C4408,Amit,male,60.0,Kolkata,,,-999.0,2.0,UK
4409,Simran,Female,200.0,Mumbai,,,2239.97,-1.0,nan
,nan,Female,-5.0,Chennai,2026-01-10,2023-02-06,-999.0,3.0,USA
C4411,Pooja,Male,45.0,Ahmedabad,,2021-05-27,-999.0,10.0,UK
4412,Sneha,Male,200.0,Pune,,,3375.26,1.0,USA
4413,nan,male,43.0,Pune,2021-01-15,,-999.0,10.0,India
4414,Simran,nan,43.0,Chennai,2024-01-23,,-999.0,-1.0,India
C4415,Pooja,nan,-5.0,nan,2024-07-13,,-999.0,3.0,Australia
4416,nan,nan,-5.0,Bangalore,,,1757.23,-1.0,Canada
4417,Ravi,nan,52.0,Chennai,2025-05-28,2024-04-03,-999.0,10.0,nan
C4418,nan,Female,43.0,Chennai,2021-02-01,2025-08-18,-999.0,3.0,Canada
4419,nan,M,43.0,Delhi,,2022-08-26,-999.0,-1.0,USA
C4420,Ankit,Male,43.0,Kolkata,2022-12-07,,1916.88,-1.0,nan
4421,Neha,female,200.0,Chennai,,,-999.0,3.0,India
,Neha,male,43.0,nan,,2025-09-14,907.41,3.0,Australia
C4423,Neha,Male,-5.0,Bangalore,2025-05-10,,-999.0,3.0,Canada
4424,Kiran,female,-5.0,nan,2024-10-01,,-999.0,3.0,India
4425,nan,female,60.0,Chennai,2024-03-16,,-999.0,10.0,nan
C4426,Amit,F,-5.0,Ahmedabad,2021-10-22,2025-10-10,-999.0,3.0,nan
C4427,nan,nan,43.0,Bangalore,,,-999.0,10.0,India
,Sneha,Male,43.0,Bangalore,,,-999.0,-1.0,India
4429,Sneha,male,200.0,nan,,,3375.38,10.0,Canada
4430,Priya,female,43.0,Ahmedabad,,,-999.0,3.0,nan
4431,Sneha,Female,-5.0,nan,,,-999.0,5.0,India
4432,Kiran,Male,200.0,Pune,2024-10-16,,-999.0,4.0,India
,Pooja,nan,70.0,Delhi,,2022-12-26,-999.0,3.0,Canada
,nan,nan,200.0,Hyderabad,2020-08-13,,3045.72,10.0,Australia
,Ankit,male,200.0,Ahmedabad,2021-12-12,2022-04-23,-999.0,10.0,India
4436,Pooja,nan,200.0,Bangalore,,,-999.0,3.0,nan
4437,Neha,nan,44.0,Kolkata,2022-09-30,,-999.0,3.0,Australia
4438,Ravi,M,200.0,Hyderabad,2021-01-29,,-999.0,10.0,India
,Priya,nan,-5.0,Delhi,,2021-10-03,-999.0,3.0,Australia
C4440,Neha,Female,-5.0,Pune,,2021-12-30,3686.94,10.0,India
,Simran,F,60.0,Hyderabad,2025-12-04,,2543.57,10.0,nan
C4442,Pooja,nan,50.0,Hyderabad,,,-999.0,-1.0,Australia
C4443,Kiran,F,53.0,Bangalore,,,-999.0,10.0,USA
4444,Rahul,female,200.0,Mumbai,,,-999.0,1.0,Australia
C4445,Simran,male,200.0,Ahmedabad,2021-11-05,,-999.0,10.0,UK
C4446,Rahul,F,200.0,Ahmedabad,,2022-04-04,-999.0,3.0,India
4447,nan,Female,22.0,Kolkata,,,-999.0,5.0,UK
C4448,nan,Male,200.0,nan,,,-999.0,-1.0,UK
4449,Ravi,M,200.0,Pune,,2025-12-14,-999.0,2.0,nan
4450,Simran,Male,-5.0,Delhi,,2023-03-18,-999.0,1.0,Australia
C4451,nan,M,200.0,Hyderabad,,2025-07-29,298.19,3.0,Canada
,Kiran,M,43.0,Pune,2022-01-26,,-999.0,1.0,Australia
,Neha,Male,200.0,Pune,,2025-11-10,-999.0,3.0,Canada
4454,nan,male,43.0,Kolkata,2021-07-15,,-999.0,3.0,Australia
4455,Priya,F,43.0,Ahmedabad,,,-999.0,10.0,Australia
C4456,nan,F,-5.0,Hyderabad,,2024-08-17,-999.0,3.0,Australia
C4457,Pooja,Male,200.0,Hyderabad,2020-12-12,2025-01-17,-999.0,10.0,Australia
,Simran,nan,-5.0,Pune,2021-10-25,2025-09-08,266.81,10.0,UK
4459,Amit,female,43.0,Pune,2023-03-06,2023-07-03,3255.83,10.0,UK
4460,Kiran,Female,-5.0,Mumbai,,2023-05-29,-999.0,3.0,Australia
C4461,Simran,nan,43.0,Chennai,2020-09-03,2025-10-06,-999.0,10.0,USA
4462,nan,Male,43.0,nan,2023-06-02,,-999.0,3.0,Canada
4463,nan,F,43.0,Hyderabad,,,-999.0,3.0,Canada
,Ankit,nan,200.0,Delhi,2023-07-25,,-999.0,3.0,Australia
4465,Sneha,male,43.0,nan,2021-03-11,,1340.16,10.0,USA
4466,Priya,nan,60.0,Bangalore,2025-06-29,2020-09-26,-999.0,-1.0,USA
,Amit,Male,22.0,nan,,,1694.78,3.0,Canada
4468,Pooja,male,200.0,Ahmedabad,2024-02-07,,-999.0,3.0,USA
4469,Neha,nan,-5.0,Pune,2021-09-10,2025-08-15,3812.67,1.0,UK
4470,Simran,F,43.0,Ahmedabad,2024-12-31,,-999.0,-1.0,UK
C4471,nan,nan,43.0,Ahmedabad,,2024-06-29,-999.0,10.0,Canada
C4472,Sneha,nan,200.0,Ahmedabad,,,-999.0,5.0,Canada
4473,Sneha,nan,43.0,Hyderabad,,2021-12-21,-999.0,4.0,Australia
4474,Ankit,male,37.0,Pune,,2022-11-24,805.15,-1.0,UK
,Sneha,Male,57.0,Pune,2020-11-28,2023-03-02,-999.0,10.0,Australia
4476,nan,female,200.0,Bangalore,2022-09-09,2020-12-05,-999.0,-1.0,Australia
,nan,nan,43.0,nan,2023-12-15,,3230.6,3.0,Australia
4478,nan,female,41.0,Pune,,2022-01-24,3978.48,-1.0,USA
4479,Pooja,Male,43.0,Chennai,,,-999.0,-1.0,nan
C4480,Ankit,nan,43.0,Chennai,,2022-05-31,-999.0,10.0,India
4481,Sneha,female,43.0,Kolkata,2024-08-02,,-999.0,1.0,USA
4482,Simran,male,200.0,Ahmedabad,,2023-12-05,-999.0,3.0,Australia
4483,Priya,nan,43.0,nan,2025-10-02,2023-01-19,-999.0,10.0,USA
4484,nan,female,-5.0,Kolkata,2024-11-18,,-999.0,-1.0,UK
,Ankit,nan,43.0,Ahmedabad,,,-999.0,1.0,UK
C4486,Sneha,nan,41.0,Kolkata,,,-999.0,2.0,Australia
4487,Ankit,M,34.0,nan,,,-999.0,-1.0,India
,Kiran,F,43.0,nan,2024-09-06,,-999.0,3.0,nan
C4489,Priya,nan,200.0,Bangalore,,,-999.0,-1.0,nan
4490,Priya,female,200.0,Delhi,2023-05-30,2023-01-27,358.25,3.0,India
C4491,Neha,nan,31.0,Bangalore,2023-05-21,,-999.0,-1.0,USA
,Ravi,Male,200.0,Bangalore,2020-10-09,,1974.46,3.0,Australia
4493,Amit,Female,-5.0,Mumbai,,,1236.03,-1.0,India
4494,Sneha,F,43.0,Delhi,,2023-07-01,1975.94,10.0,Australia
C4495,nan,F,43.0,Pune,2024-04-24,,2803.72,-1.0,USA
C4496,Ravi,male,-5.0,Ahmedabad,2023-05-29,,-999.0,-1.0,nan
,Simran,Female,43.0,Chennai,2022-05-01,2020-08-31,-999.0,3.0,Australia
C4498,nan,female,-5.0,Hyderabad,,2022-02-24,-999.0,1.0,Canada
4499,Rahul,Male,-5.0,Mumbai,2021-07-12,2023-10-15,-999.0,-1.0,Australia
C4500,nan,Male,43.0,Ahmedabad,,,-999.0,3.0,Australia
4501,Neha,nan,43.0,Kolkata,2023-03-20,,65.27,3.0,Australia
,nan,M,66.0,Ahmedabad,2024-04-01,,-999.0,-1.0,Canada
4503,Neha,female,200.0,Mumbai,2026-01-22,,4384.25,3.0,nan
4504,Ravi,Male,43.0,Hyderabad,2024-04-11,2025-01-09,-999.0,-1.0,UK
4505,nan,nan,43.0,Mumbai,,2021-10-25,3438.52,10.0,Canada
4506,Amit,female,43.0,Ahmedabad,2021-07-14,2020-10-04,2683.12,3.0,nan
C4507,Priya,nan,43.0,Bangalore,,,312.0,3.0,nan
4508,Rahul,Female,23.0,Bangalore,2022-12-04,,-999.0,3.0,India
4509,Kiran,Female,-5.0,Delhi,2022-09-07,,-999.0,3.0,Canada
4510,Sneha,Female,200.0,Ahmedabad,,,-999.0,-1.0,Canada
4511,nan,M,63.0,Kolkata,2021-05-26,,-999.0,-1.0,UK
4512,Rahul,nan,-5.0,nan,2020-11-04,,-999.0,10.0,Canada
4513,Rahul,nan,43.0,Pune,2021-04-22,,-999.0,3.0,India
4514,nan,Male,43.0,Mumbai,,2025-09-05,-999.0,2.0,UK
,Ravi,nan,43.0,Ahmedabad,2025-05-21,,-999.0,-1.0,UK
C4516,Rahul,nan,-5.0,nan,,,3128.03,3.0,nan
C4517,nan,Female,45.0,Kolkata,2023-06-11,,-999.0,-1.0,nan
4518,Ankit,Male,200.0,Ahmedabad,,,-999.0,2.0,nan
4519,Amit,F,-5.0,Chennai,2025-01-11,,-999.0,3.0,India
,Rahul,Male,43.0,Mumbai,,,-999.0,3.0,USA
4521,Amit,nan,43.0,Hyderabad,,2025-12-17,-999.0,4.0,nan
4522,nan,Female,-5.0,Hyderabad,,,-999.0,-1.0,nan
4523,Priya,female,52.0,Bangalore,2021-03-19,,-999.0,4.0,Australia
4524,Amit,Female,43.0,Ahmedabad,,,-999.0,-1.0,India
4525,Neha,nan,200.0,Hyderabad,,,-999.0,10.0,India
4526,Rahul,nan,-5.0,Bangalore,2022-11-16,,-999.0,3.0,India
4527,Neha,F,200.0,Bangalore,2025-07-02,,-999.0,-1.0,Australia
,nan,nan,200.0,Hyderabad,,,-999.0,3.0,UK
,Neha,nan,43.0,Kolkata,2024-12-14,,-999.0,-1.0,USA
4530,nan,female,32.0,Pune,,,-999.0,2.0,UK
4531,Ankit,M,200.0,Kolkata,,,-999.0,-1.0,Australia
4532,Sneha,nan,-5.0,Hyderabad,,2023-06-15,-999.0,5.0,USA
4533,Neha,male,66.0,Hyderabad,,,58.14,-1.0,Australia
4534,Neha,nan,-5.0,Mumbai,2022-10-30,,-999.0,3.0,UK
4535,Ravi,female,66.0,Delhi,2024-09-16,,-999.0,-1.0,nan
,Neha,nan,200.0,Delhi,,2023-04-05,3162.3,-1.0,India
4537,Ravi,nan,43.0,Pune,2021-12-21,,-999.0,1.0,Canada
,Pooja,Male,200.0,Delhi,2020-09-11,2021-05-03,-999.0,-1.0,UK
4539,Kiran,nan,-5.0,nan,2024-03-29,,-999.0,-1.0,nan
,Ravi,M,54.0,Hyderabad,2024-12-01,,-999.0,3.0,Canada
,nan,M,43.0,nan,,,-999.0,10.0,USA
C4542,Ankit,male,-5.0,nan,2021-12-24,,-999.0,-1.0,nan
4543,Kiran,F,-5.0,Delhi,,,-999.0,10.0,USA
C4544,Ravi,Female,200.0,Ahmedabad,,,-999.0,3.0,India
,Priya,nan,43.0,Delhi,,,-999.0,-1.0,Canada
C4546,Pooja,female,43.0,nan,2022-04-24,,-999.0,1.0,UK
,nan,female,44.0,Kolkata,,2021-06-09,1376.82,10.0,nan
C4548,Kiran,male,43.0,Ahmedabad,2023-02-11,,-999.0,3.0,nan
4549,nan,F,59.0,Hyderabad,,,-999.0,10.0,UK
C4550,Ankit,male,-5.0,Pune,,,-999.0,3.0,USA
4551,Simran,Male,43.0,Kolkata,2023-06-22,,-999.0,10.0,nan
,Amit,nan,-5.0,Chennai,2025-06-06,,-999.0,-1.0,Australia
4553,Rahul,nan,43.0,Pune,2021-04-25,,-999.0,10.0,India
4554,Ankit,F,67.0,Pune,,,1163.28,3.0,USA
4555,Kiran,Female,-5.0,Ahmedabad,2020-12-02,,-999.0,3.0,USA
,Neha,Female,23.0,nan,2024-05-19,2020-12-11,-999.0,-1.0,India
C4557,Ankit,Female,45.0,Kolkata,,,-999.0,3.0,Australia
,Simran,nan,65.0,Chennai,,2024-03-15,-999.0,10.0,Australia
4559,nan,M,200.0,Ahmedabad,2022-02-06,,-999.0,10.0,nan
C4560,nan,M,62.0,Delhi,2025-02-01,2025-07-28,-999.0,-1.0,nan
4561,Pooja,Male,-5.0,Delhi,2025-08-28,2023-02-11,-999.0,3.0,Canada
4562,nan,male,-5.0,Delhi,2025-02-23,,-999.0,10.0,nan
4563,Priya,nan,-5.0,Delhi,2021-09-10,,-999.0,5.0,Australia
,Ankit,F,200.0,Ahmedabad,2024-09-07,,3176.61,3.0,Australia
4565,Pooja,female,-5.0,Ahmedabad,,,-999.0,3.0,Australia
C4566,nan,nan,28.0,Pune,,,-999.0,-1.0,Australia
C4567,Pooja,nan,61.0,Kolkata,2020-11-13,,-999.0,-1.0,USA
C4568,Pooja,female,-5.0,Delhi,,,-999.0,10.0,nan
4569,nan,nan,43.0,nan,,,4374.25,3.0,nan
4570,Rahul,nan,200.0,Pune,,2020-09-11,-999.0,10.0,Australia
4571,nan,M,-5.0,Ahmedabad,2023-04-05,2021-10-31,-999.0,3.0,Australia
4572,Priya,Female,33.0,Bangalore,,,-999.0,-1.0,Canada
,Rahul,F,43.0,Kolkata,,2025-07-15,-999.0,-1.0,India
4574,Simran,Male,200.0,Mumbai,2023-09-30,,-999.0,10.0,nan
4575,Rahul,M,39.0,Delhi,,2024-07-10,-999.0,3.0,India
,Kiran,Female,38.0,nan,2021-11-11,,-999.0,-1.0,USA
4577,Rahul,F,69.0,Pune,2023-01-26,,-999.0,10.0,UK
4578,nan,nan,43.0,Delhi,2024-04-24,,4735.15,3.0,India
,Simran,male,29.0,Mumbai,2022-09-29,,87.42,3.0,Australia
,Ravi,Male,43.0,Bangalore,,,-999.0,5.0,USA
4581,Pooja,F,43.0,Chennai,2024-02-18,,-999.0,-1.0,UK
4582,Pooja,F,43.0,Pune,,,462.5,5.0,nan
C4583,Pooja,nan,43.0,Pune,2022-03-19,2024-08-28,-999.0,4.0,India
,Pooja,nan,43.0,Hyderabad,2021-12-09,,-999.0,3.0,Australia
4585,Sneha,F,59.0,Delhi,2021-09-30,2021-06-01,-999.0,-1.0,nan
4586,Neha,male,-5.0,Mumbai,,,-999.0,3.0,nan
C4587,Pooja,M,67.0,Pune,2023-05-19,,-999.0,10.0,UK
,nan,female,200.0,Chennai,,,-999.0,3.0,Canada
4589,Kiran,M,200.0,Mumbai,,,-999.0,3.0,Australia
C4590,Simran,female,46.0,Ahmedabad,,,-999.0,10.0,Australia
C4591,Ravi,nan,28.0,Chennai,,2023-06-20,-999.0,10.0,India
4592,Priya,M,-5.0,nan,,,-999.0,3.0,UK
4593,Neha,Male,59.0,nan,2023-11-11,,-999.0,3.0,USA
4594,Neha,M,60.0,nan,2022-04-18,,-999.0,3.0,UK
4595,Priya,nan,63.0,Mumbai,,,4377.7,3.0,Canada
4596,Amit,Female,43.0,Pune,2021-01-28,,3830.83,-1.0,USA
C4597,Sneha,Male,200.0,Chennai,,,-999.0,5.0,India
4598,Priya,male,200.0,Pune,2024-04-15,,-999.0,-1.0,Canada
,nan,F,200.0,Hyderabad,,,-999.0,3.0,UK
4600,Priya,Male,200.0,Pune,2021-10-03,,-999.0,-1.0,Canada
C4601,Sneha,nan,43.0,Bangalore,2024-06-19,2021-08-05,-999.0,-1.0,UK
4602,Neha,M,43.0,Pune,2021-03-29,,-999.0,10.0,Canada
,Simran,F,-5.0,Kolkata,,2020-12-09,-999.0,10.0,Canada
4604,Ankit,F,200.0,Hyderabad,2026-01-08,,-999.0,-1.0,India
C4605,nan,Male,43.0,Kolkata,,2025-04-12,-999.0,3.0,USA
4606,Neha,Female,-5.0,Pune,,,-999.0,5.0,USA
C4607,Ankit,female,-5.0,Delhi,2024-08-26,,-999.0,-1.0,USA
4608,Ankit,Male,-5.0,Chennai,2023-04-01,2021-10-26,3021.0,-1.0,UK
4609,Kiran,F,200.0,Bangalore,2024-04-15,,-999.0,-1.0,nan
4610,Sneha,nan,52.0,Delhi,2023-11-13,,-999.0,10.0,nan
4611,Ravi,nan,59.0,Kolkata,2021-03-04,,4351.72,10.0,USA
C4612,nan,male,200.0,Chennai,2024-12-20,,592.92,3.0,USA
C4613,Ankit,M,38.0,Bangalore,2023-04-04,,-999.0,10.0,nan
4614,Simran,nan,-5.0,Bangalore,,,961.52,1.0,nan
4615,Sneha,Female,200.0,Chennai,2023-11-06,2023-06-26,-999.0,10.0,India
C4616,Sneha,female,200.0,nan,2025-03-22,2022-11-23,4351.37,3.0,Canada
4617,Sneha,F,23.0,Mumbai,,,-999.0,10.0,India
4618,Ankit,Female,-5.0,Bangalore,,,-999.0,-1.0,USA
4619,Sneha,nan,43.0,Chennai,,,-999.0,3.0,Australia
4620,Simran,male,45.0,Ahmedabad,2020-09-04,,3125.45,-1.0,Canada
4621,Simran,nan,43.0,Delhi,2021-01-05,,-999.0,3.0,India
C4622,Ankit,nan,43.0,Kolkata,2023-09-03,,-999.0,10.0,UK
4623,Rahul,female,43.0,Bangalore,,,-999.0,3.0,UK
4624,Kiran,nan,35.0,Mumbai,2020-12-15,,-999.0,3.0,Canada
C4625,nan,male,43.0,Hyderabad,,,3045.64,-1.0,India
,Kiran,Female,35.0,Pune,2022-11-22,2021-02-02,-999.0,4.0,India
C4627,Rahul,female,-5.0,Chennai,2023-05-14,2022-10-23,4039.16,4.0,Australia
4628,Priya,Male,200.0,nan,,2021-06-22,-999.0,-1.0,Australia
,Simran,M,29.0,Bangalore,,2021-03-22,-999.0,10.0,nan
,Simran,nan,29.0,Pune,,,-999.0,4.0,India
C4631,Sneha,M,43.0,Pune,,,-999.0,-1.0,nan
,nan,male,200.0,Kolkata,2022-02-07,,-999.0,1.0,India
4633,Simran,Male,24.0,Pune,,,-999.0,3.0,USA
4634,Ravi,Female,43.0,Mumbai,,2022-01-18,4854.25,10.0,nan
4635,Kiran,nan,-5.0,Delhi,2021-11-07,2022-07-02,-999.0,-1.0,nan
C4636,Neha,M,43.0,Chennai,2021-11-02,2020-08-22,-999.0,3.0,nan
,Ankit,Male,-5.0,Bangalore,,,4014.36,-1.0,Australia
4638,Ravi,F,18.0,Delhi,,2024-09-25,-999.0,4.0,India
4639,Neha,nan,200.0,Delhi,2024-03-01,,-999.0,-1.0,Australia
4640,Rahul,M,43.0,Chennai,2023-06-23,2025-10-22,-999.0,3.0,India
C4641,Amit,M,58.0,nan,2021-05-28,,3743.55,-1.0,nan
,Sneha,nan,43.0,Delhi,,,-999.0,4.0,India
C4643,Kiran,male,200.0,Hyderabad,2020-12-06,2023-02-26,-999.0,10.0,India
4644,nan,M,-5.0,nan,,,979.16,10.0,India
4645,Priya,nan,-5.0,Delhi,2024-04-22,,3548.7,2.0,India
4646,Sneha,Male,-5.0,Pune,2025-02-28,2023-05-24,-999.0,3.0,nan
4647,Rahul,female,43.0,Hyderabad,,,3794.53,-1.0,USA
C4648,Simran,nan,200.0,Delhi,,,-999.0,10.0,USA
,Priya,F,-5.0,Pune,,2022-08-03,-999.0,-1.0,Australia
,Pooja,nan,-5.0,Hyderabad,2022-01-26,,3819.4,3.0,USA
,Kiran,nan,43.0,Mumbai,,,-999.0,3.0,UK
C4652,Neha,male,35.0,nan,2025-03-09,,-999.0,5.0,Australia
4653,nan,Male,-5.0,Bangalore,,,-999.0,2.0,Australia
4654,Priya,female,43.0,Kolkata,,,-999.0,3.0,USA
4655,Priya,Female,42.0,Chennai,2020-10-01,2024-07-22,-999.0,10.0,UK
C4656,nan,female,200.0,Kolkata,,,4756.57,10.0,nan
,Pooja,female,-5.0,nan,2021-09-21,,-999.0,3.0,India
,Sneha,Male,43.0,Delhi,,2023-01-10,-999.0,10.0,UK
,nan,F,200.0,Kolkata,,,-999.0,-1.0,UK
4660,Ankit,nan,43.0,Bangalore,2025-07-22,2024-03-11,3082.47,1.0,USA
4661,Sneha,Male,-5.0,Ahmedabad,2024-01-05,2023-09-06,-999.0,5.0,India
4662,Ravi,female,-5.0,Chennai,,2025-04-12,-999.0,-1.0,Canada
C4663,nan,male,-5.0,Kolkata,,,-999.0,3.0,Canada
C4664,Sneha,Male,200.0,nan,,,-999.0,-1.0,India
4665,nan,nan,43.0,Ahmedabad,2022-08-18,2025-08-18,-999.0,10.0,USA
,Rahul,male,-5.0,Chennai,,,-999.0,3.0,nan
C4667,nan,female,43.0,Pune,,,-999.0,4.0,UK
4668,Rahul,nan,29.0,nan,2021-11-20,,-999.0,3.0,Canada
4669,Priya,male,42.0,Delhi,2025-02-24,,-999.0,-1.0,Canada
4670,Ravi,Male,43.0,Kolkata,2020-08-21,,3468.36,10.0,Australia
,Kiran,M,43.0,Delhi,2022-04-06,,-999.0,-1.0,Canada
4672,Ravi,male,43.0,Mumbai,,,-999.0,3.0,USA
4673,nan,female,200.0,Chennai,2025-10-16,,2530.58,10.0,UK
C4674,nan,F,200.0,Hyderabad,2020-09-14,2021-10-10,-999.0,3.0,UK
4675,Neha,F,54.0,Hyderabad,,,-999.0,3.0,USA
4676,Kiran,nan,19.0,nan,2025-03-15,2020-12-14,-999.0,5.0,UK
4677,Kiran,F,43.0,Delhi,,,2737.68,2.0,UK
,Pooja,Female,44.0,Chennai,,2025-10-10,-999.0,10.0,UK
,Ankit,female,-5.0,Bangalore,2020-10-16,2022-09-29,-999.0,-1.0,UK
4680,Pooja,nan,43.0,Ahmedabad,,,-999.0,-1.0,Canada
4681,nan,Male,43.0,Bangalore,,,-999.0,3.0,India
C4682,Pooja,Male,31.0,Kolkata,,,2653.94,10.0,Australia
4683,Priya,Female,43.0,Kolkata,2022-02-10,2024-01-10,-999.0,-1.0,UK
4684,Kiran,female,67.0,Hyderabad,,,-999.0,-1.0,Australia
4685,Sneha,Female,-5.0,Ahmedabad,,,-999.0,10.0,USA
C4686,nan,F,20.0,Pune,,,-999.0,3.0,UK
4687,Pooja,female,45.0,Hyderabad,2021-04-19,,-999.0,10.0,India
4688,Amit,male,-5.0,Delhi,2023-09-28,,4353.73,10.0,India
4689,Kiran,nan,-5.0,Hyderabad,,,1363.72,3.0,UK
,Priya,nan,-5.0,Pune,,,-999.0,4.0,nan
4691,Ravi,nan,43.0,Delhi,,,58.78,-1.0,USA
4692,nan,female,43.0,nan,2022-08-14,,-999.0,10.0,nan
,Priya,F,43.0,Pune,2022-11-28,,1952.1,3.0,Canada
,Pooja,male,43.0,Delhi,2022-05-23,,-999.0,1.0,Canada
4695,Simran,M,200.0,Mumbai,2020-10-12,2022-07-22,1537.27,3.0,UK
,Ankit,Male,200.0,Ahmedabad,,,-999.0,1.0,Canada
4697,Ankit,nan,43.0,Mumbai,2025-09-02,,-999.0,3.0,India
4698,Ravi,male,-5.0,Hyderabad,,2025-04-21,-999.0,10.0,UK
4699,Simran,nan,200.0,Pune,2023-04-20,2020-10-21,-999.0,5.0,UK
4700,Sneha,Female,66.0,Ahmedabad,,,-999.0,3.0,nan
4701,Rahul,Female,200.0,Hyderabad,,2023-12-28,958.62,10.0,India
,Priya,nan,43.0,Bangalore,2022-10-15,,-999.0,3.0,India
,Pooja,M,36.0,Chennai,,,-999.0,4.0,Australia
C4704,Amit,male,43.0,Ahmedabad,,,-999.0,-1.0,nan
,Neha,female,-5.0,Mumbai,2025-01-22,,-999.0,3.0,USA
4706,Kiran,Male,-5.0,Bangalore,,,-999.0,-1.0,Australia
4707,Simran,Female,18.0,Delhi,2021-08-17,,1057.47,10.0,India
,Kiran,nan,43.0,Pune,2023-01-09,,4596.15,-1.0,UK
4709,nan,male,43.0,Mumbai,2020-12-07,2025-02-05,450.53,2.0,nan
C4710,Amit,male,200.0,Hyderabad,2025-11-21,,-999.0,10.0,Australia
C4711,nan,nan,43.0,Pune,,2023-04-22,-999.0,-1.0,Australia
,Rahul,female,200.0,Kolkata,,,-999.0,-1.0,nan
4713,Ravi,F,43.0,Pune,2023-06-21,,263.7,2.0,India
,Neha,F,30.0,Ahmedabad,2025-05-04,2021-07-26,-999.0,3.0,nan
4715,nan,M,43.0,Hyderabad,,,2822.65,3.0,UK
C4716,Amit,Female,40.0,Mumbai,2023-10-19,,-999.0,10.0,UK
C4717,Pooja,M,-5.0,Kolkata,2022-04-24,,1706.41,3.0,UK
C4718,Simran,Female,-5.0,Hyderabad,2025-06-22,2025-07-17,1194.9,-1.0,Australia
C4719,Kiran,M,200.0,Pune,,2022-06-19,4884.38,3.0,India
4720,Priya,M,-5.0,Pune,2026-01-26,2021-09-11,1048.81,1.0,India
4721,nan,M,200.0,Delhi,,2025-03-13,1671.31,-1.0,UK
C4722,Ravi,Female,-5.0,Bangalore,2023-03-21,,2756.94,3.0,India
,nan,Male,43.0,Chennai,,,-999.0,3.0,USA
C4724,Rahul,female,68.0,Mumbai,2022-11-28,2020-12-02,1078.08,10.0,UK
,Priya,nan,43.0,Pune,2023-07-21,2024-08-11,-999.0,10.0,Canada
,Amit,nan,43.0,Mumbai,2020-12-23,2022-09-16,421.97,3.0,Australia
C4727,Rahul,Male,200.0,nan,2023-03-31,,-999.0,-1.0,nan
4728,Rahul,female,-5.0,Chennai,,,3968.87,-1.0,UK
4729,Kiran,female,200.0,Chennai,2025-03-30,,162.75,10.0,USA
,Ankit,Male,43.0,Pune,,2021-11-29,417.36,10.0,India
,Rahul,male,-5.0,Ahmedabad,,2023-12-25,1985.88,-1.0,Australia
4732,Simran,F,43.0,nan,,2023-08-14,-999.0,2.0,Australia
C4733,Kiran,M,26.0,Delhi,2022-11-06,,-999.0,10.0,India
,Ankit,nan,-5.0,Chennai,,,520.74,-1.0,UK
4735,Ravi,Male,69.0,Bangalore,,,-999.0,10.0,nan
4736,Sneha,Male,200.0,nan,2024-08-25,,-999.0,3.0,Canada
C4737,Ankit,F,27.0,Mumbai,2022-03-01,,-999.0,-1.0,UK
4738,nan,nan,43.0,Mumbai,2023-08-14,,-999.0,3.0,Canada
4739,nan,M,43.0,Delhi,2025-06-09,2024-08-12,-999.0,-1.0,India
4740,nan,nan,43.0,Hyderabad,,2020-09-27,-999.0,3.0,Canada
4741,Neha,male,43.0,Kolkata,,2025-11-26,-999.0,10.0,UK
C4742,Kiran,Male,-5.0,nan,,,-999.0,3.0,USA
4743,nan,M,-5.0,Delhi,,2025-05-25,-999.0,5.0,nan
4744,Ravi,F,43.0,Kolkata,2024-11-26,2022-12-08,-999.0,-1.0,Australia
4745,nan,nan,200.0,Mumbai,2024-11-05,2020-08-31,1063.74,10.0,India
4746,Ankit,Female,20.0,Bangalore,2020-09-27,,-999.0,3.0,Australia
,Priya,F,200.0,Mumbai,2021-10-18,,658.3,3.0,nan
4748,Kiran,nan,200.0,Ahmedabad,,2025-08-02,-999.0,1.0,UK
4749,Priya,Male,24.0,Chennai,,,1827.79,3.0,nan
4750,Sneha,nan,43.0,nan,2025-12-28,,2278.26,-1.0,USA
,Simran,male,200.0,Mumbai,2025-10-07,,-999.0,3.0,UK
C4752,Neha,Male,200.0,Hyderabad,,,-999.0,1.0,UK
4753,Ravi,Female,27.0,Delhi,2022-12-24,,-999.0,10.0,Canada
4754,Ravi,nan,-5.0,Pune,2025-11-04,,-999.0,-1.0,India
,Sneha,male,-5.0,Ahmedabad,,,852.7,10.0,India
,Neha,Female,43.0,Kolkata,,,-999.0,1.0,India
4757,Priya,nan,-5.0,Chennai,2023-07-06,,277.58,1.0,Australia
4758,Sneha,F,43.0,Ahmedabad,2020-08-16,,1637.84,1.0,Australia
,Simran,M,-5.0,Hyderabad,2023-02-24,,-999.0,3.0,Canada
C4760,Priya,Female,43.0,Bangalore,,,-999.0,-1.0,Australia
4761,nan,male,39.0,Pune,,2023-12-05,-999.0,10.0,India
4762,Priya,Female,200.0,Delhi,2024-01-12,2024-10-03,2135.42,3.0,nan
4763,Rahul,nan,-5.0,Kolkata,,,-999.0,10.0,Canada
4764,Kiran,nan,44.0,Chennai,,,2959.76,3.0,Canada
4765,Ankit,nan,43.0,Pune,,,-999.0,10.0,nan
C4766,nan,Female,-5.0,Ahmedabad,,,-999.0,2.0,Australia
4767,Ankit,Male,43.0,nan,,,-999.0,3.0,UK
4768,Kiran,nan,200.0,Hyderabad,2024-12-28,,-999.0,10.0,India
4769,Priya,F,200.0,Bangalore,2025-01-09,,-999.0,-1.0,Canada
,nan,male,-5.0,Mumbai,2023-02-27,2021-02-19,219.12,10.0,USA
4771,Priya,F,-5.0,Mumbai,2024-01-11,,1505.46,10.0,UK
4772,Simran,Male,43.0,Mumbai,,,-999.0,3.0,USA
C4773,Sneha,Female,43.0,Hyderabad,,,-999.0,4.0,UK
C4774,Neha,M,27.0,Kolkata,,,-999.0,3.0,nan
,nan,male,200.0,Mumbai,2023-04-08,2022-06-27,43.56,3.0,UK
4776,nan,F,19.0,nan,,2023-06-08,-999.0,3.0,Australia
4777,Sneha,female,200.0,Pune,2025-11-03,,-999.0,2.0,Australia
4778,Ravi,male,59.0,Mumbai,2025-06-06,,2192.28,1.0,Australia
C4779,Simran,Male,200.0,Ahmedabad,2022-05-20,,663.92,3.0,USA
4780,Pooja,Female,-5.0,Bangalore,2022-02-01,2025-09-06,924.52,3.0,Australia
4781,Sneha,F,200.0,Ahmedabad,2023-04-02,,-999.0,10.0,Canada
4782,Priya,F,56.0,Bangalore,2025-03-20,,-999.0,10.0,UK
4783,Kiran,Male,-5.0,nan,2025-06-29,,-999.0,3.0,UK
4784,Amit,male,64.0,Kolkata,2023-04-21,,-999.0,-1.0,Canada
,Kiran,male,-5.0,Mumbai,2023-09-09,,-999.0,10.0,India
4786,Rahul,F,-5.0,Mumbai,2020-10-05,,-999.0,10.0,Australia
,Ankit,M,200.0,Mumbai,2025-08-12,,-999.0,10.0,Canada
4788,Amit,male,-5.0,Hyderabad,2024-09-24,,535.94,10.0,nan
4789,Rahul,male,-5.0,Pune,,,-999.0,10.0,India
4790,Ravi,F,43.0,Chennai,,2025-03-19,-999.0,10.0,USA
4791,Kiran,nan,-5.0,Ahmedabad,,2024-08-15,-999.0,-1.0,nan
4792,Amit,nan,69.0,Bangalore,2024-06-30,,-999.0,1.0,UK
C4793,Rahul,nan,-5.0,nan,2022-01-11,,1269.0,1.0,Canada
,Neha,F,21.0,Pune,2022-06-09,,3186.14,10.0,UK
4795,Amit,nan,-5.0,Ahmedabad,,,-999.0,-1.0,Australia
4796,Sneha,nan,22.0,Chennai,2023-06-30,2024-09-17,-999.0,10.0,nan
,Amit,F,54.0,Delhi,,,-999.0,3.0,UK
4798,Simran,female,36.0,Mumbai,,,-999.0,3.0,nan
,Amit,Male,200.0,Bangalore,2022-03-06,,1652.77,1.0,USA
4800,Priya,Male,43.0,Delhi,2022-12-23,,-999.0,-1.0,UK
C4801,Simran,F,200.0,Kolkata,2023-07-15,,-999.0,-1.0,nan
,Ravi,Female,68.0,Hyderabad,2023-11-11,2023-05-21,-999.0,-1.0,India
4803,Pooja,female,200.0,Ahmedabad,2023-12-27,,-999.0,-1.0,USA
C4804,Ankit,M,-5.0,nan,2020-11-22,,-999.0,4.0,nan
,nan,nan,41.0,Ahmedabad,,,-999.0,-1.0,USA
4806,nan,Male,-5.0,Bangalore,2021-12-07,,-999.0,10.0,Canada
4807,nan,Female,200.0,Ahmedabad,2023-08-15,,-999.0,3.0,UK
C4808,Simran,M,43.0,nan,2021-02-08,2022-02-27,-999.0,-1.0,nan
4809,nan,female,200.0,Bangalore,2022-07-09,,1922.14,10.0,UK
4810,Amit,Male,-5.0,Chennai,,,-999.0,-1.0,Australia
4811,Amit,F,43.0,Chennai,,2020-08-19,-999.0,-1.0,India
4812,Ravi,Female,39.0,Mumbai,2025-07-30,2024-12-31,2848.72,3.0,nan
4813,Pooja,Male,64.0,Hyderabad,2022-12-09,2025-10-11,-999.0,10.0,USA
C4814,Priya,female,200.0,Ahmedabad,2021-01-31,,-999.0,10.0,UK
,Amit,Male,200.0,Kolkata,,,-999.0,-1.0,Australia
4816,Kiran,Male,43.0,Chennai,2023-06-30,,-999.0,3.0,UK
,nan,female,20.0,Delhi,,,-999.0,10.0,Canada
4818,nan,M,24.0,Pune,2024-10-12,,-999.0,-1.0,UK
C4819,Kiran,Male,43.0,Pune,,,-999.0,-1.0,Australia
4820,Neha,M,43.0,Delhi,,,-999.0,10.0,USA
,Simran,M,49.0,Hyderabad,,,-999.0,4.0,Canada
4822,nan,Female,200.0,Delhi,,,-999.0,-1.0,Canada
4823,Neha,nan,200.0,Bangalore,2022-10-11,,-999.0,-1.0,Australia
4824,Neha,M,200.0,Ahmedabad,,2022-07-03,-999.0,10.0,UK
4825,Amit,nan,200.0,Hyderabad,,,-999.0,-1.0,UK
4826,Sneha,Male,-5.0,Kolkata,2025-10-04,2020-10-05,-999.0,10.0,Australia
4827,Sneha,F,200.0,Pune,,2024-10-22,-999.0,2.0,Australia
C4828,Pooja,M,43.0,Delhi,2021-07-07,2022-08-06,-999.0,-1.0,Canada
C4829,Simran,Male,20.0,Pune,2022-02-11,,-999.0,3.0,UK
,Pooja,F,-5.0,Delhi,2023-03-18,,-999.0,3.0,USA
4831,Simran,male,44.0,Chennai,,2026-01-24,-999.0,3.0,nan
4832,Amit,M,62.0,Hyderabad,2024-02-20,,-999.0,1.0,nan
4833,Ravi,F,200.0,Delhi,,2025-04-11,-999.0,4.0,Australia
,Neha,nan,200.0,nan,,,-999.0,3.0,Australia
,Simran,female,43.0,Bangalore,2021-04-13,,-999.0,3.0,Canada
,Sneha,Male,200.0,nan,2021-06-02,2023-10-14,2829.82,5.0,nan
,Priya,nan,200.0,Ahmedabad,,,-999.0,5.0,nan
4838,Kiran,male,200.0,Ahmedabad,2025-04-13,2024-01-19,-999.0,1.0,nan
4839,Rahul,nan,69.0,Chennai,,,-999.0,-1.0,Australia
4840,Simran,F,200.0,Ahmedabad,,2025-11-13,-999.0,10.0,nan
4841,Ankit,nan,41.0,Bangalore,,,3255.24,3.0,Australia
C4842,Kiran,Female,43.0,Chennai,2021-04-10,,-999.0,10.0,USA
4843,Pooja,male,26.0,Pune,2022-11-23,,-999.0,3.0,Australia
C4844,nan,Female,200.0,Bangalore,2025-03-18,,-999.0,-1.0,Canada
4845,nan,Male,-5.0,Ahmedabad,,2025-08-14,-999.0,2.0,UK
,Kiran,F,-5.0,nan,2023-06-23,2022-03-03,3901.62,1.0,UK
C4847,Pooja,Male,-5.0,Mumbai,2024-05-27,,-999.0,4.0,USA
C4848,Pooja,nan,-5.0,Chennai,,,-999.0,10.0,Australia
4849,Priya,Female,200.0,nan,2021-11-16,,-999.0,5.0,nan
,Ankit,male,200.0,Delhi,,2023-02-28,-999.0,3.0,USA
4851,nan,nan,44.0,Hyderabad,2025-01-18,,4937.03,1.0,Canada
4852,Rahul,female,-5.0,Ahmedabad,2023-06-14,,-999.0,-1.0,India
C4853,Ankit,female,55.0,Pune,,,-999.0,-1.0,USA
4854,Priya,male,200.0,Mumbai,2023-07-11,,-999.0,-1.0,UK
4855,nan,female,43.0,nan,,,-999.0,-1.0,UK
4856,Simran,Male,37.0,nan,2022-07-02,,-999.0,3.0,India
4857,Ravi,Male,25.0,Delhi,2020-11-03,,155.7,2.0,India
C4858,Priya,Male,25.0,Pune,2025-09-18,,-999.0,3.0,India
C4859,Amit,nan,-5.0,Hyderabad,2021-09-21,,2597.6,10.0,Australia
C4860,Neha,Male,43.0,Delhi,2022-07-20,,1170.16,3.0,India
4861,Rahul,nan,65.0,Mumbai,,,1690.4,3.0,nan
,Sneha,Male,70.0,Delhi,2023-11-14,,-999.0,-1.0,USA
C4863,Pooja,female,200.0,Chennai,,,1595.98,1.0,Australia
4864,Neha,male,43.0,Pune,2025-03-06,2021-05-13,4910.93,10.0,Canada
C4865,Ravi,male,-5.0,Chennai,2021-01-08,2024-09-12,-999.0,3.0,Australia
4866,Simran,nan,200.0,Mumbai,2025-11-26,2022-11-25,-999.0,-1.0,Canada
,Ankit,female,53.0,Pune,,,-999.0,-1.0,Canada
4868,Ankit,female,-5.0,Hyderabad,,,-999.0,-1.0,nan
C4869,Ravi,M,43.0,Delhi,,,2878.7,1.0,India
C4870,Kiran,nan,59.0,Hyderabad,2025-06-16,,263.95,10.0,nan
,Rahul,Female,-5.0,Kolkata,2021-05-07,,-999.0,4.0,India
,Neha,female,35.0,Delhi,2022-07-19,,-999.0,-1.0,nan
C4873,Pooja,male,64.0,Ahmedabad,2022-02-21,2022-12-07,-999.0,-1.0,UK
C4874,Sneha,Female,43.0,Ahmedabad,,2026-01-04,2537.83,-1.0,nan
4875,Priya,Female,200.0,Hyderabad,2021-10-23,,-999.0,10.0,Australia
4876,nan,nan,200.0,Hyderabad,2021-03-17,,1568.29,10.0,India
,Pooja,female,-5.0,Pune,2025-05-07,2024-01-13,-999.0,3.0,Australia
4878,nan,M,58.0,Bangalore,2024-07-13,2023-03-14,-999.0,3.0,UK
4879,Priya,M,43.0,Mumbai,2023-11-06,,1271.14,3.0,USA
,Kiran,Female,-5.0,Hyderabad,2025-05-05,,-999.0,3.0,USA
,Neha,Female,200.0,nan,2021-09-25,2021-05-14,-999.0,10.0,India
C4882,Pooja,male,-5.0,Ahmedabad,,,-999.0,5.0,nan
,Ravi,Male,34.0,Chennai,,,2440.6,10.0,nan
4884,Rahul,Female,57.0,nan,,2022-03-11,-999.0,-1.0,Canada
4885,Ankit,F,200.0,Hyderabad,,2020-08-31,-999.0,3.0,nan
,Sneha,nan,-5.0,Pune,,,4359.69,3.0,Canada
4887,nan,Female,55.0,Ahmedabad,2023-08-19,,3081.62,3.0,USA
4888,Amit,Female,-5.0,Pune,,,-999.0,3.0,nan
C4889,Priya,F,-5.0,Mumbai,2024-08-01,,997.76,2.0,nan
4890,Ravi,F,43.0,Ahmedabad,2023-04-16,,-999.0,-1.0,UK
C4891,Amit,male,-5.0,Bangalore,2022-04-22,2025-03-10,-999.0,10.0,nan
C4892,Sneha,nan,-5.0,Mumbai,,,-999.0,4.0,Australia
,nan,Male,23.0,Mumbai,2025-10-20,2021-09-07,-999.0,3.0,Canada
4894,Neha,Male,55.0,Bangalore,2024-09-03,,-999.0,2.0,USA
,Ravi,F,45.0,Hyderabad,2022-03-28,2025-05-13,-999.0,10.0,USA
4896,Rahul,male,-5.0,Chennai,2021-12-23,,-999.0,10.0,Canada
C4897,Rahul,F,-5.0,nan,,,-999.0,10.0,India
,Neha,M,-5.0,Kolkata,2023-07-30,2024-08-22,-999.0,10.0,UK
,nan,nan,43.0,Delhi,,,-999.0,2.0,Australia
4900,nan,M,200.0,Pune,,,-999.0,3.0,India
C4901,Simran,nan,43.0,Hyderabad,,,3608.0,10.0,UK
,Priya,Male,200.0,Pune,,2022-12-19,-999.0,3.0,USA
,Pooja,M,-5.0,Ahmedabad,2025-02-10,2024-06-24,-999.0,3.0,nan
4904,Ankit,Female,200.0,Hyderabad,2023-04-09,2025-08-10,-999.0,-1.0,nan
4905,Rahul,M,43.0,Chennai,2021-10-15,,222.82,-1.0,nan
C4906,Ankit,female,-5.0,Hyderabad,,,-999.0,3.0,Canada
4907,nan,Male,-5.0,Delhi,2021-03-18,2023-12-09,-999.0,10.0,USA
C4908,nan,Male,43.0,Bangalore,2023-03-25,,-999.0,2.0,UK
C4909,Sneha,Female,43.0,Bangalore,,,-999.0,10.0,Canada
C4910,Pooja,F,-5.0,Bangalore,2024-10-04,2023-10-06,-999.0,2.0,India
4911,Ankit,female,200.0,Bangalore,,2023-12-26,352.68,4.0,UK
,Sneha,nan,-5.0,Hyderabad,2021-06-22,,4992.23,3.0,nan
4913,nan,female,43.0,Kolkata,2024-05-23,,3324.66,5.0,USA
4914,Kiran,female,-5.0,Ahmedabad,2023-05-12,,-999.0,2.0,USA
4915,nan,F,-5.0,Chennai,2023-04-23,,-999.0,3.0,UK
4916,Neha,female,200.0,Mumbai,2021-10-29,,-999.0,10.0,India
4917,Rahul,nan,-5.0,Hyderabad,,,509.67,2.0,Canada
4918,nan,male,34.0,Mumbai,,,-999.0,3.0,USA
4919,Rahul,male,200.0,Pune,2023-04-16,,-999.0,-1.0,USA
C4920,Sneha,F,-5.0,Ahmedabad,,2023-09-06,-999.0,5.0,USA
4921,Simran,F,64.0,Pune,2023-08-21,,-999.0,10.0,Canada
C4922,Sneha,female,-5.0,Delhi,,,-999.0,-1.0,UK
4923,Kiran,F,41.0,Mumbai,,,-999.0,-1.0,UK
,Neha,Male,43.0,Kolkata,,2022-10-29,-999.0,10.0,Australia
C4925,nan,Female,43.0,nan,,,-999.0,-1.0,nan
C4926,nan,nan,43.0,Mumbai,2020-10-08,,-999.0,3.0,India
,nan,nan,43.0,Chennai,2021-03-03,,-999.0,1.0,nan
4928,Ankit,female,200.0,nan,,2025-08-21,-999.0,4.0,UK
4929,Priya,Male,38.0,Chennai,2021-02-13,,-999.0,3.0,USA
C4930,nan,F,-5.0,Mumbai,,,-999.0,1.0,India
4931,Ankit,F,200.0,nan,2022-09-13,,4214.72,3.0,Canada
4932,nan,male,57.0,Delhi,,,-999.0,10.0,USA
C4933,Priya,Female,43.0,Bangalore,,2025-11-22,-999.0,10.0,Australia
,nan,F,-5.0,Chennai,,2020-11-18,1147.25,10.0,India
,Simran,nan,45.0,Pune,2025-07-04,2025-06-19,-999.0,3.0,India
4936,Ankit,female,63.0,Chennai,,2024-10-20,-999.0,10.0,India
C4937,Ravi,Male,42.0,nan,,,-999.0,2.0,UK
C4938,Kiran,Male,200.0,Kolkata,,2020-12-09,-999.0,10.0,UK
C4939,Priya,nan,59.0,Bangalore,,,-999.0,3.0,Canada
,Kiran,nan,56.0,Chennai,2023-01-26,,-999.0,2.0,Australia
4941,Kiran,M,-5.0,Kolkata,2021-05-17,2023-08-13,-999.0,-1.0,Australia
4942,Priya,female,43.0,Kolkata,2021-01-27,,-999.0,3.0,nan
,nan,Female,65.0,nan,,,-999.0,-1.0,Canada
C4944,Ravi,Male,200.0,Bangalore,2023-09-18,,-999.0,-1.0,Canada
4945,Neha,female,32.0,Kolkata,2025-02-09,2023-09-24,-999.0,-1.0,India
,Simran,F,18.0,Mumbai,2021-09-30,,-999.0,10.0,USA
4947,nan,nan,58.0,Pune,,,-999.0,3.0,USA
C4948,Kiran,M,200.0,Chennai,,,-999.0,10.0,UK
4949,Sneha,nan,-5.0,Pune,2025-08-23,2021-02-01,-999.0,2.0,Australia
,Rahul,female,-5.0,nan,2023-11-29,,-999.0,3.0,Canada
,Kiran,female,200.0,Bangalore,2022-08-02,2025-03-13,668.64,10.0,Australia
4952,Sneha,Male,-5.0,Bangalore,2025-11-18,2021-11-07,3650.24,-1.0,USA
C4953,Sneha,Female,-5.0,Ahmedabad,2025-09-10,2023-12-27,3872.04,3.0,Canada
4954,Ankit,female,43.0,Bangalore,,,-999.0,10.0,nan
,Amit,nan,200.0,Pune,,,-999.0,1.0,USA
,nan,M,200.0,Hyderabad,2025-10-18,2022-07-05,2578.73,-1.0,Canada
4957,Neha,female,200.0,Ahmedabad,,2023-06-21,-999.0,-1.0,UK
4958,Ravi,nan,-5.0,Ahmedabad,2022-10-02,2021-09-01,-999.0,3.0,India
4959,nan,male,50.0,Bangalore,2023-04-06,,-999.0,3.0,Canada
C4960,Pooja,Male,33.0,Chennai,2022-07-23,,-999.0,10.0,UK
C4961,Priya,male,43.0,Pune,2024-11-24,,-999.0,-1.0,UK
4962,Kiran,Female,-5.0,Bangalore,,,-999.0,10.0,nan
C4963,Ankit,male,43.0,Hyderabad,2024-04-18,,-999.0,5.0,Canada
4964,Sneha,F,200.0,Ahmedabad,2023-01-05,2025-01-06,1346.63,-1.0,Australia
C4965,Priya,nan,31.0,Ahmedabad,2023-02-23,,4921.09,5.0,Canada
,Kiran,Female,24.0,Kolkata,2022-10-18,2022-01-03,-999.0,4.0,nan
4967,Neha,M,69.0,Ahmedabad,2024-06-18,,-999.0,10.0,Australia
4968,Rahul,Female,53.0,Delhi,,2022-08-08,-999.0,3.0,USA
,Kiran,female,200.0,Ahmedabad,2023-03-27,2022-11-28,-999.0,10.0,India
,Neha,Male,200.0,Ahmedabad,,2023-07-15,-999.0,10.0,Canada
4971,Simran,Female,-5.0,nan,,,2810.08,5.0,USA
,Amit,male,-5.0,Delhi,2025-12-12,,1527.84,3.0,Canada
4973,Priya,male,200.0,Chennai,,2025-01-10,-999.0,10.0,UK
4974,Kiran,Male,43.0,Chennai,,,-999.0,3.0,UK
C4975,Kiran,F,30.0,Pune,2021-02-14,2022-02-04,-999.0,3.0,Australia
C4976,nan,M,200.0,Chennai,2021-06-29,2022-12-09,-999.0,4.0,India
4977,Amit,male,43.0,Ahmedabad,,2025-09-14,-999.0,3.0,USA
4978,nan,nan,48.0,Bangalore,2023-03-05,2023-12-28,-999.0,10.0,India
,Kiran,nan,46.0,Bangalore,2020-09-28,,-999.0,3.0,UK
C4980,Ankit,male,43.0,Ahmedabad,,,-999.0,10.0,USA
4981,Sneha,F,43.0,nan,2021-04-15,2024-04-08,2309.64,10.0,USA
,Neha,M,200.0,Mumbai,,,-999.0,5.0,UK
4983,Sneha,Male,43.0,Chennai,2023-10-29,,-999.0,-1.0,Australia
C4984,Simran,nan,-5.0,Kolkata,,2023-10-08,949.45,3.0,nan
4985,Sneha,nan,-5.0,Delhi,,,-999.0,10.0,UK
4986,Neha,nan,200.0,Delhi,,2023-02-22,-999.0,3.0,Canada
4987,Simran,female,43.0,Delhi,2025-01-14,2023-04-02,-999.0,-1.0,India
C4988,Sneha,nan,200.0,Hyderabad,,,2389.92,3.0,nan
,Simran,F,34.0,Chennai,2025-01-12,,1890.94,-1.0,nan
C4990,Pooja,M,200.0,Hyderabad,,,4533.29,2.0,UK
4991,Ankit,Female,43.0,Ahmedabad,2021-07-28,2020-10-16,-999.0,-1.0,nan
4992,Priya,nan,200.0,Chennai,,2025-06-02,-999.0,2.0,nan
C4993,Simran,F,24.0,Ahmedabad,,2024-11-27,-999.0,4.0,India
C4994,Rahul,female,200.0,Kolkata,,2021-06-21,-999.0,-1.0,Australia
,Priya,nan,200.0,Delhi,2023-04-03,,-999.0,3.0,UK
,Sneha,Male,43.0,Kolkata,,,2331.22,3.0,USA
C4997,Ravi,M,34.0,Ahmedabad,2025-01-13,2022-03-23,-999.0,2.0,India
4998,Amit,Male,53.0,Hyderabad,,,-999.0,2.0,USA
4999,Pooja,M,200.0,nan,2025-11-19,,-999.0,-1.0,nan
5000,Neha,Male,-5.0,Kolkata,,2022-01-12,-999.0,10.0,India
5001,Neha,female,43.0,Bangalore,2025-07-11,2024-06-24,4065.36,3.0,UK
5002,Amit,Female,-5.0,Ahmedabad,2024-01-14,,-999.0,4.0,India
,Ankit,Male,43.0,Mumbai,,,-999.0,4.0,Canada
5004,Rahul,male,-5.0,Pune,2024-12-19,2021-02-04,-999.0,1.0,USA
5005,Sneha,female,-5.0,Pune,2022-09-16,2023-07-12,3297.56,3.0,Australia
5006,Ankit,nan,200.0,Hyderabad,,2022-09-14,-999.0,2.0,India
C5007,nan,female,-5.0,Mumbai,2025-03-25,,-999.0,3.0,USA
5008,Ravi,nan,61.0,Ahmedabad,2022-01-29,2024-07-04,-999.0,-1.0,Canada
,nan,nan,200.0,Mumbai,2024-02-18,2026-01-03,-999.0,-1.0,nan
5010,Simran,female,200.0,Hyderabad,,,-999.0,3.0,nan
5011,Simran,female,200.0,Ahmedabad,,,-999.0,3.0,Australia
5012,Sneha,Male,43.0,Hyderabad,,,-999.0,5.0,Canada
C5013,nan,male,43.0,Delhi,,2023-04-08,4323.97,3.0,UK
5014,Sneha,nan,39.0,Pune,,2021-06-25,4077.62,3.0,Australia
5015,nan,female,-5.0,Bangalore,2022-02-23,2025-03-22,-999.0,3.0,nan
,Simran,nan,60.0,Mumbai,,2023-04-22,518.82,-1.0,Australia
5017,Ravi,F,43.0,Ahmedabad,2022-09-08,,1959.36,-1.0,Canada
,nan,nan,38.0,Chennai,,2025-11-08,-999.0,-1.0,nan
C5019,Neha,nan,58.0,Ahmedabad,2022-07-20,,-999.0,4.0,Australia
5020,Neha,female,22.0,Delhi,2024-02-08,,-999.0,3.0,Australia
C5021,nan,nan,-5.0,Ahmedabad,,,-999.0,3.0,Canada
,Ankit,Male,56.0,Delhi,,2020-10-14,2626.43,2.0,India
5023,nan,M,-5.0,Bangalore,2024-10-25,2022-06-11,-999.0,3.0,nan
5024,Rahul,Male,40.0,Chennai,2022-09-19,,-999.0,5.0,Canada
C5025,Pooja,Female,-5.0,nan,,,3293.82,3.0,India
C5026,Amit,nan,-5.0,Hyderabad,2024-09-15,,3138.18,10.0,USA
5027,Ankit,nan,-5.0,Mumbai,,2020-11-24,-999.0,1.0,Canada
,Sneha,male,43.0,Kolkata,,2021-10-13,-999.0,1.0,USA
5029,Rahul,M,43.0,Mumbai,,,4592.64,5.0,Australia
5030,Rahul,nan,43.0,Pune,,,-999.0,10.0,Canada
5031,Priya,nan,40.0,Hyderabad,,,-999.0,3.0,nan
,nan,nan,43.0,Ahmedabad,2022-04-14,2023-08-05,-999.0,3.0,USA
C5033,Sneha,F,45.0,Hyderabad,2026-01-08,,-999.0,-1.0,Canada
,nan,M,43.0,Mumbai,,,-999.0,10.0,nan
,Neha,Male,28.0,Chennai,2023-10-30,2024-11-30,-999.0,10.0,USA
5036,nan,F,200.0,Bangalore,,2020-12-31,-999.0,3.0,India
5037,nan,F,48.0,Pune,,,2945.87,3.0,UK
C5038,Amit,M,200.0,Ahmedabad,,,-999.0,-1.0,Canada
,Ankit,nan,-5.0,Hyderabad,2022-10-23,,1671.33,4.0,UK
5040,Pooja,F,60.0,Pune,2021-06-17,,950.1,-1.0,UK
C5041,nan,F,64.0,Pune,2022-06-04,2023-08-24,2281.96,3.0,nan
5042,Sneha,F,200.0,nan,2024-04-10,2025-08-13,-999.0,3.0,Canada
C5043,nan,nan,43.0,Kolkata,,2023-12-31,-999.0,3.0,USA
C5044,Ankit,nan,-5.0,nan,,,-999.0,3.0,UK
5045,nan,nan,27.0,Kolkata,,,-999.0,3.0,USA
5046,Pooja,Female,200.0,Ahmedabad,,,-999.0,1.0,nan
C5047,Neha,male,43.0,Hyderabad,2024-09-28,2024-07-18,-999.0,10.0,Australia
,Kiran,Male,39.0,Pune,,,-999.0,10.0,nan
C5049,Amit,Female,-5.0,Kolkata,,,2461.3,3.0,India
C5050,Simran,male,200.0,Delhi,,,-999.0,10.0,UK
5051,Rahul,F,-5.0,Pune,2023-09-14,,477.32,-1.0,Australia
C5052,Sneha,nan,43.0,Kolkata,,,-999.0,10.0,Australia
5053,Sneha,female,200.0,Mumbai,2026-01-25,,-999.0,3.0,Australia
5054,nan,Female,43.0,nan,2022-09-20,2024-08-20,-999.0,2.0,Canada
C5055,Rahul,Male,70.0,Hyderabad,2021-10-22,2023-04-09,-999.0,1.0,Australia
5056,Amit,female,200.0,Kolkata,2025-08-15,,4390.84,3.0,India
5057,Amit,Female,200.0,Kolkata,,2020-11-09,-999.0,10.0,Australia
,nan,Male,-5.0,Kolkata,2020-12-26,,-999.0,10.0,UK
5059,nan,M,-5.0,Ahmedabad,,,-999.0,2.0,UK
C5060,Ankit,M,-5.0,Kolkata,,,2291.4,3.0,UK
5061,Neha,F,58.0,Chennai,,2023-09-20,-999.0,10.0,Australia
5062,Pooja,nan,200.0,Mumbai,2020-11-20,,-999.0,-1.0,nan
5063,Sneha,male,49.0,Chennai,,,-999.0,3.0,India
5064,Kiran,nan,200.0,Mumbai,2024-05-01,,-999.0,1.0,nan
5065,Simran,F,200.0,nan,2023-01-16,,-999.0,1.0,Australia
5066,Rahul,male,22.0,Mumbai,,2022-05-01,-999.0,-1.0,India
,Ankit,nan,200.0,Delhi,2025-07-25,2025-04-23,-999.0,4.0,nan
5068,Kiran,nan,-5.0,Bangalore,,,-999.0,10.0,Australia
5069,Sneha,nan,43.0,Bangalore,2023-11-04,,-999.0,-1.0,Canada
C5070,Amit,F,43.0,Hyderabad,2024-03-24,,-999.0,3.0,UK
5071,Pooja,M,43.0,Mumbai,2021-10-20,,-999.0,4.0,Canada
5072,Rahul,M,200.0,Kolkata,,2025-07-30,-999.0,10.0,Australia
5073,Neha,male,200.0,Ahmedabad,2023-05-19,2025-04-05,-999.0,10.0,Canada
C5074,Ravi,nan,200.0,nan,,,-999.0,3.0,Australia
,Ravi,F,67.0,Bangalore,2022-06-10,2022-04-07,-999.0,2.0,Canada
5076,Sneha,M,-5.0,Bangalore,,,-999.0,-1.0,Australia
5077,nan,M,69.0,Delhi,,,1697.66,5.0,USA
5078,Rahul,M,43.0,Chennai,,2024-10-22,-999.0,3.0,Australia
C5079,Neha,nan,200.0,nan,,,-999.0,2.0,UK
5080,Pooja,nan,43.0,Pune,,2020-11-25,3944.05,1.0,India
C5081,Ankit,M,-5.0,nan,2020-10-13,,-999.0,10.0,India
5082,nan,F,200.0,Hyderabad,2022-03-15,2021-07-29,-999.0,3.0,USA
C5083,nan,M,43.0,Hyderabad,,,-999.0,2.0,nan
C5084,Neha,M,43.0,Ahmedabad,,,-999.0,3.0,Australia
5085,Priya,nan,43.0,Chennai,,,-999.0,10.0,India
,Ankit,nan,200.0,Bangalore,,,2380.32,-1.0,UK
5087,Sneha,Male,-5.0,Mumbai,2021-09-05,2020-12-07,1028.36,10.0,Canada
5088,Neha,male,43.0,Hyderabad,2024-08-31,2022-02-26,-999.0,10.0,USA
5089,Ravi,female,200.0,Chennai,2022-08-05,2023-11-27,-999.0,10.0,UK
C5090,Amit,M,-5.0,Bangalore,,,-999.0,-1.0,India
5091,Pooja,nan,200.0,Ahmedabad,,,3135.77,5.0,USA
5092,Priya,nan,43.0,Hyderabad,2025-06-14,,2931.73,-1.0,USA
,nan,nan,-5.0,Delhi,,2023-10-16,-999.0,3.0,nan
5094,Ankit,female,200.0,nan,2024-03-17,2021-07-24,-999.0,-1.0,nan
,nan,nan,43.0,Mumbai,2023-03-09,,-999.0,10.0,Australia
C5096,Rahul,F,66.0,Pune,,,2088.68,10.0,India
,Simran,nan,43.0,Kolkata,,,-999.0,10.0,USA
5098,Ankit,F,43.0,Chennai,,,1855.43,1.0,USA
5099,nan,Female,200.0,Bangalore,,,263.94,3.0,UK
5100,Rahul,Male,37.0,Mumbai,2022-02-04,2025-09-08,65.83,-1.0,Canada
5101,Rahul,M,43.0,Delhi,,,-999.0,10.0,India
5102,nan,nan,18.0,Ahmedabad,2022-09-26,,-999.0,10.0,UK
C5103,Sneha,Female,-5.0,Mumbai,,,4294.73,10.0,India
C5104,Pooja,F,200.0,Hyderabad,,,-999.0,10.0,Australia
5105,Amit,Male,24.0,Delhi,,,687.85,-1.0,USA
5106,nan,female,-5.0,Chennai,2020-12-27,,4198.52,-1.0,UK
5107,nan,F,43.0,Ahmedabad,2022-12-03,,-999.0,3.0,nan
,Kiran,female,200.0,Kolkata,,,4812.66,5.0,UK
C5109,Ankit,male,-5.0,nan,,2023-08-02,-999.0,-1.0,UK
5110,Simran,female,43.0,Pune,2025-03-01,2025-11-11,652.55,-1.0,nan
C5111,Priya,female,200.0,Delhi,,,-999.0,3.0,nan
5112,nan,female,-5.0,Delhi,,,3290.48,3.0,India
5113,nan,Female,200.0,Chennai,,,-999.0,2.0,Australia
5114,Sneha,M,200.0,Pune,,,-999.0,10.0,UK
5115,Rahul,nan,200.0,Mumbai,,,-999.0,4.0,USA
,Sneha,nan,61.0,Hyderabad,2022-03-21,,3362.72,10.0,nan
5117,Pooja,male,200.0,Kolkata,2025-04-15,,-999.0,10.0,nan
5118,Kiran,nan,-5.0,Delhi,2021-11-18,,1600.85,3.0,India
5119,Ravi,female,200.0,Pune,,2023-07-14,-999.0,1.0,UK
C5120,nan,male,43.0,nan,,,-999.0,-1.0,Canada
C5121,Rahul,Female,-5.0,Bangalore,2022-03-26,,-999.0,10.0,UK
,nan,nan,200.0,Chennai,2021-12-09,,-999.0,3.0,UK
,Ravi,male,200.0,Bangalore,,2023-02-27,-999.0,-1.0,nan
5124,Kiran,male,-5.0,Ahmedabad,2023-12-21,,-999.0,10.0,nan
5125,Neha,Female,-5.0,Chennai,,,-999.0,2.0,Canada
5126,Rahul,female,37.0,Bangalore,2025-11-01,2023-03-28,2104.57,3.0,Australia
5127,Pooja,male,43.0,Kolkata,2022-03-02,2024-10-02,-999.0,10.0,UK
5128,Ravi,F,48.0,Chennai,2024-05-31,2020-11-27,-999.0,3.0,India
,Neha,nan,-5.0,Delhi,2021-01-14,,-999.0,-1.0,nan
5130,Rahul,F,43.0,Pune,,,-999.0,5.0,Australia
5131,Rahul,male,43.0,Bangalore,2025-08-01,,-999.0,-1.0,nan
,Pooja,Male,-5.0,Pune,2025-08-11,2023-08-28,166.22,10.0,India
5133,Amit,Male,200.0,Mumbai,,2025-09-26,-999.0,-1.0,India
5134,Pooja,nan,-5.0,Delhi,,,-999.0,3.0,India
5135,Neha,Female,200.0,Mumbai,,2021-02-07,2763.93,10.0,Australia
,nan,M,-5.0,Kolkata,2023-03-29,2026-01-12,-999.0,3.0,Australia
C5137,Pooja,nan,55.0,Ahmedabad,,2020-10-01,1104.53,2.0,UK
5138,Simran,M,43.0,Bangalore,2023-03-14,,-999.0,3.0,USA
5139,Ravi,F,200.0,nan,2026-01-01,,-999.0,3.0,Australia
,Simran,nan,200.0,Mumbai,2021-05-16,2022-04-14,-999.0,3.0,USA
,Priya,nan,55.0,Kolkata,,2024-02-13,-999.0,10.0,USA
C5142,Priya,nan,-5.0,Ahmedabad,,2023-07-17,-999.0,3.0,Australia
5143,Ankit,Female,200.0,Delhi,,,-999.0,-1.0,Canada
C5144,Priya,female,-5.0,Chennai,,2021-05-23,-999.0,3.0,USA
5145,Rahul,nan,-5.0,Delhi,,,-999.0,2.0,Australia
,Pooja,female,43.0,nan,2022-04-10,2021-08-11,-999.0,10.0,nan
5147,Kiran,male,59.0,Bangalore,,2021-06-03,-999.0,3.0,UK
5148,Kiran,F,200.0,Kolkata,2021-07-13,2022-04-01,-999.0,3.0,nan
5149,nan,F,200.0,Hyderabad,,,-999.0,1.0,Australia
C5150,Priya,female,43.0,Hyderabad,,,-999.0,10.0,USA
5151,Ankit,female,200.0,Delhi,,,-999.0,-1.0,nan
5152,Ankit,Female,200.0,Chennai,,,-999.0,10.0,UK
5153,Rahul,male,34.0,Hyderabad,2024-07-16,,-999.0,10.0,UK
5154,Sneha,nan,200.0,Pune,2024-10-13,,-999.0,3.0,USA
C5155,Ravi,M,43.0,Chennai,,,4606.43,3.0,Canada
5156,nan,Female,28.0,Bangalore,2022-08-30,,-999.0,-1.0,nan
5157,Simran,male,200.0,Ahmedabad,,,-999.0,3.0,India
5158,Amit,male,52.0,Hyderabad,2021-11-28,,-999.0,3.0,India
C5159,Priya,female,-5.0,Delhi,2021-05-23,2025-02-21,-999.0,-1.0,India
C5160,Sneha,Female,-5.0,Ahmedabad,2025-01-28,2021-08-08,-999.0,2.0,India
5161,Rahul,nan,60.0,Mumbai,2025-08-09,,-999.0,-1.0,nan
5162,nan,Female,19.0,Bangalore,2023-02-18,2025-01-16,-999.0,3.0,nan
5163,nan,Female,200.0,Bangalore,,,-999.0,4.0,USA
C5164,Priya,nan,43.0,Pune,,,-999.0,-1.0,nan
5165,nan,Male,43.0,Pune,,,595.13,5.0,UK
C5166,Amit,Male,43.0,Pune,,,3796.02,10.0,Canada
5167,Simran,Female,200.0,Mumbai,,2024-12-25,1333.61,2.0,nan
5168,Sneha,nan,200.0,Kolkata,,,-999.0,3.0,Australia
C5169,Pooja,Male,43.0,Delhi,,,477.84,3.0,Canada
,Amit,male,200.0,Pune,2024-03-15,,-999.0,3.0,Australia
C5171,Ravi,male,-5.0,Pune,2022-11-14,2024-06-21,-999.0,5.0,UK
5172,Ravi,F,44.0,nan,,,3780.66,-1.0,nan
,Sneha,nan,200.0,Bangalore,2021-11-30,2025-05-03,47.24,3.0,India
5174,Pooja,F,-5.0,Mumbai,,,3979.57,3.0,India
5175,Ankit,female,-5.0,Hyderabad,2023-09-19,2023-09-25,-999.0,4.0,USA
C5176,nan,F,-5.0,nan,2023-01-27,,-999.0,3.0,Canada
5177,nan,nan,200.0,nan,,2025-11-11,-999.0,-1.0,Canada
5178,nan,Female,38.0,Bangalore,2023-12-22,,-999.0,10.0,nan
,Kiran,Female,-5.0,Mumbai,,,-999.0,3.0,India
5180,Sneha,nan,43.0,Delhi,,,-999.0,10.0,India
5181,Rahul,male,52.0,Ahmedabad,2021-05-17,2021-09-12,1457.85,-1.0,India
5182,Neha,Female,200.0,Delhi,2025-02-17,2024-03-25,-999.0,10.0,UK
5183,Sneha,nan,-5.0,Delhi,2023-08-02,,-999.0,10.0,India
5184,Rahul,Male,-5.0,Chennai,2022-08-23,2024-12-31,-999.0,-1.0,Canada
5185,Sneha,male,25.0,Mumbai,,,-999.0,-1.0,nan
5186,Neha,F,200.0,nan,2021-06-29,2025-09-03,-999.0,10.0,Australia
5187,Ravi,male,43.0,Chennai,,,-999.0,10.0,USA
5188,Priya,Male,-5.0,Mumbai,,,-999.0,2.0,India
5189,Priya,nan,43.0,Mumbai,,,-999.0,3.0,USA
,Amit,M,-5.0,Hyderabad,2025-05-28,2022-10-07,-999.0,10.0,Canada
5191,Priya,F,-5.0,Delhi,2025-12-05,2022-03-28,-999.0,3.0,UK
,nan,Female,43.0,Mumbai,,,-999.0,-1.0,India
,nan,male,-5.0,Hyderabad,,,-999.0,3.0,India
C5194,nan,nan,55.0,Ahmedabad,2022-05-14,,3298.52,5.0,Australia
,nan,male,-5.0,Chennai,2021-11-26,2023-04-01,-999.0,10.0,Canada
,Sneha,Male,200.0,Bangalore,,,-999.0,-1.0,UK
5197,Ravi,nan,49.0,Chennai,,,-999.0,-1.0,Australia
,Simran,Female,43.0,Delhi,2020-10-04,,1647.65,10.0,India
5199,Ravi,female,-5.0,Hyderabad,,,-999.0,-1.0,UK
5200,Amit,female,200.0,Chennai,,2022-12-02,-999.0,10.0,USA
5201,Neha,nan,200.0,Chennai,2022-03-08,,-999.0,2.0,Australia
5202,Kiran,Female,43.0,Delhi,,,-999.0,10.0,Canada
,Kiran,nan,43.0,Ahmedabad,2022-02-26,,4362.38,-1.0,USA
,Rahul,female,-5.0,Kolkata,,,-999.0,10.0,USA
C5205,Pooja,female,27.0,Kolkata,,,-999.0,-1.0,Canada
5206,Priya,Female,-5.0,Ahmedabad,2024-11-01,,-999.0,3.0,Canada
5207,nan,Male,200.0,Pune,2024-01-31,,-999.0,10.0,USA
C5208,Pooja,female,-5.0,Pune,2024-07-24,,-999.0,3.0,UK
5209,Ankit,nan,200.0,Bangalore,2025-09-04,2025-09-18,2028.68,-1.0,UK
5210,Simran,male,43.0,Hyderabad,2023-03-20,,2091.05,10.0,Canada
,nan,nan,200.0,Pune,2024-06-24,2022-07-26,3279.08,3.0,UK
C5212,Rahul,male,43.0,Kolkata,,,-999.0,4.0,nan
C5213,Kiran,nan,200.0,Mumbai,2024-09-20,,-999.0,10.0,UK
C5214,Ankit,male,200.0,Mumbai,2020-08-22,,-999.0,-1.0,Australia
5215,nan,Female,-5.0,Chennai,2022-02-16,,-999.0,3.0,nan
C5216,Ankit,M,54.0,Kolkata,,2021-12-15,-999.0,3.0,USA
5217,Rahul,Male,48.0,Bangalore,2025-07-27,2023-01-04,-999.0,10.0,Australia
C5218,Pooja,Female,21.0,Ahmedabad,2022-11-07,,-999.0,-1.0,India
C5219,nan,male,200.0,Bangalore,2025-12-30,,3316.2,-1.0,Australia
5220,Amit,female,-5.0,Chennai,,,-999.0,3.0,Australia
5221,Priya,nan,43.0,Delhi,,,-999.0,10.0,India
5222,nan,Female,-5.0,Delhi,2024-02-05,2023-10-13,-999.0,10.0,Australia
5223,Ravi,female,200.0,Kolkata,2020-12-09,,-999.0,3.0,Australia
5224,nan,male,-5.0,Kolkata,2024-02-15,,-999.0,10.0,UK
C5225,Rahul,Male,43.0,Hyderabad,,,-999.0,-1.0,India
C5226,Rahul,nan,200.0,Kolkata,,,-999.0,-1.0,UK
5227,Pooja,M,-5.0,Ahmedabad,2021-07-03,2024-03-01,-999.0,10.0,Australia
,Priya,Male,50.0,Hyderabad,,,-999.0,10.0,UK
C5229,nan,male,200.0,Mumbai,,,-999.0,5.0,UK
5230,Rahul,M,43.0,Chennai,,,-999.0,-1.0,Canada
,Priya,M,45.0,Chennai,2024-12-31,,-999.0,10.0,nan
,Sneha,M,200.0,Chennai,2021-03-03,,-999.0,3.0,India
C5233,Priya,male,-5.0,Kolkata,,,-999.0,3.0,USA
,Neha,female,-5.0,Delhi,2020-12-25,2024-11-07,-999.0,10.0,nan
,Ankit,male,200.0,Mumbai,,2022-12-21,-999.0,10.0,UK
C5236,Kiran,F,200.0,Ahmedabad,,2021-07-24,-999.0,10.0,nan
,nan,nan,200.0,Mumbai,2023-11-21,2024-12-25,-999.0,-1.0,Australia
5238,Kiran,nan,-5.0,Hyderabad,,,-999.0,3.0,USA
5239,Pooja,nan,43.0,Pune,2025-07-25,,4099.54,10.0,Australia
C5240,Neha,M,200.0,nan,2021-11-06,,-999.0,3.0,Australia
,nan,female,200.0,Ahmedabad,2020-10-26,2021-06-21,4895.5,10.0,India
5242,nan,Male,200.0,Bangalore,2021-10-08,2025-09-01,-999.0,3.0,Australia
C5243,Priya,Female,45.0,nan,2025-10-29,,-999.0,-1.0,USA
C5244,Pooja,nan,43.0,Hyderabad,,2022-05-18,-999.0,10.0,USA
5245,Kiran,female,-5.0,nan,2025-08-25,,1910.27,3.0,Australia
C5246,Sneha,nan,200.0,Mumbai,2023-11-25,,-999.0,4.0,Canada
5247,Sneha,Male,200.0,Ahmedabad,,,-999.0,-1.0,India
5248,Kiran,F,-5.0,nan,2022-12-15,,-999.0,3.0,Australia
5249,nan,M,200.0,Delhi,2024-05-19,,-999.0,5.0,USA
,Ravi,M,-5.0,Delhi,,,-999.0,1.0,USA
C5251,Ankit,Female,35.0,Ahmedabad,2025-11-24,,3434.28,-1.0,Australia
5252,nan,M,43.0,Bangalore,2025-02-07,2021-01-31,4104.33,-1.0,Australia
5253,Priya,M,43.0,Delhi,,,-999.0,-1.0,nan
5254,Neha,nan,200.0,Pune,2021-01-02,,-999.0,-1.0,USA
,Pooja,female,43.0,Pune,,,-999.0,-1.0,India
5256,Simran,male,-5.0,Bangalore,,,-999.0,10.0,nan
5257,Rahul,Male,200.0,nan,2022-05-22,,3085.67,10.0,India
,nan,nan,43.0,Hyderabad,,2026-01-19,-999.0,1.0,nan
,Rahul,nan,43.0,Delhi,2025-03-03,2021-10-24,-999.0,3.0,nan
,Priya,nan,-5.0,Mumbai,,2023-08-30,-999.0,3.0,Australia
5261,Rahul,nan,-5.0,nan,,,-999.0,3.0,UK
5262,Ravi,Male,43.0,Delhi,2022-03-20,,-999.0,3.0,India
5263,Kiran,nan,43.0,Chennai,,,2458.57,-1.0,Australia
5264,nan,female,43.0,Hyderabad,2025-05-12,2025-06-21,-999.0,3.0,Australia
C5265,Pooja,nan,-5.0,Kolkata,2020-10-13,2025-07-19,-999.0,10.0,USA
C5266,Ankit,F,37.0,Ahmedabad,,2022-06-24,-999.0,-1.0,India
,Pooja,M,43.0,nan,,2022-10-17,4998.67,-1.0,nan
C5268,Kiran,F,-5.0,Hyderabad,,,-999.0,10.0,USA
5269,Ankit,M,-5.0,Kolkata,2021-12-09,,-999.0,3.0,Canada
5270,Ankit,nan,53.0,Delhi,2023-10-11,,-999.0,-1.0,UK
C5271,Ankit,nan,200.0,Pune,,,72.07,10.0,USA
5272,Rahul,Male,-5.0,Delhi,2025-06-15,,-999.0,4.0,nan
,Sneha,female,42.0,nan,,,-999.0,3.0,Australia
5274,Simran,nan,43.0,Delhi,,2021-02-13,-999.0,1.0,India
5275,Ravi,nan,43.0,Chennai,2024-08-07,2025-05-11,-999.0,3.0,Canada
,Ravi,M,200.0,Chennai,2021-01-08,2025-07-23,-999.0,-1.0,UK
5277,nan,male,-5.0,Mumbai,2021-10-07,,-999.0,10.0,nan
5278,Amit,F,200.0,Mumbai,2025-10-09,2023-11-21,-999.0,4.0,USA
5279,Amit,F,43.0,nan,2021-02-26,,2483.84,-1.0,UK
,Kiran,Female,200.0,Ahmedabad,2022-05-05,,2290.69,-1.0,nan
5281,Ravi,male,43.0,Pune,2022-12-21,,2106.64,10.0,UK
5282,Neha,M,-5.0,Chennai,2021-04-07,2020-10-20,3861.02,1.0,Australia
5283,Ravi,male,-5.0,Ahmedabad,2021-10-14,2021-10-16,-999.0,10.0,UK
,nan,M,21.0,Mumbai,2024-04-10,,-999.0,-1.0,USA
,Ravi,F,43.0,Chennai,,,-999.0,5.0,India
C5286,Ankit,nan,49.0,Ahmedabad,2021-09-04,2021-09-04,-999.0,5.0,USA
5287,Simran,nan,43.0,Mumbai,2023-05-22,2025-09-23,-999.0,3.0,Canada
C5288,Neha,Female,-5.0,nan,,,2254.07,-1.0,Canada
,Pooja,nan,43.0,Chennai,,,-999.0,5.0,India
5290,Rahul,nan,43.0,Pune,2023-02-12,2023-09-17,203.43,5.0,nan
,Rahul,F,-5.0,Chennai,,,-999.0,-1.0,Australia
,nan,Male,68.0,Mumbai,,2025-01-06,2444.54,3.0,Canada
,Amit,M,200.0,Pune,,2021-06-02,-999.0,10.0,Canada
,Kiran,Female,34.0,Mumbai,2022-03-28,,-999.0,3.0,nan
5295,Kiran,M,200.0,Bangalore,,,-999.0,-1.0,UK
C5296,Rahul,female,22.0,Kolkata,2022-12-08,,-999.0,10.0,USA
5297,Sneha,female,200.0,Ahmedabad,,,-999.0,4.0,USA
C5298,Ankit,Male,200.0,Chennai,,,-999.0,2.0,UK
C5299,nan,female,-5.0,Delhi,,,186.95,10.0,Australia
C5300,Ankit,M,-5.0,Kolkata,2025-03-03,,-999.0,1.0,USA
5301,nan,nan,-5.0,Kolkata,,,-999.0,3.0,USA
C5302,Kiran,male,43.0,Pune,2024-01-26,2025-11-30,-999.0,-1.0,UK
,Simran,Male,58.0,Ahmedabad,2022-07-02,2022-01-02,-999.0,1.0,Australia
C5304,Simran,female,-5.0,Pune,,,-999.0,1.0,Canada
C5305,Simran,male,-5.0,Delhi,2026-01-03,,833.39,10.0,USA
5306,Kiran,nan,200.0,Bangalore,,2025-06-22,-999.0,4.0,UK
5307,Sneha,nan,200.0,Mumbai,,2021-08-18,-999.0,3.0,Australia
,nan,F,200.0,nan,,,-999.0,1.0,Canada
5309,Simran,male,200.0,Mumbai,,,-999.0,-1.0,USA
C5310,Ravi,Male,200.0,Mumbai,,2025-12-10,-999.0,3.0,UK
5311,Rahul,Male,27.0,Chennai,2022-12-05,,-999.0,2.0,Canada
5312,Amit,male,44.0,Ahmedabad,2024-05-24,,3221.89,1.0,UK
,Neha,female,28.0,Hyderabad,2025-05-18,,-999.0,-1.0,UK
,Amit,Female,43.0,Chennai,,,-999.0,-1.0,UK
5315,Ankit,nan,200.0,Mumbai,2023-07-28,,-999.0,-1.0,UK
5316,Neha,M,200.0,Mumbai,,,-999.0,-1.0,nan
5317,Kiran,Male,-5.0,Ahmedabad,2025-11-06,,-999.0,2.0,Canada
C5318,Rahul,male,26.0,Hyderabad,2024-10-07,,-999.0,-1.0,Australia
5319,Simran,F,-5.0,Hyderabad,,,-999.0,3.0,Canada
5320,Ankit,female,-5.0,nan,,,-999.0,3.0,Australia
5321,Kiran,male,32.0,Mumbai,2023-10-16,,-999.0,10.0,Canada
5322,Pooja,nan,35.0,Ahmedabad,,2024-03-24,-999.0,-1.0,USA
5323,Simran,nan,-5.0,Kolkata,2020-08-31,,-999.0,10.0,USA
,Amit,male,60.0,nan,,2024-06-27,-999.0,3.0,Canada
5325,Rahul,nan,50.0,Bangalore,,2023-07-05,-999.0,-1.0,Australia
,Pooja,female,-5.0,Mumbai,,2025-08-10,-999.0,10.0,Canada
5327,Simran,Female,43.0,nan,2021-10-09,,-999.0,-1.0,UK
5328,Pooja,Male,-5.0,Chennai,,,3744.22,3.0,nan
C5329,Priya,nan,46.0,Pune,,,-999.0,-1.0,Australia
5330,Priya,Female,43.0,Kolkata,2023-08-27,,-999.0,3.0,UK
C5331,Kiran,nan,200.0,Pune,2020-11-18,2024-09-06,-999.0,-1.0,India
5332,Neha,nan,-5.0,Mumbai,2021-08-31,,-999.0,3.0,Canada
5333,Amit,Male,43.0,Pune,2023-12-26,,4114.3,3.0,Australia
,Rahul,Female,60.0,Chennai,,2024-05-18,-999.0,1.0,Canada
5335,Simran,nan,200.0,Hyderabad,,,1549.06,-1.0,USA
5336,Ankit,Male,31.0,Kolkata,,2021-07-16,3808.86,3.0,Australia
,Ravi,nan,35.0,Pune,,,1401.87,3.0,Canada
C5338,Priya,M,43.0,Kolkata,,2025-12-25,-999.0,1.0,nan
,Priya,Male,56.0,Ahmedabad,2024-06-13,,4346.47,10.0,UK
C5340,Simran,female,38.0,Delhi,,,-999.0,3.0,Canada
,Ankit,M,-5.0,Pune,2021-12-09,2020-08-21,3680.25,3.0,Canada
5342,Amit,nan,30.0,Kolkata,2022-07-09,,2182.87,4.0,Canada
5343,nan,nan,20.0,Chennai,,2021-04-01,422.88,10.0,USA
C5344,nan,Male,43.0,Hyderabad,2023-01-10,,-999.0,1.0,India
5345,Ravi,Female,26.0,Hyderabad,,2026-01-25,-999.0,3.0,Australia
C5346,Neha,nan,43.0,Hyderabad,2021-12-22,,-999.0,3.0,UK
5347,Priya,Female,200.0,Ahmedabad,2026-01-04,,-999.0,4.0,nan
5348,Priya,male,64.0,Bangalore,2021-11-17,,-999.0,10.0,Canada
C5349,Rahul,Male,-5.0,Mumbai,2022-01-27,,-999.0,10.0,nan
C5350,Simran,M,43.0,Kolkata,,2021-12-13,-999.0,3.0,UK
5351,Priya,Male,-5.0,Ahmedabad,2020-09-04,,-999.0,3.0,USA
5352,Amit,F,29.0,Chennai,2025-02-26,,1338.76,10.0,UK
5353,Priya,nan,43.0,nan,2023-04-29,2020-08-06,427.77,-1.0,Canada
,Neha,M,43.0,Hyderabad,2020-12-11,,-999.0,10.0,Canada
,nan,male,-5.0,nan,2023-08-29,2024-08-30,-999.0,10.0,UK
C5356,nan,M,26.0,Pune,,2022-08-07,-999.0,10.0,India
C5357,Ravi,nan,-5.0,Chennai,,,-999.0,10.0,nan
,nan,Female,62.0,Kolkata,2025-10-09,,-999.0,3.0,UK
5359,Priya,nan,-5.0,Bangalore,,,-999.0,5.0,Canada
5360,Kiran,Female,-5.0,Hyderabad,2024-02-26,,320.63,3.0,India
5361,Rahul,nan,200.0,Delhi,2025-11-28,,-999.0,2.0,India
5362,nan,nan,22.0,Hyderabad,2022-12-09,,3225.8,10.0,nan
C5363,Sneha,M,43.0,Hyderabad,,2024-04-11,4708.18,2.0,UK
5364,Rahul,M,200.0,Pune,,,-999.0,-1.0,UK
,Pooja,nan,43.0,Delhi,,,-999.0,-1.0,USA
C5366,Ankit,nan,40.0,Bangalore,,2024-02-28,-999.0,3.0,UK
C5367,Ravi,Male,-5.0,Chennai,,2020-12-16,-999.0,-1.0,Canada
,nan,nan,-5.0,Delhi,,2025-03-09,1621.98,1.0,nan
5369,nan,Female,-5.0,Pune,,2021-07-28,-999.0,-1.0,nan
C5370,nan,nan,-5.0,nan,,,-999.0,10.0,Canada
5371,nan,female,43.0,Chennai,,2025-04-27,-999.0,2.0,Australia
5372,nan,nan,200.0,Chennai,,2022-07-27,-999.0,-1.0,Canada
5373,nan,F,-5.0,nan,2021-07-10,2023-11-07,-999.0,10.0,India
5374,Neha,male,43.0,Pune,,2025-02-13,-999.0,10.0,Australia
5375,Ankit,F,-5.0,Kolkata,2022-01-10,,-999.0,3.0,nan
5376,Priya,M,-5.0,Pune,,,-999.0,3.0,USA
,Ankit,F,-5.0,nan,,,-999.0,-1.0,USA
,Sneha,female,200.0,Delhi,,,-999.0,-1.0,USA
5379,Simran,M,200.0,Kolkata,2024-04-24,2021-05-20,-999.0,-1.0,Australia
,Ankit,female,65.0,nan,,2024-09-22,-999.0,10.0,nan
C5381,Neha,male,43.0,Mumbai,,2025-11-15,-999.0,-1.0,Australia
C5382,Ravi,male,20.0,Kolkata,,,-999.0,-1.0,Australia
5383,nan,female,43.0,Hyderabad,2022-12-05,2023-02-22,-999.0,5.0,USA
5384,Simran,female,70.0,Kolkata,2023-03-29,,-999.0,10.0,UK
,Amit,female,-5.0,Bangalore,,,-999.0,3.0,India
5386,Priya,nan,200.0,Pune,2022-08-05,,-999.0,10.0,nan
5387,Ravi,male,200.0,nan,,2022-02-07,-999.0,10.0,Australia
C5388,Sneha,nan,-5.0,Ahmedabad,2024-02-22,,-999.0,10.0,Australia
,nan,Male,49.0,Ahmedabad,2021-06-03,,-999.0,10.0,Australia
5390,Neha,male,-5.0,Bangalore,2025-11-19,2025-01-21,-999.0,5.0,USA
C5391,nan,female,-5.0,Mumbai,,,-999.0,2.0,Canada
5392,Ravi,Male,43.0,nan,,,-999.0,3.0,nan
5393,nan,Female,200.0,Hyderabad,,2021-01-07,-999.0,3.0,nan
5394,Ankit,Female,43.0,Mumbai,,,76.87,3.0,USA
C5395,Ravi,nan,200.0,Pune,2025-11-04,,-999.0,10.0,USA
,Sneha,Female,45.0,Hyderabad,,,-999.0,3.0,USA
5397,Amit,F,200.0,Pune,,,-999.0,10.0,India
5398,Ankit,female,200.0,Ahmedabad,2022-12-01,,-999.0,-1.0,UK
5399,nan,female,43.0,Bangalore,,,-999.0,3.0,India
5400,Ankit,F,-5.0,Hyderabad,,2023-09-14,-999.0,10.0,nan
5401,nan,Female,43.0,Ahmedabad,,2023-04-28,-999.0,10.0,India
5402,Pooja,female,43.0,Delhi,2025-05-05,,-999.0,1.0,Australia
5403,Rahul,female,-5.0,Pune,,2022-07-06,-999.0,-1.0,India
5404,Sneha,Male,43.0,Kolkata,,,3414.42,10.0,Australia
5405,Simran,female,200.0,Hyderabad,2022-12-11,,-999.0,-1.0,India
,nan,Male,43.0,Hyderabad,2023-10-08,,-999.0,10.0,Canada
,Neha,F,43.0,Kolkata,,2024-08-18,-999.0,2.0,UK
5408,Simran,male,200.0,Mumbai,,,-999.0,-1.0,UK
,Amit,female,200.0,nan,2024-11-10,,-999.0,3.0,India
C5410,nan,M,60.0,Hyderabad,2020-12-06,,-999.0,1.0,nan
5411,Priya,Male,43.0,Pune,,2021-11-27,-999.0,-1.0,Canada
C5412,Ankit,female,-5.0,Delhi,2021-01-17,,-999.0,10.0,nan
,Simran,F,43.0,Chennai,2025-05-29,2024-12-22,-999.0,-1.0,nan
5414,Rahul,Male,200.0,Hyderabad,,2022-10-31,-999.0,4.0,Australia
C5415,Rahul,Female,43.0,Chennai,2025-07-23,,-999.0,10.0,Australia
C5416,Ravi,nan,23.0,nan,2022-12-02,2021-02-16,-999.0,3.0,USA
5417,Rahul,M,35.0,nan,2020-11-06,2021-09-09,-999.0,3.0,Australia
5418,Pooja,female,200.0,Chennai,2021-06-21,,-999.0,3.0,nan
5419,Ankit,male,200.0,Mumbai,,,-999.0,10.0,UK
,Kiran,male,43.0,Delhi,,,-999.0,-1.0,nan
,Amit,nan,52.0,Hyderabad,,2021-03-25,-999.0,4.0,Australia
5422,Kiran,nan,-5.0,Delhi,2021-11-13,,-999.0,-1.0,India
5423,Kiran,M,43.0,Kolkata,2022-09-26,,-999.0,-1.0,nan
5424,Ravi,nan,34.0,Kolkata,2025-11-04,2023-04-28,-999.0,10.0,Australia
5425,Ankit,nan,20.0,Bangalore,,2021-06-18,-999.0,10.0,nan
5426,nan,M,43.0,Hyderabad,2020-09-24,,-999.0,-1.0,Australia
C5427,Simran,M,-5.0,Mumbai,,,854.9,3.0,nan
5428,nan,Female,-5.0,Kolkata,,,-999.0,3.0,UK
5429,Priya,Male,-5.0,Hyderabad,,2024-04-07,-999.0,-1.0,UK
5430,Neha,female,43.0,Kolkata,2025-05-23,,-999.0,10.0,India
,Sneha,nan,25.0,Bangalore,2022-04-11,,-999.0,-1.0,Canada
5432,nan,nan,200.0,nan,,,-999.0,3.0,Canada
,Ankit,nan,200.0,Chennai,2024-09-12,,4612.31,10.0,Canada
C5434,Amit,nan,23.0,nan,,,-999.0,-1.0,UK
C5435,Priya,female,42.0,Pune,,2020-09-09,-999.0,10.0,UK
C5436,nan,Male,200.0,Bangalore,,,2182.03,5.0,nan
,Sneha,F,43.0,nan,2023-10-16,,-999.0,10.0,UK
5438,Pooja,M,200.0,Pune,,,-999.0,10.0,Canada
5439,Sneha,Male,200.0,Hyderabad,,,-999.0,3.0,Canada
5440,Ankit,F,-5.0,nan,,,2035.64,-1.0,USA
C5441,Kiran,nan,200.0,Pune,2022-11-27,,-999.0,3.0,nan
C5442,Ankit,female,43.0,Chennai,,,-999.0,3.0,Canada
5443,Ravi,female,-5.0,Chennai,,,363.89,10.0,India
5444,Ankit,nan,-5.0,Bangalore,,,2619.28,1.0,UK
5445,Simran,male,200.0,Bangalore,2023-05-21,,-999.0,-1.0,nan
,Ankit,nan,43.0,Mumbai,2022-08-19,,-999.0,4.0,USA
5447,Ravi,nan,43.0,Mumbai,2023-11-19,,4447.63,4.0,India
5448,Ankit,M,35.0,Bangalore,,,3556.34,10.0,India
5449,nan,male,-5.0,nan,2021-03-04,2023-05-28,-999.0,-1.0,UK
5450,Ravi,M,-5.0,Chennai,,2020-08-07,-999.0,2.0,UK
,Ankit,F,43.0,Bangalore,,,3099.55,2.0,Canada
C5452,Neha,Female,47.0,Mumbai,,,-999.0,2.0,USA
5453,Kiran,M,46.0,Kolkata,2022-08-30,,-999.0,3.0,UK
5454,Ravi,F,-5.0,Delhi,2021-01-20,,-999.0,5.0,USA
5455,nan,Female,-5.0,nan,2025-11-26,,2387.49,-1.0,USA
,Pooja,Male,18.0,Bangalore,2021-03-20,2025-03-25,-999.0,3.0,UK
C5457,Pooja,Female,26.0,Ahmedabad,,,-999.0,10.0,USA
5458,Amit,nan,43.0,Chennai,2021-02-06,,-999.0,10.0,Canada
5459,Ravi,M,24.0,Ahmedabad,,,-999.0,10.0,nan
5460,Rahul,male,-5.0,Kolkata,,2025-07-15,-999.0,5.0,Canada
,nan,M,27.0,Ahmedabad,,,-999.0,-1.0,Australia
,Amit,male,43.0,nan,,2024-04-26,-999.0,-1.0,UK
5463,Sneha,female,-5.0,Delhi,2022-01-14,,1958.57,10.0,Australia
5464,Amit,female,-5.0,Pune,,,3180.63,3.0,USA
5465,Amit,nan,-5.0,Chennai,,,323.23,10.0,India
,Ankit,Female,-5.0,Ahmedabad,,,-999.0,3.0,Australia
5467,Rahul,female,43.0,nan,2023-02-14,2023-06-17,-999.0,10.0,USA
,Sneha,Female,27.0,Chennai,2025-09-15,,-999.0,10.0,Canada
5469,Ankit,Male,200.0,Bangalore,,,-999.0,10.0,Australia
C5470,Neha,Female,-5.0,Bangalore,2020-12-14,,-999.0,-1.0,nan
C5471,nan,female,43.0,Delhi,,2023-07-30,-999.0,10.0,India
5472,nan,male,43.0,Pune,2022-07-12,,-999.0,10.0,Australia
5473,Simran,Male,44.0,Hyderabad,2024-12-05,2025-04-21,-999.0,3.0,India
5474,Simran,Female,43.0,Hyderabad,,,845.11,-1.0,nan
,nan,nan,200.0,Ahmedabad,,,-999.0,3.0,India
5476,Simran,M,43.0,Hyderabad,,2020-12-25,-999.0,10.0,UK
,Kiran,female,-5.0,Bangalore,,,-999.0,3.0,Canada
5478,Neha,female,200.0,nan,2022-02-04,,-999.0,3.0,UK
,Pooja,Male,-5.0,Chennai,,,-999.0,5.0,USA
5480,Priya,M,43.0,Hyderabad,2021-12-23,2025-03-29,-999.0,10.0,USA
5481,Amit,nan,200.0,nan,,2025-05-24,-999.0,3.0,Australia
5482,Priya,F,43.0,Bangalore,2023-07-06,,-999.0,3.0,nan
5483,Neha,M,33.0,nan,,,-999.0,10.0,USA
5484,Amit,nan,200.0,nan,,,-999.0,-1.0,Canada
,Ankit,male,43.0,Chennai,,2025-04-19,-999.0,10.0,nan
5486,Rahul,female,-5.0,Pune,2021-04-01,2023-04-22,-999.0,5.0,nan
5487,nan,Female,43.0,Chennai,,,4997.87,4.0,India
,nan,F,-5.0,nan,2022-08-31,2022-07-23,787.16,-1.0,UK
,Priya,nan,200.0,Delhi,2021-02-03,,-999.0,3.0,nan
C5490,nan,nan,200.0,Kolkata,,2025-06-13,-999.0,10.0,India
C5491,Simran,female,-5.0,Delhi,,2025-09-22,-999.0,1.0,Canada
C5492,Sneha,F,53.0,Ahmedabad,2025-04-26,,-999.0,3.0,USA
5493,Ravi,Male,54.0,Delhi,,,-999.0,3.0,Canada
C5494,Rahul,Male,200.0,Hyderabad,,,-999.0,10.0,Australia
5495,nan,Female,-5.0,Ahmedabad,2020-11-28,,-999.0,-1.0,Canada
5496,nan,F,200.0,Delhi,,2021-01-08,-999.0,10.0,India
C5497,Priya,M,43.0,Kolkata,,,-999.0,-1.0,India
5498,Ankit,M,-5.0,Hyderabad,,,-999.0,3.0,nan
C5499,Priya,female,200.0,Mumbai,2025-06-12,2025-08-01,-999.0,10.0,UK
,Amit,M,24.0,Pune,,,-999.0,-1.0,UK
,Sneha,male,-5.0,Bangalore,,2022-12-30,-999.0,2.0,Australia
C5502,Sneha,nan,-5.0,Delhi,2024-10-19,,-999.0,10.0,nan
C5503,Priya,F,-5.0,Chennai,2025-05-22,2020-12-30,-999.0,10.0,Canada
,Kiran,Female,-5.0,Bangalore,,,-999.0,3.0,India
C5505,nan,F,43.0,Pune,,,150.09,5.0,Australia
,nan,Male,200.0,Pune,,2025-02-14,-999.0,-1.0,UK
5507,Rahul,M,43.0,Ahmedabad,2025-10-29,2022-09-24,1779.63,1.0,UK
C5508,Amit,female,18.0,nan,2024-03-15,,-999.0,-1.0,Australia
C5509,Priya,F,43.0,Ahmedabad,2020-10-04,2022-07-25,-999.0,1.0,Australia
5510,Pooja,nan,47.0,Hyderabad,2024-01-10,,-999.0,3.0,USA
5511,Sneha,M,-5.0,Pune,,2023-09-09,758.99,10.0,USA
,Sneha,M,27.0,Kolkata,2022-10-29,,4183.7,-1.0,nan
5513,Simran,F,30.0,Mumbai,,2024-08-24,4177.36,3.0,UK
5514,Kiran,female,-5.0,Bangalore,,,-999.0,1.0,USA
C5515,Ravi,Male,-5.0,Kolkata,2022-10-05,,-999.0,10.0,UK
5516,Priya,M,200.0,Kolkata,2024-01-06,,-999.0,4.0,nan
5517,Sneha,M,200.0,Hyderabad,2024-01-19,,-999.0,10.0,nan
C5518,Sneha,F,200.0,Ahmedabad,,,-999.0,3.0,UK
5519,Rahul,male,-5.0,Bangalore,,2022-10-03,-999.0,10.0,USA
5520,Rahul,F,200.0,Chennai,,2025-11-04,2078.05,10.0,nan
5521,nan,F,18.0,Mumbai,2023-07-10,,-999.0,-1.0,nan
,Ravi,nan,-5.0,Kolkata,2022-01-24,2020-09-03,1561.99,1.0,nan
5523,Kiran,Female,-5.0,Hyderabad,2023-09-25,,2572.37,10.0,USA
,Amit,nan,200.0,Hyderabad,2020-12-07,2021-12-11,-999.0,10.0,Canada
C5525,Ankit,Male,-5.0,Delhi,,,-999.0,-1.0,Canada
C5526,nan,nan,-5.0,Mumbai,2024-05-05,,-999.0,-1.0,Canada
C5527,Amit,nan,46.0,Ahmedabad,2020-10-03,2022-08-03,-999.0,-1.0,nan
,nan,female,43.0,Mumbai,,,-999.0,3.0,India
5529,Neha,female,200.0,Chennai,,,-999.0,1.0,India
5530,Priya,nan,43.0,Ahmedabad,,2023-12-28,-999.0,-1.0,Canada
,Priya,Male,39.0,Mumbai,,,-999.0,3.0,Australia
5532,Rahul,M,-5.0,Hyderabad,,,-999.0,3.0,nan
C5533,Pooja,M,67.0,nan,2023-10-21,,-999.0,-1.0,UK
,nan,nan,43.0,Bangalore,2024-07-13,2022-01-02,-999.0,3.0,India
5535,Sneha,Female,200.0,Mumbai,2025-02-19,,-999.0,10.0,USA
,Sneha,F,200.0,Chennai,2025-11-04,2022-04-08,-999.0,10.0,Canada
5537,Ravi,nan,200.0,nan,,,-999.0,10.0,USA
C5538,Priya,female,42.0,Hyderabad,2022-06-03,,-999.0,10.0,India
5539,Neha,Female,-5.0,Kolkata,2023-08-06,,1522.97,10.0,Australia
C5540,Rahul,male,66.0,Hyderabad,2021-09-15,,175.51,3.0,India
C5541,Pooja,Female,43.0,nan,,,-999.0,3.0,UK
5542,Neha,Female,43.0,Chennai,,,-999.0,10.0,India
5543,Rahul,M,43.0,Kolkata,,,985.66,5.0,USA
,nan,M,-5.0,Delhi,2024-09-07,,-999.0,5.0,nan
5545,nan,nan,-5.0,Chennai,2021-06-18,,-999.0,3.0,nan
5546,Sneha,F,200.0,Delhi,,,-999.0,3.0,UK
5547,nan,M,-5.0,Pune,2024-01-23,,-999.0,10.0,nan
,Amit,female,-5.0,Bangalore,2024-06-11,2023-01-11,4420.22,-1.0,USA
,Rahul,male,33.0,Kolkata,,,-999.0,5.0,USA
C5550,nan,M,60.0,Ahmedabad,2024-03-10,,-999.0,3.0,India
5551,nan,female,-5.0,Bangalore,,,-999.0,-1.0,USA
5552,Rahul,F,43.0,Bangalore,,2023-10-10,-999.0,3.0,UK
5553,Neha,M,-5.0,Pune,,2024-11-11,-999.0,3.0,UK
5554,Neha,female,200.0,Ahmedabad,2020-08-28,2021-08-17,2785.11,3.0,Canada
,Ravi,male,41.0,Mumbai,2021-11-27,,4505.91,10.0,USA
5556,nan,Male,200.0,Pune,,2025-05-05,-999.0,-1.0,UK
5557,nan,male,200.0,nan,,2023-08-26,1089.27,10.0,USA
,Ravi,male,30.0,Mumbai,,,-999.0,-1.0,Canada
,Amit,Male,58.0,Mumbai,,,-999.0,3.0,nan
C5560,Ravi,female,200.0,nan,,,2042.91,-1.0,India
5561,Rahul,Female,43.0,Mumbai,,,351.9,3.0,UK
5562,nan,female,47.0,Bangalore,2024-12-02,2025-01-04,-999.0,-1.0,India
5563,nan,female,43.0,Bangalore,,,-999.0,3.0,nan
5564,Sneha,female,200.0,Ahmedabad,,,-999.0,10.0,nan
5565,nan,nan,43.0,Bangalore,2023-05-26,,-999.0,-1.0,UK
C5566,Rahul,nan,43.0,Mumbai,,,-999.0,10.0,Canada
5567,nan,M,-5.0,Chennai,,2022-09-10,-999.0,3.0,nan
5568,Priya,nan,43.0,Mumbai,2022-01-03,2023-12-24,-999.0,10.0,India
5569,Amit,nan,200.0,Chennai,2023-08-30,2021-02-10,-999.0,10.0,India
5570,Ravi,male,200.0,Bangalore,2025-09-29,,256.89,2.0,UK
5571,Priya,male,-5.0,Bangalore,,,-999.0,-1.0,Australia
,Sneha,nan,55.0,nan,,,-999.0,5.0,nan
5573,Rahul,F,43.0,Bangalore,,2024-04-22,-999.0,2.0,UK
C5574,Sneha,female,43.0,Mumbai,,,-999.0,10.0,Canada
C5575,Rahul,M,43.0,Mumbai,2020-12-29,,-999.0,3.0,India
C5576,nan,female,43.0,Delhi,2022-06-16,,-999.0,-1.0,USA
5577,Ravi,nan,200.0,Hyderabad,,2023-06-01,2576.89,3.0,Canada
5578,Kiran,male,43.0,Kolkata,,,-999.0,10.0,Australia
5579,nan,Male,43.0,Chennai,2025-03-25,2025-08-16,-999.0,3.0,Australia
5580,nan,male,-5.0,Hyderabad,,,-999.0,10.0,Australia
5581,Ankit,Male,69.0,Pune,,,-999.0,10.0,USA
C5582,nan,Male,200.0,Chennai,2022-05-31,2025-06-22,-999.0,-1.0,Canada
5583,Ravi,Female,-5.0,Hyderabad,2021-09-05,,-999.0,3.0,Australia
5584,Neha,F,-5.0,Mumbai,,,481.55,1.0,Australia
,Kiran,F,-5.0,Delhi,2021-03-05,2023-05-02,1833.38,1.0,Canada
5586,Pooja,Male,-5.0,nan,,,-999.0,1.0,Australia
5587,Pooja,F,31.0,Mumbai,,,-999.0,-1.0,Canada
5588,Amit,M,200.0,Hyderabad,2022-02-18,,-999.0,-1.0,Canada
,Priya,nan,200.0,Pune,,,-999.0,4.0,nan
C5590,Sneha,nan,50.0,Hyderabad,,,-999.0,-1.0,nan
C5591,Kiran,F,43.0,nan,,,-999.0,2.0,nan
5592,Sneha,nan,-5.0,Pune,2024-07-23,,-999.0,10.0,India
5593,Sneha,Female,200.0,Ahmedabad,2025-10-22,2022-12-29,-999.0,5.0,India
5594,Neha,Female,-5.0,Chennai,2022-09-28,,4587.57,-1.0,UK
5595,Sneha,Male,-5.0,Mumbai,,,-999.0,-1.0,UK
C5596,Ravi,nan,69.0,Mumbai,2023-04-05,,-999.0,10.0,UK
5597,nan,F,39.0,Kolkata,2024-04-17,,-999.0,3.0,USA
5598,Sneha,female,61.0,Kolkata,,2025-05-06,-999.0,4.0,India
5599,Rahul,Female,56.0,Chennai,2024-01-09,,2612.22,4.0,Australia
,nan,nan,200.0,Pune,2022-10-24,2023-04-16,-999.0,-1.0,nan
,Ravi,M,-5.0,Delhi,,2024-11-15,-999.0,1.0,India
,Ravi,Female,200.0,Ahmedabad,,,-999.0,3.0,USA
,Priya,nan,43.0,Bangalore,2023-09-22,,3841.51,-1.0,India
C5604,Sneha,Female,43.0,Kolkata,,,2679.95,3.0,India
,Sneha,nan,200.0,Hyderabad,2025-06-15,2025-01-14,-999.0,-1.0,nan
5606,Ankit,Male,-5.0,Chennai,,,-999.0,3.0,India
5607,Priya,F,43.0,Pune,,2021-12-09,2783.26,3.0,India
5608,Kiran,nan,60.0,Pune,2023-12-29,,-999.0,-1.0,nan
5609,Neha,M,200.0,Ahmedabad,2023-05-13,,339.7,-1.0,India
5610,Ankit,M,-5.0,Chennai,,,-999.0,3.0,India
5611,Pooja,M,-5.0,Pune,,2025-07-12,-999.0,3.0,Australia
C5612,Ravi,nan,43.0,Hyderabad,,,-999.0,-1.0,Canada
C5613,Kiran,nan,200.0,Hyderabad,,,-999.0,1.0,nan
5614,Ankit,Male,200.0,Chennai,2025-08-14,,-999.0,3.0,Australia
C5615,Kiran,female,-5.0,Chennai,2024-07-15,,4967.76,-1.0,USA
,Simran,male,42.0,Bangalore,,,-999.0,2.0,UK
C5617,nan,nan,57.0,Bangalore,,,-999.0,3.0,India
5618,Priya,nan,61.0,Mumbai,,,-999.0,5.0,Canada
5619,Sneha,Male,21.0,Chennai,,,-999.0,3.0,Australia
5620,Rahul,M,200.0,Hyderabad,2021-05-13,2022-09-01,-999.0,1.0,Canada
C5621,nan,Male,-5.0,Chennai,2020-12-10,2025-10-08,-999.0,10.0,Australia
C5622,Rahul,male,67.0,Ahmedabad,,,2088.12,-1.0,India
C5623,Kiran,female,200.0,Pune,2025-04-21,,-999.0,2.0,nan
C5624,Rahul,Female,-5.0,Hyderabad,,,144.69,2.0,Canada
,Neha,F,200.0,Delhi,2021-04-26,,-999.0,-1.0,Canada
5626,nan,M,-5.0,Mumbai,2021-03-01,,599.46,10.0,nan
,Ravi,F,43.0,Kolkata,2025-07-20,2021-05-29,-999.0,-1.0,nan
5628,Ravi,M,-5.0,Mumbai,2021-08-06,,-999.0,3.0,Canada
5629,nan,Male,22.0,Kolkata,,2022-12-24,-999.0,-1.0,nan
5630,Ravi,nan,43.0,nan,,,201.89,3.0,India
5631,Simran,Male,200.0,nan,2020-11-18,2021-01-15,-999.0,-1.0,Australia
5632,Ankit,F,-5.0,Mumbai,2021-08-26,,1427.6,-1.0,Australia
C5633,nan,male,-5.0,Pune,,,-999.0,10.0,UK
5634,Sneha,M,200.0,Mumbai,,2020-10-06,2692.05,2.0,Canada
C5635,Simran,M,200.0,Pune,2022-04-23,,-999.0,10.0,nan
5636,Pooja,Female,-5.0,Pune,2023-06-08,,-999.0,5.0,Australia
5637,Rahul,nan,23.0,Hyderabad,,,-999.0,10.0,Australia
5638,Sneha,nan,-5.0,Delhi,,,-999.0,3.0,USA
5639,Amit,female,-5.0,Bangalore,2023-11-14,,-999.0,5.0,UK
C5640,Pooja,F,43.0,Pune,,2026-01-09,-999.0,10.0,India
,Kiran,male,59.0,Kolkata,,,-999.0,10.0,Australia
C5642,Rahul,F,200.0,Bangalore,2025-03-02,,-999.0,3.0,USA
5643,Simran,nan,200.0,Delhi,2022-10-20,2023-05-29,-999.0,-1.0,UK
5644,Sneha,Male,-5.0,Delhi,,,-999.0,10.0,nan
,Neha,Female,43.0,Delhi,2023-07-30,,-999.0,3.0,USA
C5646,Kiran,Female,-5.0,Ahmedabad,2021-01-30,,727.64,-1.0,USA
,Pooja,male,-5.0,Hyderabad,,,-999.0,-1.0,USA
5648,Kiran,female,31.0,Bangalore,2021-01-10,2021-08-27,628.99,10.0,UK
C5649,Ravi,M,-5.0,Bangalore,,,3457.98,5.0,UK
5650,Ankit,M,29.0,Mumbai,2021-12-08,2023-01-26,1806.71,3.0,India
,Rahul,F,43.0,Delhi,,,-999.0,3.0,USA
C5652,Amit,M,43.0,Mumbai,2025-06-21,2022-01-23,-999.0,3.0,UK
5653,Pooja,male,30.0,Kolkata,2024-07-06,,-999.0,10.0,USA
5654,Ravi,nan,200.0,Bangalore,,2023-10-26,-999.0,3.0,India
C5655,Amit,nan,43.0,Ahmedabad,2025-07-06,,-999.0,10.0,Canada
,Ravi,F,27.0,Pune,,,4647.98,3.0,India
5657,Pooja,nan,62.0,nan,2024-08-23,,-999.0,3.0,India
5658,Sneha,male,200.0,Kolkata,2021-09-09,2022-08-06,-999.0,10.0,Canada
5659,Pooja,Female,-5.0,Hyderabad,2024-06-21,,-999.0,3.0,UK
C5660,Pooja,M,-5.0,Kolkata,2025-05-05,,4977.36,-1.0,India
5661,Priya,M,43.0,nan,2021-07-22,,1505.3,10.0,India
,Ravi,F,43.0,Chennai,2022-04-07,,-999.0,3.0,India
5663,nan,Female,200.0,Kolkata,2024-06-22,2024-03-26,1299.42,10.0,USA
5664,Rahul,M,-5.0,Delhi,,,3585.22,3.0,India
5665,Rahul,male,43.0,Kolkata,,,2403.64,10.0,nan
,Ankit,M,59.0,Mumbai,2021-11-20,,-999.0,2.0,Australia
5667,Ankit,Female,43.0,Pune,,,1801.94,-1.0,Canada
C5668,Sneha,male,200.0,Pune,2024-02-24,,-999.0,10.0,Canada
5669,Sneha,male,37.0,Bangalore,,,-999.0,10.0,UK
5670,Pooja,male,43.0,Hyderabad,,2022-05-09,3597.48,10.0,Australia
5671,Simran,nan,40.0,Bangalore,,,-999.0,-1.0,UK
5672,Kiran,Male,-5.0,Pune,,2023-11-06,-999.0,10.0,UK
C5673,nan,F,200.0,Hyderabad,2024-08-18,2025-09-20,-999.0,3.0,Australia
C5674,Neha,F,40.0,Pune,,2025-08-30,1716.24,-1.0,India
C5675,Sneha,female,42.0,Chennai,,,-999.0,10.0,Australia
C5676,Neha,female,-5.0,Ahmedabad,2024-09-18,,-999.0,3.0,India
5677,Sneha,nan,26.0,Delhi,,,-999.0,10.0,nan
,Amit,male,200.0,Pune,2022-03-09,,-999.0,10.0,Australia
5679,Simran,M,67.0,Kolkata,2025-06-09,,-999.0,10.0,USA
,Pooja,M,-5.0,Delhi,2022-09-05,,637.48,-1.0,USA
C5681,Simran,male,43.0,Bangalore,,,1141.01,4.0,Australia
,Amit,F,200.0,Chennai,,,-999.0,10.0,Australia
C5683,nan,F,43.0,Delhi,,,3900.45,3.0,India
5684,Amit,nan,200.0,Chennai,2021-10-30,,-999.0,10.0,Canada
5685,Pooja,nan,51.0,Chennai,,2021-08-14,-999.0,3.0,nan
5686,Amit,Female,43.0,Ahmedabad,,,-999.0,3.0,nan
5687,nan,male,32.0,nan,2023-08-13,,929.51,3.0,Australia
5688,Rahul,Male,39.0,Chennai,2022-12-22,,-999.0,3.0,USA
C5689,Sneha,female,-5.0,Ahmedabad,2023-05-09,,2545.73,4.0,UK
C5690,Ravi,Male,200.0,Delhi,,,-999.0,3.0,UK
,nan,Male,27.0,Chennai,2023-08-03,2021-09-08,-999.0,3.0,UK
5692,Rahul,M,200.0,Kolkata,,,-999.0,-1.0,nan
C5693,nan,F,19.0,Kolkata,,2025-05-09,-999.0,3.0,nan
,Rahul,Male,30.0,Pune,2025-01-09,,-999.0,10.0,UK
5695,Priya,male,43.0,Chennai,,2025-09-13,-999.0,10.0,Canada
5696,nan,nan,200.0,Chennai,,,1901.25,3.0,Canada
5697,nan,Female,26.0,nan,2025-08-17,,4591.58,2.0,USA
,nan,Female,19.0,Mumbai,2023-02-03,,-999.0,-1.0,nan
C5699,Kiran,nan,43.0,Kolkata,,,-999.0,-1.0,Australia
C5700,Sneha,nan,-5.0,Chennai,,2025-01-10,-999.0,3.0,UK
C5701,Amit,nan,40.0,nan,,2023-11-25,3371.95,1.0,nan
5702,Sneha,Male,47.0,Delhi,2022-06-03,2025-08-14,-999.0,10.0,Canada
5703,Ankit,female,200.0,Chennai,2023-04-27,,-999.0,-1.0,Australia
C5704,Rahul,nan,-5.0,Bangalore,,,-999.0,-1.0,UK
5705,Neha,male,200.0,Ahmedabad,,,-999.0,5.0,India
,Neha,nan,43.0,Ahmedabad,2020-10-05,,1474.33,2.0,Australia
5707,Pooja,female,43.0,Delhi,,,-999.0,-1.0,India
5708,nan,F,200.0,nan,2020-10-09,,537.74,3.0,USA
5709,Ravi,Female,-5.0,Pune,2023-05-03,,2167.7,-1.0,UK
C5710,Pooja,female,43.0,Chennai,,2026-01-16,-999.0,3.0,Canada
,Rahul,M,43.0,Hyderabad,,2024-08-13,-999.0,3.0,Canada
C5712,Rahul,nan,43.0,Pune,2023-06-29,,-999.0,3.0,USA
,nan,Female,200.0,Pune,2024-07-06,,-999.0,10.0,USA
5714,Ankit,F,-5.0,nan,2025-08-27,,-999.0,-1.0,USA
5715,Ravi,Female,200.0,Bangalore,2025-01-02,,-999.0,2.0,USA
,Neha,Female,200.0,nan,2024-06-18,,-999.0,-1.0,nan
5717,Rahul,F,43.0,Delhi,2023-06-28,,-999.0,1.0,UK
,Ankit,Male,200.0,Pune,,,4408.21,3.0,Canada
5719,Priya,nan,-5.0,nan,,,1760.42,3.0,India
5720,Kiran,male,200.0,Kolkata,,,-999.0,10.0,UK
C5721,Ankit,nan,43.0,Hyderabad,2023-03-23,,-999.0,3.0,Canada
,nan,female,-5.0,Ahmedabad,,,4524.61,-1.0,USA
,Simran,nan,200.0,Ahmedabad,,,2863.82,10.0,UK
5724,Amit,nan,-5.0,Kolkata,,,785.65,3.0,USA
5725,Sneha,nan,-5.0,Delhi,2022-06-15,,4872.89,3.0,UK
,Rahul,nan,43.0,Mumbai,,,1136.46,-1.0,Canada
,Rahul,F,51.0,nan,,2025-11-16,-999.0,1.0,India
C5728,Kiran,nan,200.0,Delhi,2024-05-30,2023-08-31,987.74,-1.0,UK
,Priya,male,-5.0,Delhi,2025-08-04,2021-03-08,1973.88,10.0,UK
,Amit,male,43.0,Pune,,2025-11-06,-999.0,3.0,USA
5731,Priya,F,43.0,Hyderabad,2024-02-28,,-999.0,-1.0,India
5732,Neha,male,40.0,Chennai,,,2727.76,10.0,nan
5733,Ankit,female,-5.0,Mumbai,2023-11-23,,-999.0,1.0,India
5734,nan,nan,-5.0,Chennai,,,-999.0,-1.0,UK
5735,Neha,Female,-5.0,Mumbai,,2023-04-30,-999.0,-1.0,India
5736,Neha,Female,200.0,Ahmedabad,,,-999.0,1.0,UK
,Priya,F,31.0,Chennai,,2024-01-06,-999.0,3.0,USA
C5738,nan,Female,43.0,Bangalore,,,-999.0,3.0,UK
5739,Ravi,nan,200.0,Ahmedabad,2024-08-23,,-999.0,5.0,India
5740,Neha,Female,43.0,Chennai,,,-999.0,3.0,nan
5741,Rahul,M,-5.0,Ahmedabad,2022-10-01,2021-08-06,3154.45,-1.0,nan
C5742,nan,M,200.0,Kolkata,,2022-05-30,-999.0,3.0,UK
,Rahul,female,-5.0,Hyderabad,2024-09-02,,2564.43,10.0,India
C5744,Ravi,male,43.0,Mumbai,,,-999.0,-1.0,UK
,nan,female,43.0,Hyderabad,2024-11-08,,-999.0,10.0,Australia
C5746,Simran,male,-5.0,Delhi,2020-11-13,,-999.0,10.0,nan
,Sneha,F,43.0,Delhi,,,4136.3,3.0,Canada
5748,Priya,Female,-5.0,Bangalore,,2024-08-18,1106.5,3.0,Canada
,nan,Female,20.0,Kolkata,,2022-04-07,-999.0,3.0,Canada
,Rahul,female,44.0,Pune,2022-06-28,,4011.25,10.0,USA
5751,Priya,nan,-5.0,Kolkata,,2025-12-04,-999.0,10.0,India
5752,nan,F,-5.0,Hyderabad,,,-999.0,-1.0,Canada
5753,Amit,Female,43.0,nan,,,-999.0,10.0,India
5754,Rahul,Female,200.0,Delhi,2020-11-09,,2327.79,10.0,nan
5755,nan,male,43.0,Mumbai,2024-05-10,2023-02-06,1350.43,10.0,UK
,Pooja,M,200.0,Kolkata,,2021-04-03,2946.87,10.0,Australia
C5757,Sneha,F,-5.0,Hyderabad,2023-06-03,,-999.0,-1.0,India
C5758,Sneha,nan,-5.0,Chennai,2022-04-17,2024-10-27,-999.0,10.0,Australia
,Kiran,Female,43.0,Hyderabad,,2021-06-03,3950.0,4.0,India
C5760,Amit,F,200.0,Ahmedabad,,,-999.0,3.0,UK
5761,Pooja,Male,43.0,Bangalore,2021-06-14,2024-10-13,-999.0,3.0,UK
5762,Kiran,F,200.0,Ahmedabad,,2023-07-29,-999.0,3.0,Canada
C5763,Priya,nan,-5.0,Pune,2025-01-19,,-999.0,5.0,Canada
C5764,Neha,male,-5.0,Chennai,,2024-11-02,-999.0,3.0,USA
,Pooja,nan,200.0,Ahmedabad,2022-06-11,,936.53,-1.0,Australia
C5766,Kiran,nan,29.0,Ahmedabad,2023-11-05,2021-09-07,1347.79,3.0,Canada
,Rahul,F,43.0,Chennai,,2022-07-11,-999.0,10.0,nan
C5768,Simran,Male,43.0,Bangalore,,2024-03-26,-999.0,10.0,nan
5769,Sneha,male,54.0,Chennai,,,-999.0,-1.0,UK
5770,Priya,M,43.0,Bangalore,,,-999.0,5.0,Canada
,Pooja,F,43.0,Ahmedabad,2023-07-24,2024-09-05,-999.0,10.0,USA
,Rahul,M,-5.0,Bangalore,2025-10-08,,-999.0,3.0,USA
5773,Simran,male,200.0,nan,2025-10-03,,3725.26,-1.0,nan
,Sneha,nan,200.0,Delhi,,,1650.04,10.0,USA
5775,Neha,F,-5.0,Bangalore,,,-999.0,10.0,Canada
,Simran,female,-5.0,Delhi,,2024-10-22,-999.0,3.0,India
5777,Pooja,female,51.0,Chennai,2024-01-14,2022-09-13,3719.95,10.0,USA
C5778,nan,Male,43.0,Bangalore,,2024-06-16,-999.0,3.0,UK
5779,Kiran,nan,43.0,Bangalore,2023-07-01,2021-05-20,-999.0,10.0,Australia
,Ankit,nan,67.0,Kolkata,,2020-08-06,4132.7,-1.0,UK
5781,Kiran,nan,43.0,Pune,2021-02-24,2021-12-13,-999.0,3.0,Australia
,Simran,nan,58.0,Kolkata,2022-11-03,,-999.0,10.0,nan
,Amit,nan,-5.0,Delhi,,2021-10-02,-999.0,3.0,USA
5784,Ravi,nan,59.0,Pune,,2025-08-25,-999.0,3.0,Australia
,Amit,female,-5.0,Hyderabad,2022-02-15,,253.59,10.0,USA
,Neha,female,-5.0,Bangalore,,,-999.0,3.0,Canada
C5787,Rahul,male,-5.0,nan,,,-999.0,3.0,Canada
,Sneha,M,43.0,Mumbai,2020-12-23,,497.01,1.0,Australia
,Kiran,nan,200.0,nan,2021-11-25,,-999.0,3.0,USA
,Rahul,Male,200.0,Pune,,,4522.3,10.0,Australia
C5791,Kiran,nan,-5.0,Bangalore,,,-999.0,-1.0,Australia
,Amit,M,43.0,Mumbai,,,-999.0,10.0,nan
,Neha,nan,200.0,Delhi,2024-09-15,,-999.0,1.0,Canada
5794,Ankit,Female,-5.0,Mumbai,2020-11-16,2023-06-25,-999.0,3.0,USA
5795,nan,male,200.0,Kolkata,2025-01-28,,-999.0,1.0,Canada
5796,Neha,nan,43.0,Hyderabad,,2022-01-22,-999.0,10.0,UK
C5797,Rahul,Male,56.0,Chennai,2025-04-02,,4520.83,3.0,nan
C5798,Kiran,Female,24.0,Mumbai,,,-999.0,10.0,USA
5799,Sneha,nan,-5.0,nan,2022-04-08,2024-04-03,-999.0,2.0,UK
,Pooja,Female,200.0,Ahmedabad,2025-02-19,2022-04-02,-999.0,3.0,Canada
5801,Kiran,female,23.0,Bangalore,,,123.82,-1.0,USA
5802,nan,Male,200.0,Bangalore,,2022-04-01,2320.53,-1.0,nan
5803,Kiran,Female,200.0,nan,,,-999.0,10.0,UK
5804,Simran,male,-5.0,nan,,,251.5,-1.0,Australia
,Neha,female,38.0,Mumbai,2020-11-04,2024-04-19,-999.0,5.0,USA
5806,Pooja,F,200.0,nan,,2022-09-21,2662.09,4.0,UK
C5807,nan,F,-5.0,Chennai,,2022-09-29,4399.82,3.0,Australia
,Sneha,nan,43.0,Hyderabad,2023-07-24,,-999.0,10.0,India
C5809,Rahul,F,43.0,Pune,2023-07-30,,-999.0,3.0,nan
5810,Ravi,Female,-5.0,Chennai,,,-999.0,-1.0,USA
5811,nan,male,200.0,Delhi,2022-09-01,,3815.89,10.0,nan
5812,Ankit,Male,200.0,nan,2020-11-06,2022-04-21,3487.72,-1.0,Canada
,Priya,male,43.0,nan,,,1032.73,3.0,Canada
5814,Rahul,Female,55.0,nan,2020-10-21,,-999.0,4.0,UK
,Kiran,female,-5.0,Pune,,,4809.71,-1.0,nan
,Kiran,nan,-5.0,Pune,,,-999.0,10.0,Australia
5817,Kiran,nan,200.0,Mumbai,2023-06-25,2025-08-23,-999.0,2.0,USA
5818,Sneha,Male,23.0,Kolkata,2022-12-18,,-999.0,1.0,USA
5819,Ravi,Male,43.0,Delhi,2026-01-01,,-999.0,-1.0,UK
,Pooja,nan,43.0,Ahmedabad,2021-08-01,,-999.0,10.0,India
5821,Ankit,M,200.0,Bangalore,,,-999.0,10.0,India
C5822,Sneha,Female,43.0,Hyderabad,2024-12-20,2022-08-17,-999.0,10.0,UK
5823,Ravi,M,-5.0,Mumbai,,,-999.0,-1.0,Canada
5824,Ravi,female,33.0,Mumbai,,,1038.62,-1.0,Australia
,Pooja,nan,54.0,Mumbai,,,938.39,3.0,India
,nan,F,200.0,Pune,2023-06-17,,-999.0,-1.0,India
C5827,nan,nan,-5.0,nan,2024-08-19,2022-05-03,-999.0,1.0,nan
,Ravi,nan,-5.0,Pune,2025-06-13,,3007.86,10.0,nan
5829,Sneha,M,47.0,Mumbai,2025-01-20,2025-11-08,-999.0,-1.0,nan
C5830,nan,Male,43.0,Delhi,2025-01-06,2024-06-07,-999.0,1.0,UK
,Ravi,Male,200.0,nan,2025-02-17,2023-10-22,1985.84,10.0,nan
C5832,Simran,Male,-5.0,Kolkata,2026-01-24,2024-11-06,-999.0,-1.0,USA
5833,nan,female,46.0,Kolkata,2025-05-08,,2243.9,10.0,UK
5834,nan,Male,43.0,Pune,,,-999.0,3.0,USA
C5835,nan,male,-5.0,Mumbai,2022-11-11,2021-10-13,-999.0,-1.0,UK
5836,Pooja,female,19.0,Bangalore,2025-03-31,2023-05-17,-999.0,3.0,Canada
5837,Ravi,male,65.0,Mumbai,2023-07-18,,-999.0,-1.0,USA
,nan,Male,43.0,Kolkata,,,1088.96,5.0,India
C5839,Rahul,female,200.0,Chennai,,,-999.0,10.0,USA
5840,Priya,Female,43.0,nan,2025-06-20,,-999.0,-1.0,India
5841,Simran,nan,47.0,nan,2021-03-06,,-999.0,3.0,Australia
C5842,Priya,F,-5.0,Ahmedabad,2024-01-29,,486.18,-1.0,nan
C5843,Kiran,nan,43.0,Pune,2024-10-11,,-999.0,2.0,Australia
5844,Simran,F,-5.0,Hyderabad,,2024-07-15,4402.91,4.0,Australia
C5845,Simran,F,200.0,Ahmedabad,,,-999.0,1.0,Canada
5846,Priya,F,200.0,Pune,,,-999.0,10.0,India
,Rahul,nan,200.0,nan,,,-999.0,-1.0,Australia
,Amit,female,-5.0,Chennai,2024-01-17,,-999.0,2.0,India
5849,Kiran,F,43.0,Bangalore,,2025-09-03,-999.0,10.0,nan
,Priya,male,-5.0,Hyderabad,2023-07-05,2025-05-26,-999.0,-1.0,Australia
5851,Priya,nan,200.0,Kolkata,,2020-11-10,-999.0,-1.0,nan
,nan,nan,43.0,Chennai,2024-10-24,,-999.0,-1.0,Canada
,Kiran,nan,200.0,nan,2021-03-23,,1796.26,3.0,Australia
5854,Simran,Male,43.0,Hyderabad,,,-999.0,2.0,USA
5855,Rahul,F,45.0,Pune,,2022-06-07,15.35,2.0,UK
C5856,Amit,male,-5.0,Ahmedabad,2024-05-12,2023-11-25,-999.0,-1.0,UK
5857,Neha,male,-5.0,Delhi,2025-12-16,2022-06-23,-999.0,10.0,nan
C5858,Pooja,M,-5.0,Mumbai,2021-10-30,,-999.0,10.0,Canada
5859,Sneha,Female,31.0,Delhi,2025-12-12,2025-04-25,-999.0,3.0,UK
,nan,nan,-5.0,Pune,,,-999.0,3.0,Australia
5861,Kiran,female,32.0,Hyderabad,,,-999.0,10.0,India
,Rahul,female,43.0,Delhi,,,-999.0,10.0,Canada
,Amit,Female,-5.0,Kolkata,2025-06-03,2025-04-04,1604.35,3.0,India
5864,Amit,nan,31.0,Bangalore,,,3478.24,-1.0,UK
5865,Amit,male,43.0,Bangalore,,,2400.16,10.0,India
5866,Kiran,female,200.0,Pune,2026-01-06,2025-12-06,4771.84,1.0,UK
5867,Rahul,male,-5.0,Kolkata,2021-10-10,,-999.0,-1.0,USA
5868,Ankit,M,-5.0,Hyderabad,2024-08-13,,-999.0,10.0,UK
,Sneha,nan,43.0,Ahmedabad,2025-02-02,,4345.62,-1.0,Australia
C5870,Ankit,F,38.0,Chennai,,,3354.92,10.0,USA
,nan,nan,200.0,nan,2024-09-22,,-999.0,10.0,Australia
C5872,Kiran,M,-5.0,Kolkata,2021-08-15,2021-03-04,-999.0,3.0,Australia
,Neha,male,-5.0,nan,2025-06-07,,-999.0,-1.0,Australia
5874,Priya,Female,200.0,Kolkata,,2020-12-19,-999.0,3.0,India
,Simran,Male,26.0,Bangalore,,2022-02-08,2355.66,-1.0,Australia
,nan,female,43.0,Hyderabad,,,2145.28,-1.0,India
,Ankit,Male,43.0,Mumbai,,2021-05-05,3996.01,10.0,Canada
5878,nan,F,53.0,Mumbai,,2025-04-25,-999.0,-1.0,Australia
5879,Ravi,M,69.0,nan,,2020-10-26,-999.0,3.0,UK
5880,nan,M,-5.0,Pune,,,4003.23,4.0,UK
,Ankit,male,43.0,Chennai,2022-07-27,2024-06-05,3823.69,5.0,India
C5882,Priya,Male,-5.0,Bangalore,,,-999.0,10.0,UK
5883,Amit,F,-5.0,nan,,,-999.0,3.0,UK
5884,Simran,F,43.0,Mumbai,,,4822.87,-1.0,USA
5885,Pooja,nan,-5.0,Pune,,,-999.0,4.0,Canada
,Ankit,M,200.0,Bangalore,,2024-02-14,-999.0,-1.0,India
5887,Amit,nan,-5.0,nan,2020-11-29,,-999.0,10.0,Canada
5888,Rahul,male,43.0,Chennai,,,-999.0,3.0,nan
5889,Neha,nan,43.0,Chennai,,,-999.0,3.0,India
C5890,Pooja,M,43.0,Bangalore,2024-07-09,2024-07-29,-999.0,10.0,Canada
5891,Amit,female,-5.0,Kolkata,,,-999.0,3.0,UK
C5892,Ankit,nan,37.0,Ahmedabad,2020-12-28,2024-08-05,-999.0,3.0,nan
,Sneha,female,200.0,Mumbai,2024-10-08,2022-06-14,-999.0,3.0,Canada
5894,Priya,Male,43.0,Mumbai,2020-09-24,,-999.0,10.0,nan
C5895,Rahul,nan,48.0,Kolkata,2026-01-14,,-999.0,3.0,nan
5896,nan,female,43.0,Delhi,,,-999.0,3.0,Canada
C5897,nan,nan,43.0,Chennai,,,4394.1,3.0,nan
,Sneha,nan,43.0,Delhi,,2024-07-24,-999.0,3.0,India
,nan,Female,43.0,Bangalore,2025-09-14,,-999.0,-1.0,UK
,Sneha,male,200.0,Chennai,2024-08-15,,-999.0,3.0,Canada
5901,Rahul,M,43.0,Kolkata,2024-07-17,,3210.25,3.0,Australia
C5902,Ankit,Male,200.0,nan,2022-05-17,,-999.0,3.0,UK
5903,Priya,female,43.0,Pune,2021-05-30,2022-07-05,-999.0,3.0,India
,nan,nan,-5.0,Chennai,,,3881.14,3.0,Canada
5905,Amit,nan,200.0,Mumbai,,,-999.0,3.0,Australia
,Sneha,Female,43.0,Pune,2021-10-22,,3813.48,10.0,nan
,Sneha,female,43.0,Delhi,2020-12-27,,-999.0,3.0,USA
5908,Simran,nan,43.0,Chennai,,2024-07-18,-999.0,-1.0,Australia
C5909,Kiran,male,200.0,Chennai,,,-999.0,-1.0,Canada
5910,Priya,F,200.0,Ahmedabad,2025-09-25,,1687.07,3.0,Australia
C5911,Rahul,M,61.0,Kolkata,,2025-11-29,-999.0,10.0,nan
5912,Sneha,male,200.0,Pune,,2022-08-27,-999.0,3.0,Canada
C5913,Ravi,Male,-5.0,Chennai,,,-999.0,3.0,Australia
5914,nan,male,-5.0,Kolkata,,,-999.0,-1.0,USA
5915,Ankit,F,-5.0,Ahmedabad,2023-10-26,2024-03-29,2048.26,3.0,UK
5916,nan,male,22.0,Pune,,2021-04-26,-999.0,-1.0,nan
5917,Rahul,female,49.0,Delhi,2025-03-31,2020-08-06,3817.56,-1.0,Canada
C5918,Neha,nan,32.0,Pune,,2024-04-24,-999.0,10.0,Canada
,Sneha,nan,200.0,Chennai,2022-08-11,2023-10-27,3667.52,3.0,nan
5920,Rahul,male,200.0,Chennai,,,-999.0,2.0,Canada
5921,nan,male,-5.0,Mumbai,,2024-12-14,-999.0,10.0,Canada
,Pooja,Female,-5.0,Delhi,,,590.21,-1.0,USA
C5923,Neha,male,43.0,Delhi,,2025-10-19,-999.0,10.0,Australia
C5924,nan,Male,58.0,Bangalore,,,-999.0,1.0,USA
,Ankit,female,18.0,Pune,2024-12-10,2023-09-29,-999.0,-1.0,nan
5926,Simran,nan,23.0,Delhi,2022-11-11,,1969.1,4.0,USA
5927,Ankit,male,43.0,Chennai,2022-06-16,,-999.0,4.0,Australia
C5928,Sneha,nan,-5.0,Delhi,2025-11-28,,-999.0,4.0,UK
5929,Amit,Male,43.0,nan,,2025-01-23,-999.0,5.0,India
,Pooja,Male,200.0,Kolkata,,,-999.0,-1.0,Canada
,Neha,nan,36.0,Kolkata,,,-999.0,10.0,nan
,Neha,nan,43.0,Bangalore,,,-999.0,5.0,nan
,Amit,F,200.0,Bangalore,,,2065.6,3.0,USA
C5934,nan,F,43.0,Ahmedabad,,,-999.0,5.0,Australia
,Priya,F,-5.0,Chennai,,,-999.0,10.0,USA
,Amit,male,44.0,Delhi,2024-06-21,,-999.0,2.0,USA
,Rahul,female,62.0,nan,2020-11-01,,-999.0,10.0,UK
,nan,male,43.0,Ahmedabad,2024-03-21,,901.36,10.0,nan
,Ravi,F,36.0,Pune,,,-999.0,-1.0,Australia
,Neha,F,-5.0,Delhi,,,-999.0,10.0,nan
5941,Amit,Female,-5.0,Delhi,2025-04-26,,38.39,10.0,India
5942,nan,M,43.0,Chennai,2024-04-13,2025-01-22,-999.0,1.0,Australia
,nan,nan,-5.0,Delhi,2026-01-23,2025-09-17,2233.54,1.0,India
,Rahul,female,43.0,Hyderabad,,2025-12-05,-999.0,5.0,nan
5945,Ravi,female,200.0,Bangalore,,,1084.57,3.0,Canada
C5946,Ankit,female,52.0,Hyderabad,2025-10-05,2025-02-04,-999.0,3.0,UK
5947,nan,Female,43.0,Delhi,,,-999.0,10.0,India
5948,Pooja,nan,43.0,Hyderabad,2024-04-30,2024-01-08,-999.0,3.0,nan
5949,Priya,Male,43.0,Ahmedabad,2022-11-06,,226.75,3.0,USA
C5950,Sneha,Female,63.0,Kolkata,,2023-07-09,-999.0,10.0,USA
,Priya,nan,200.0,Pune,,2025-03-22,-999.0,-1.0,UK
5952,Simran,male,32.0,Delhi,,2025-06-26,4831.16,10.0,India
,Amit,F,34.0,Chennai,2024-05-01,2022-01-16,-999.0,-1.0,UK
C5954,Ravi,Female,-5.0,Pune,2024-08-18,,-999.0,3.0,nan
C5955,Neha,Female,43.0,Ahmedabad,2024-07-31,,3707.47,1.0,UK
5956,nan,female,-5.0,Pune,2024-07-11,2024-02-21,992.37,-1.0,Australia
C5957,nan,Male,49.0,Chennai,,,-999.0,4.0,Australia
C5958,nan,M,200.0,Ahmedabad,,2021-07-27,-999.0,3.0,Canada
5959,Sneha,male,-5.0,Mumbai,2022-11-22,2023-02-04,1218.25,4.0,USA
5960,Kiran,Female,40.0,Delhi,,,-999.0,10.0,Canada
5961,Priya,F,24.0,Bangalore,,,-999.0,-1.0,India
5962,Kiran,Male,-5.0,Kolkata,,2025-01-02,-999.0,3.0,nan
C5963,Priya,Male,52.0,nan,2025-07-15,2022-01-19,-999.0,3.0,UK
,Sneha,M,200.0,Kolkata,,,-999.0,-1.0,Australia
5965,Kiran,M,200.0,Kolkata,,2021-05-06,-999.0,3.0,Australia
C5966,Neha,female,43.0,Mumbai,,2021-04-25,1153.7,-1.0,USA
5967,Pooja,nan,65.0,Chennai,,,4971.39,-1.0,Canada
5968,Amit,nan,-5.0,nan,2021-12-20,,-999.0,1.0,Australia
5969,Amit,nan,43.0,Chennai,2021-05-21,,-999.0,1.0,Australia
,Amit,Female,67.0,Kolkata,2023-01-31,2024-09-02,-999.0,5.0,Australia
C5971,nan,F,-5.0,Bangalore,,,364.95,3.0,Australia
C5972,nan,Female,43.0,Kolkata,,,-999.0,3.0,India
5973,Kiran,Male,200.0,Hyderabad,2025-08-02,2025-03-31,-999.0,3.0,UK
5974,Ravi,M,43.0,Pune,2024-02-29,,-999.0,10.0,India
,Rahul,Female,43.0,Ahmedabad,,,-999.0,3.0,Canada
5976,Neha,nan,-5.0,Hyderabad,,2025-11-28,-999.0,10.0,nan
C5977,Simran,Male,-5.0,Chennai,,2022-02-07,-999.0,10.0,UK
5978,Pooja,nan,-5.0,Kolkata,2024-11-20,,-999.0,10.0,Canada
5979,Ravi,M,-5.0,Kolkata,,,-999.0,4.0,India
C5980,Ravi,female,33.0,Ahmedabad,2023-07-08,,-999.0,-1.0,USA
C5981,Amit,F,-5.0,Kolkata,,,-999.0,3.0,USA
,Simran,Female,-5.0,Mumbai,2024-08-12,,-999.0,-1.0,India
,Ankit,female,-5.0,Ahmedabad,2023-12-28,,-999.0,-1.0,USA
C5984,Simran,Female,65.0,Ahmedabad,2021-12-21,,-999.0,3.0,India
C5985,Sneha,female,35.0,Ahmedabad,,2024-04-13,1327.95,10.0,nan
C5986,Ravi,M,-5.0,Mumbai,,,-999.0,-1.0,India
5987,Pooja,female,-5.0,Kolkata,2023-01-20,2023-05-10,-999.0,3.0,Australia
5988,Sneha,F,-5.0,Delhi,2025-12-21,,-999.0,5.0,UK
5989,nan,F,200.0,Bangalore,,,-999.0,-1.0,India
C5990,Amit,Female,32.0,Kolkata,,,-999.0,10.0,UK
,Neha,Female,200.0,Kolkata,2021-07-26,2024-07-08,4647.7,10.0,India
C5992,Ankit,Female,200.0,Pune,,,-999.0,3.0,Australia
5993,Simran,nan,40.0,Hyderabad,,,-999.0,3.0,India
5994,nan,M,43.0,Mumbai,2024-05-19,,1649.36,3.0,USA
,Rahul,female,43.0,nan,2022-07-31,,-999.0,-1.0,Canada
,Ankit,male,200.0,Bangalore,2024-03-15,,2670.78,-1.0,India
5997,Ankit,male,43.0,Hyderabad,2023-09-23,2022-09-15,1444.79,2.0,USA
C5998,Sneha,nan,38.0,Ahmedabad,2022-08-10,,-999.0,-1.0,nan
C5999,Sneha,F,56.0,Hyderabad,2021-06-22,,-999.0,10.0,USA
6000,Rahul,F,200.0,Kolkata,2022-11-29,,-999.0,10.0,Australia
,nan,female,43.0,Ahmedabad,2021-12-12,2024-12-29,-999.0,-1.0,UK
,Neha,Female,200.0,Bangalore,2023-10-23,2021-02-28,-999.0,10.0,Canada
6003,Neha,nan,69.0,nan,2023-05-14,,-999.0,-1.0,Australia
6004,Amit,female,43.0,Kolkata,,,-999.0,5.0,Canada
,Ravi,M,59.0,Kolkata,2023-05-27,,962.09,-1.0,UK
C6006,Sneha,female,200.0,Hyderabad,,,-999.0,3.0,Canada
C6007,Pooja,F,-5.0,Kolkata,2021-10-08,,-999.0,10.0,India
C6008,Pooja,Male,200.0,nan,2025-10-03,,-999.0,3.0,India
6009,nan,F,21.0,nan,2022-01-13,,-999.0,-1.0,Australia
C6010,Rahul,Female,43.0,Kolkata,2023-08-02,,-999.0,10.0,Australia
6011,nan,Female,33.0,Chennai,,,-999.0,-1.0,UK
C6012,Sneha,Male,54.0,Delhi,,,2265.67,10.0,India
6013,Ravi,F,61.0,nan,,2025-02-19,-999.0,3.0,nan
C6014,Rahul,Female,43.0,Mumbai,2021-11-06,,-999.0,-1.0,nan
C6015,Sneha,nan,57.0,Ahmedabad,,,-999.0,5.0,Australia
C6016,Kiran,male,200.0,Mumbai,2025-07-17,,-999.0,3.0,Australia
6017,Kiran,nan,40.0,Hyderabad,2023-12-03,2025-12-14,-999.0,-1.0,USA
6018,Ravi,F,43.0,Kolkata,,,4248.69,-1.0,Canada
,Simran,Male,28.0,Chennai,2025-06-08,,-999.0,5.0,nan
6020,Amit,nan,200.0,Mumbai,,,-999.0,10.0,USA
C6021,Sneha,nan,-5.0,Chennai,2024-05-03,2021-05-26,-999.0,10.0,Australia
,nan,nan,-5.0,Pune,2023-06-28,2025-03-27,2884.96,3.0,USA
6023,Rahul,M,43.0,Pune,,,-999.0,10.0,Canada
C6024,Priya,M,-5.0,nan,,,-999.0,3.0,USA
C6025,Ankit,nan,-5.0,nan,,,-999.0,-1.0,Australia
C6026,Simran,Male,200.0,Ahmedabad,,,-999.0,3.0,USA
6027,Kiran,nan,43.0,Kolkata,,,-999.0,10.0,India
,nan,M,-5.0,Hyderabad,2025-04-12,2024-03-21,-999.0,3.0,nan
6029,Neha,F,200.0,Pune,2024-02-15,,-999.0,10.0,India
6030,Kiran,Male,66.0,Pune,2022-09-10,,-999.0,10.0,India
C6031,Pooja,female,-5.0,Delhi,2021-04-12,2023-11-04,-999.0,3.0,nan
6032,Priya,nan,200.0,Mumbai,2021-03-05,,-999.0,5.0,Canada
,nan,Female,43.0,Ahmedabad,,,-999.0,10.0,USA
6034,Pooja,nan,-5.0,Mumbai,,,-999.0,-1.0,nan
6035,Ankit,nan,-5.0,Ahmedabad,2023-01-15,,-999.0,-1.0,India
6036,Simran,Male,62.0,Delhi,,,-999.0,3.0,India
6037,Neha,nan,-5.0,Chennai,,,-999.0,10.0,USA
,Pooja,Male,-5.0,Bangalore,2023-12-21,,-999.0,10.0,USA
,nan,nan,200.0,nan,2022-09-17,2020-12-23,-999.0,1.0,USA
6040,Rahul,M,-5.0,Pune,,2024-01-02,-999.0,-1.0,Australia
,Priya,F,26.0,Chennai,2023-04-10,,-999.0,3.0,USA
C6042,nan,nan,43.0,nan,,,-999.0,4.0,India
6043,nan,nan,-5.0,Mumbai,,2021-10-20,-999.0,3.0,nan
,nan,M,-5.0,Mumbai,,,-999.0,-1.0,Canada
6045,Rahul,Female,-5.0,Chennai,2024-10-31,,3902.19,3.0,USA
6046,Priya,female,200.0,Pune,,,4874.57,3.0,UK
C6047,Ravi,nan,-5.0,nan,,,-999.0,10.0,Australia
6048,Kiran,F,18.0,Mumbai,,2024-03-17,-999.0,10.0,USA
6049,nan,female,200.0,Mumbai,,2022-01-14,3369.5,3.0,Australia
6050,Rahul,nan,200.0,Bangalore,,,2172.94,1.0,Australia
C6051,Rahul,female,-5.0,Mumbai,,,-999.0,3.0,India
,Kiran,Male,200.0,Hyderabad,,,-999.0,10.0,UK
6053,Kiran,nan,43.0,Ahmedabad,,,-999.0,3.0,Australia
6054,Ankit,F,-5.0,Kolkata,2022-03-10,,-999.0,-1.0,USA
,Rahul,nan,-5.0,Hyderabad,2020-09-01,2025-10-11,3881.44,-1.0,UK
6056,Simran,nan,64.0,Mumbai,,,3318.59,-1.0,India
6057,Priya,nan,-5.0,Bangalore,2022-08-07,,-999.0,-1.0,USA
6058,nan,male,-5.0,Chennai,,2025-02-01,2579.4,2.0,UK
6059,Neha,female,200.0,Bangalore,2021-04-24,,-999.0,-1.0,India
6060,nan,male,200.0,Hyderabad,,2021-04-22,-999.0,10.0,India
,Kiran,male,200.0,nan,,,2051.47,4.0,Australia
,Rahul,F,43.0,nan,2023-05-14,,-999.0,5.0,Canada
C6063,Neha,nan,44.0,nan,,,-999.0,-1.0,Australia
C6064,Ankit,nan,43.0,Bangalore,2021-05-29,2020-10-17,-999.0,-1.0,USA
C6065,nan,nan,32.0,nan,,,-999.0,2.0,USA
,nan,nan,-5.0,Mumbai,,,-999.0,-1.0,India
C6067,Amit,Male,-5.0,Mumbai,,2021-03-12,3657.29,10.0,Australia
6068,Ravi,female,37.0,Bangalore,2025-08-30,,-999.0,10.0,UK
C6069,Kiran,Female,200.0,Kolkata,2022-05-31,2023-03-15,-999.0,1.0,nan
,nan,Male,-5.0,Ahmedabad,2022-10-06,,-999.0,1.0,nan
C6071,Ravi,Female,-5.0,Chennai,2025-10-07,,-999.0,3.0,UK
6072,Ravi,Male,43.0,Kolkata,2021-07-08,2023-07-27,3428.61,-1.0,USA
6073,Priya,nan,-5.0,Bangalore,2025-12-12,2022-03-03,-999.0,-1.0,India
,nan,male,43.0,Delhi,,2021-01-06,-999.0,-1.0,USA
6075,Pooja,Male,25.0,Hyderabad,,,-999.0,3.0,nan
6076,Ankit,M,200.0,Bangalore,2021-02-07,2025-11-28,2309.38,3.0,USA
C6077,Neha,Male,200.0,Hyderabad,,2025-07-27,-999.0,-1.0,nan
6078,Ravi,nan,68.0,nan,2020-08-26,,-999.0,3.0,USA
6079,Amit,Female,-5.0,Mumbai,2023-04-23,,4039.08,-1.0,USA
6080,nan,nan,200.0,Hyderabad,2024-04-25,2023-12-30,-999.0,-1.0,UK
C6081,Kiran,Male,43.0,nan,,,-999.0,3.0,UK
C6082,Rahul,M,200.0,Mumbai,,,-999.0,5.0,nan
C6083,Neha,F,43.0,Chennai,2022-09-12,,-999.0,10.0,nan
,Simran,male,43.0,nan,2025-09-30,,-999.0,2.0,UK
C6085,Kiran,nan,-5.0,Bangalore,,,2486.22,5.0,Canada
6086,Priya,Male,46.0,Ahmedabad,2022-01-02,2022-06-09,-999.0,3.0,India
6087,Amit,nan,200.0,Delhi,2021-07-09,2022-02-04,-999.0,3.0,UK
6088,Amit,F,200.0,nan,2023-05-09,2024-02-09,-999.0,3.0,India
6089,Rahul,Male,43.0,Mumbai,,,-999.0,3.0,nan
,Priya,Female,-5.0,Mumbai,,,-999.0,10.0,USA
6091,Rahul,F,200.0,Bangalore,,,-999.0,10.0,Canada
C6092,Rahul,M,200.0,Chennai,2024-03-21,,614.97,-1.0,nan
C6093,Simran,nan,-5.0,Delhi,2022-04-20,,-999.0,1.0,Canada
C6094,Priya,M,-5.0,Ahmedabad,2022-08-07,,4830.16,10.0,India
,Ankit,nan,200.0,Bangalore,,,-999.0,1.0,nan
6096,Neha,nan,43.0,Hyderabad,,,-999.0,3.0,nan
6097,nan,M,200.0,Ahmedabad,,,-999.0,3.0,Australia
,Rahul,M,-5.0,Delhi,,,-999.0,-1.0,UK
C6099,Kiran,male,43.0,Hyderabad,2022-12-05,2022-06-26,-999.0,-1.0,Australia
6100,Simran,male,200.0,Bangalore,2023-04-07,2024-03-14,-999.0,3.0,USA
C6101,Ankit,female,-5.0,Delhi,,,-999.0,3.0,UK
6102,Ravi,male,43.0,Hyderabad,2020-10-02,,-999.0,10.0,UK
6103,Simran,Female,-5.0,Bangalore,2022-05-30,,-999.0,5.0,Canada
,Pooja,nan,200.0,Delhi,2021-10-20,,-999.0,3.0,USA
6105,Ravi,Female,43.0,Mumbai,,,-999.0,5.0,nan
6106,Neha,M,-5.0,Pune,2022-08-18,2020-11-21,-999.0,4.0,nan
C6107,Kiran,female,43.0,Mumbai,,2021-04-27,-999.0,4.0,India
6108,Kiran,nan,43.0,nan,2023-08-02,2021-08-13,-999.0,10.0,Canada
6109,Pooja,F,200.0,Hyderabad,2024-07-30,,-999.0,-1.0,India
6110,Ankit,male,36.0,Hyderabad,,,1052.24,3.0,Canada
6111,nan,nan,43.0,nan,2021-08-30,2020-10-10,-999.0,3.0,Australia
C6112,Ankit,M,200.0,Kolkata,,,1582.27,3.0,USA
,Kiran,F,-5.0,nan,2022-02-19,,-999.0,-1.0,UK
6114,Priya,F,200.0,Kolkata,2021-07-22,,-999.0,-1.0,Australia
6115,nan,Female,60.0,nan,2022-02-26,,-999.0,5.0,Canada
C6116,Pooja,F,49.0,Mumbai,2025-05-17,2023-10-19,-999.0,5.0,India
6117,Simran,Male,-5.0,nan,,2025-02-04,4535.38,10.0,nan
6118,Amit,nan,19.0,Hyderabad,,,-999.0,3.0,Canada
C6119,Rahul,F,43.0,Mumbai,2022-10-03,,-999.0,3.0,UK
6120,Simran,male,200.0,nan,2021-05-15,,-999.0,4.0,India
C6121,Sneha,M,70.0,Delhi,,,2554.95,-1.0,Australia
6122,Rahul,Male,43.0,Ahmedabad,2025-04-06,,1975.21,-1.0,Australia
6123,Sneha,female,43.0,nan,2023-10-23,,-999.0,10.0,UK
6124,Ankit,Female,-5.0,Kolkata,,2025-12-25,-999.0,10.0,nan
6125,nan,nan,43.0,Hyderabad,,,-999.0,-1.0,USA
6126,Rahul,nan,-5.0,nan,,,-999.0,3.0,USA
C6127,Priya,nan,200.0,Bangalore,,2022-05-11,-999.0,3.0,India
C6128,nan,nan,43.0,Kolkata,,,-999.0,3.0,UK
6129,Sneha,female,200.0,Mumbai,,,-999.0,10.0,UK
C6130,Neha,female,37.0,Bangalore,,,-999.0,10.0,UK
6131,Amit,nan,-5.0,Pune,2025-07-30,2022-05-01,3325.28,3.0,India
6132,Sneha,nan,200.0,Chennai,2025-11-06,2021-08-07,2000.94,3.0,Canada
,Amit,Female,200.0,Bangalore,2021-01-14,,-999.0,3.0,Australia
,Ravi,female,200.0,Mumbai,2025-05-07,,-999.0,3.0,Canada
C6135,Neha,M,-5.0,Kolkata,2025-01-20,,-999.0,3.0,UK
6136,Sneha,nan,200.0,Ahmedabad,2022-03-18,,2817.61,3.0,India
C6137,Ravi,female,43.0,Delhi,2023-09-29,,-999.0,-1.0,nan
C6138,nan,male,200.0,Ahmedabad,2022-10-10,,-999.0,3.0,USA
6139,nan,Male,200.0,Pune,2024-09-05,2020-08-31,-999.0,10.0,UK
6140,Amit,female,43.0,Hyderabad,,,-999.0,3.0,Australia
6141,Neha,nan,-5.0,Pune,,2020-08-12,-999.0,2.0,Australia
,Rahul,female,43.0,Kolkata,2023-07-25,,-999.0,-1.0,Australia
6143,Simran,male,43.0,Ahmedabad,2025-02-04,,-999.0,-1.0,Australia
6144,nan,nan,58.0,Ahmedabad,,2023-04-16,4506.65,4.0,India
6145,nan,female,43.0,Pune,2023-11-17,,-999.0,-1.0,India
6146,Amit,M,-5.0,Hyderabad,,,-999.0,1.0,UK
C6147,Sneha,Female,31.0,Delhi,,,-999.0,3.0,India
6148,Rahul,M,26.0,Ahmedabad,,2023-03-30,910.45,3.0,India
6149,Pooja,Female,55.0,nan,,,-999.0,3.0,India
6150,Simran,female,-5.0,Delhi,2023-02-01,,-999.0,3.0,Australia
C6151,Amit,nan,200.0,Hyderabad,,2024-11-11,-999.0,3.0,UK
6152,Sneha,M,59.0,Pune,,2020-12-08,2035.14,10.0,UK
6153,Amit,M,-5.0,Pune,2021-01-21,,-999.0,10.0,nan
C6154,Ravi,Female,200.0,Kolkata,2020-10-02,,3411.24,-1.0,India
,Simran,female,200.0,Hyderabad,2020-10-24,,-999.0,10.0,Australia
C6156,nan,M,58.0,Hyderabad,,,3946.67,-1.0,USA
C6157,Amit,M,43.0,nan,,,-999.0,3.0,UK
C6158,nan,Male,43.0,Chennai,,,2871.62,10.0,Australia
C6159,Neha,male,200.0,Mumbai,2025-03-10,2021-07-25,-999.0,3.0,Australia
C6160,Kiran,male,-5.0,Kolkata,,,-999.0,3.0,nan
,Pooja,Male,58.0,Hyderabad,2025-05-27,,-999.0,10.0,USA
C6162,Amit,nan,39.0,Delhi,2023-03-29,,3698.37,3.0,UK
6163,Ravi,female,200.0,nan,2024-01-20,,4900.15,3.0,Australia
6164,Kiran,F,200.0,Chennai,,2024-03-11,-999.0,2.0,USA
C6165,Pooja,nan,36.0,Hyderabad,,,2675.85,3.0,nan
,Neha,nan,43.0,Delhi,,2020-10-31,556.74,5.0,India
6167,Priya,F,43.0,Pune,,,-999.0,10.0,Australia
6168,Kiran,M,200.0,Kolkata,,,-999.0,2.0,USA
,Simran,Female,-5.0,Delhi,2022-12-02,2022-06-21,-999.0,-1.0,USA
6170,Simran,nan,26.0,Hyderabad,,2023-10-09,-999.0,-1.0,UK
C6171,Ravi,F,58.0,Kolkata,,,-999.0,-1.0,nan
,Priya,male,43.0,Bangalore,2024-06-12,2023-06-07,2394.2,3.0,nan
C6173,nan,F,200.0,Hyderabad,,2023-11-05,-999.0,2.0,Canada
,nan,nan,200.0,Delhi,2022-10-06,2024-11-20,-999.0,10.0,India
,Rahul,F,38.0,Delhi,,2021-07-23,4081.02,10.0,Australia
,Amit,F,39.0,nan,2021-07-22,,3422.14,-1.0,USA
C6177,Rahul,nan,200.0,Ahmedabad,2020-12-21,,-999.0,3.0,Australia
,Pooja,nan,60.0,Hyderabad,,2025-07-08,1231.61,-1.0,Australia
6179,Ankit,M,200.0,Kolkata,,,-999.0,-1.0,nan
6180,Simran,female,39.0,Delhi,,,1895.4,10.0,Australia
6181,Ravi,male,43.0,Chennai,,2021-02-11,-999.0,3.0,UK
6182,Ankit,M,47.0,Delhi,,,-999.0,10.0,UK
C6183,Amit,male,43.0,Mumbai,,,-999.0,3.0,USA
6184,Kiran,Male,-5.0,Bangalore,,,3183.37,-1.0,UK
C6185,Ankit,M,62.0,Pune,,,-999.0,10.0,UK
C6186,Sneha,M,-5.0,Chennai,,,-999.0,-1.0,Australia
6187,Simran,female,38.0,nan,,2021-04-21,-999.0,3.0,Canada
,Simran,Male,43.0,Kolkata,,2025-12-19,-999.0,3.0,Australia
,Simran,nan,-5.0,Bangalore,2025-02-15,,56.28,-1.0,India
6190,Amit,Male,200.0,Hyderabad,2022-08-09,,-999.0,1.0,Australia
C6191,Priya,M,-5.0,Chennai,2025-02-05,2023-12-28,-999.0,3.0,USA
,Pooja,nan,200.0,Bangalore,2023-10-11,2022-09-19,-999.0,3.0,Canada
,Pooja,Male,-5.0,nan,,,-999.0,-1.0,USA
6194,Amit,M,200.0,Kolkata,2023-02-15,,-999.0,-1.0,UK
,Rahul,female,43.0,Kolkata,2025-10-10,,-999.0,10.0,Canada
C6196,Ankit,nan,46.0,Bangalore,2023-07-13,2025-01-14,-999.0,3.0,Canada
C6197,Priya,nan,-5.0,Pune,2025-12-18,,2013.13,3.0,Canada
6198,Simran,M,200.0,Mumbai,,,-999.0,3.0,Australia
6199,Pooja,F,43.0,Mumbai,2022-06-04,,-999.0,3.0,Canada
,Simran,female,200.0,Bangalore,2024-09-19,,-999.0,3.0,Australia
C6201,Ankit,nan,43.0,Pune,,,-999.0,10.0,USA
C6202,Amit,nan,-5.0,Bangalore,,2024-10-10,-999.0,10.0,nan
C6203,Simran,M,200.0,Bangalore,2022-07-03,2022-11-15,201.13,3.0,nan
6204,Kiran,Female,43.0,nan,,2023-02-14,-999.0,-1.0,Australia
6205,nan,nan,43.0,Ahmedabad,,,1510.38,5.0,nan
,Kiran,M,31.0,Bangalore,2021-05-29,,-999.0,1.0,USA
,Ankit,Female,-5.0,nan,,,-999.0,10.0,UK
6208,Rahul,female,200.0,nan,2020-12-27,,583.94,10.0,India
6209,Rahul,F,24.0,Hyderabad,2023-03-28,2021-10-26,-999.0,3.0,Australia
6210,Priya,Female,200.0,Delhi,2022-05-09,2024-02-25,-999.0,1.0,nan
6211,Rahul,F,200.0,nan,,,-999.0,-1.0,nan
6212,nan,nan,-5.0,Kolkata,,2022-09-10,3089.33,1.0,USA
C6213,nan,male,19.0,Bangalore,2023-10-07,,4270.2,-1.0,UK
6214,nan,female,200.0,Chennai,,2022-04-17,-999.0,10.0,nan
C6215,Pooja,male,43.0,Kolkata,2022-04-05,2024-08-15,-999.0,10.0,Canada
,Simran,Female,43.0,Bangalore,2020-08-14,,-999.0,3.0,Australia
,Kiran,male,51.0,Kolkata,2022-06-02,,-999.0,10.0,India
C6218,Kiran,F,61.0,Bangalore,,2022-09-10,-999.0,4.0,USA
6219,Neha,nan,43.0,Ahmedabad,2022-08-09,,-999.0,10.0,USA
6220,Ankit,Male,-5.0,Delhi,2020-10-25,,-999.0,3.0,UK
C6221,nan,Male,200.0,Pune,2020-12-08,2024-06-16,-999.0,1.0,nan
,Simran,Female,-5.0,Bangalore,2020-12-10,,-999.0,10.0,Canada
6223,Rahul,Male,-5.0,Hyderabad,2025-12-30,2021-01-31,-999.0,10.0,UK
,Amit,Male,-5.0,Hyderabad,2021-09-24,2024-06-10,-999.0,-1.0,India
6225,Sneha,Female,24.0,Mumbai,2020-10-17,,-999.0,-1.0,nan
C6226,Ravi,female,200.0,Delhi,,2021-07-10,2048.21,-1.0,Australia
C6227,Pooja,Male,200.0,Pune,2020-12-23,,-999.0,-1.0,USA
6228,nan,female,43.0,Mumbai,2023-06-12,,-999.0,3.0,USA
C6229,Ravi,M,65.0,Ahmedabad,2023-11-05,,-999.0,3.0,Canada
6230,Priya,female,200.0,Ahmedabad,2020-09-13,,4607.88,10.0,Australia
6231,Amit,F,200.0,nan,2025-03-22,,-999.0,10.0,nan
,Pooja,nan,43.0,Kolkata,2026-01-26,,-999.0,10.0,Australia
C6233,nan,male,200.0,Kolkata,2022-08-22,2025-03-28,1113.21,3.0,Canada
6234,Neha,female,-5.0,Ahmedabad,,2021-04-01,2432.06,-1.0,India
,Sneha,Male,43.0,nan,,,-999.0,3.0,nan
6236,Rahul,female,200.0,Bangalore,,2020-12-01,-999.0,-1.0,nan
,Neha,female,-5.0,Hyderabad,,,-999.0,3.0,nan
C6238,nan,Male,38.0,Kolkata,2025-12-28,,-999.0,1.0,India
6239,Pooja,M,200.0,Delhi,,2021-01-10,-999.0,4.0,Australia
6240,Simran,F,43.0,Chennai,2021-06-25,,-999.0,10.0,Australia
,Ravi,M,43.0,Kolkata,2024-07-09,,-999.0,10.0,UK
6242,Amit,M,43.0,Hyderabad,2022-12-31,,-999.0,10.0,nan
C6243,Ravi,male,-5.0,Bangalore,,2021-10-18,1374.68,10.0,India
,Neha,nan,-5.0,Hyderabad,2025-12-15,,-999.0,10.0,Australia
6245,Sneha,Male,200.0,Bangalore,,,-999.0,-1.0,USA
6246,nan,male,33.0,Bangalore,,,-999.0,-1.0,India
,Rahul,F,-5.0,Bangalore,2024-02-07,,2892.01,3.0,Australia
C6248,Rahul,M,43.0,Ahmedabad,2023-06-14,,-999.0,3.0,India
C6249,Amit,F,67.0,Delhi,,,-999.0,3.0,Australia
,nan,Male,43.0,Delhi,,,2476.65,10.0,USA
,Neha,male,43.0,Pune,2024-11-02,2024-11-29,382.89,10.0,India
6252,Amit,F,43.0,Ahmedabad,2022-07-30,,-999.0,10.0,Canada
C6253,nan,M,200.0,Bangalore,,,-999.0,5.0,nan
,Rahul,F,43.0,Chennai,,,4541.52,2.0,Canada
C6255,Simran,M,25.0,Bangalore,2022-06-13,,-999.0,2.0,Canada
C6256,Pooja,Male,200.0,Kolkata,,,-999.0,10.0,USA
6257,nan,F,43.0,Kolkata,2021-07-22,,-999.0,-1.0,India
C6258,nan,male,44.0,Delhi,2023-12-08,2022-10-01,-999.0,-1.0,India
C6259,Ravi,Male,-5.0,Hyderabad,2025-08-07,2025-05-24,2415.44,10.0,Australia
6260,nan,female,200.0,Chennai,,2024-03-10,3744.54,2.0,USA
6261,Sneha,nan,23.0,Chennai,,,-999.0,10.0,nan
6262,Amit,nan,43.0,Bangalore,,,4501.43,2.0,UK
,Priya,nan,57.0,Pune,,,2822.08,10.0,USA
,Amit,Male,-5.0,Ahmedabad,2025-02-10,,3102.11,5.0,India
6265,Priya,F,-5.0,Hyderabad,2022-03-03,,-999.0,3.0,UK
6266,Pooja,M,45.0,Ahmedabad,2024-09-04,,-999.0,3.0,USA
6267,nan,nan,29.0,Delhi,,,-999.0,-1.0,nan
6268,Ravi,Male,-5.0,Mumbai,2021-02-03,2024-10-20,-999.0,3.0,India
C6269,Sneha,female,43.0,Kolkata,,,4830.7,-1.0,nan
,Sneha,female,200.0,Bangalore,2022-09-27,,-999.0,-1.0,Canada
C6271,Priya,Female,-5.0,Ahmedabad,,,1554.17,-1.0,USA
6272,Neha,nan,-5.0,Hyderabad,2022-07-30,,-999.0,3.0,India
6273,Sneha,Male,200.0,Mumbai,,,-999.0,10.0,nan
,Kiran,nan,200.0,Hyderabad,2022-01-20,2024-11-22,-999.0,2.0,India
6275,nan,female,22.0,Hyderabad,2025-05-28,,1818.52,-1.0,USA
6276,Pooja,F,200.0,Kolkata,,2022-02-20,-999.0,-1.0,Australia
C6277,Priya,nan,32.0,Chennai,2023-11-03,,-999.0,-1.0,USA
C6278,Simran,nan,-5.0,Ahmedabad,,2022-09-21,-999.0,3.0,UK
,nan,nan,69.0,Pune,2021-02-21,,3066.62,10.0,Canada
6280,Rahul,male,39.0,Ahmedabad,,,827.48,-1.0,India
6281,Neha,nan,-5.0,Kolkata,,,-999.0,3.0,UK
6282,nan,female,200.0,nan,2023-03-19,,-999.0,10.0,UK
6283,Pooja,female,200.0,Mumbai,2023-04-13,,-999.0,2.0,Canada
C6284,nan,nan,200.0,Pune,,,-999.0,-1.0,UK
6285,Pooja,nan,42.0,Bangalore,2023-07-29,,-999.0,-1.0,USA
6286,Ankit,Male,200.0,nan,,,265.79,1.0,UK
C6287,Neha,female,200.0,Ahmedabad,,,-999.0,3.0,nan
6288,Simran,nan,200.0,Kolkata,2021-04-04,,3395.76,3.0,Australia
C6289,nan,M,-5.0,Bangalore,,,-999.0,1.0,India
6290,nan,male,43.0,Pune,,,-999.0,10.0,nan
6291,Kiran,Male,43.0,Ahmedabad,2021-01-24,2021-07-12,4302.93,-1.0,India
C6292,Ankit,female,57.0,Bangalore,2020-08-07,,-999.0,-1.0,India
6293,Kiran,Female,200.0,Mumbai,2022-08-14,,2918.22,-1.0,nan
6294,nan,F,43.0,Delhi,2020-10-23,,-999.0,10.0,UK
6295,Sneha,Male,43.0,Bangalore,,2021-11-27,2689.36,2.0,nan
,Neha,Male,200.0,Delhi,,,1692.33,3.0,Australia
6297,Kiran,Male,70.0,Ahmedabad,2022-10-26,,3856.06,10.0,nan
6298,nan,female,200.0,Delhi,,,-999.0,10.0,India
C6299,Kiran,Male,-5.0,Mumbai,,,-999.0,3.0,Canada
,Ravi,F,43.0,Hyderabad,,,-999.0,3.0,UK
6301,Amit,F,43.0,Mumbai,2021-11-21,,-999.0,3.0,Canada
6302,nan,F,200.0,Ahmedabad,2023-04-10,,-999.0,1.0,USA
6303,nan,male,200.0,Pune,2023-05-30,,-999.0,3.0,nan
C6304,Kiran,M,-5.0,Pune,2023-12-06,,-999.0,10.0,nan
,nan,F,31.0,Chennai,,,-999.0,-1.0,Australia
6306,Neha,nan,29.0,Kolkata,2024-10-05,,-999.0,-1.0,USA
6307,nan,Male,-5.0,Delhi,2022-12-09,2021-05-03,2753.67,10.0,Australia
6308,Simran,nan,27.0,Pune,2024-04-12,2024-07-18,-999.0,3.0,Canada
6309,nan,F,48.0,Mumbai,2023-04-21,,-999.0,4.0,USA
6310,Kiran,F,43.0,Pune,,2023-02-14,-999.0,3.0,Australia
6311,Kiran,F,43.0,Ahmedabad,,,-999.0,3.0,UK
,Priya,nan,65.0,Kolkata,2024-12-28,,-999.0,3.0,Canada
6313,Simran,female,200.0,Chennai,,,-999.0,10.0,Australia
,nan,nan,43.0,Chennai,2025-06-17,2020-10-09,-999.0,-1.0,UK
,Pooja,Male,200.0,Bangalore,,,-999.0,3.0,Canada
C6316,nan,M,-5.0,Bangalore,,,4904.04,5.0,nan
,Neha,male,43.0,Pune,2024-09-13,2024-07-20,-999.0,10.0,Australia
,Amit,nan,200.0,nan,,,-999.0,5.0,UK
6319,Neha,F,-5.0,Ahmedabad,2021-10-01,2022-12-04,-999.0,-1.0,nan
6320,Sneha,M,67.0,Hyderabad,2025-04-16,,1722.13,10.0,UK
,nan,M,43.0,Kolkata,,,-999.0,10.0,UK
6322,Simran,M,43.0,Ahmedabad,2024-05-20,2022-07-26,-999.0,10.0,Canada
C6323,Rahul,Female,200.0,Mumbai,,,-999.0,-1.0,Canada
C6324,Rahul,M,67.0,Delhi,,2024-03-23,-999.0,-1.0,Australia
6325,Priya,F,24.0,Bangalore,2025-10-30,,-999.0,10.0,UK
6326,nan,Female,-5.0,Bangalore,2025-10-22,,-999.0,3.0,USA
C6327,nan,Male,65.0,Pune,,2021-02-01,-999.0,-1.0,Canada
C6328,Ravi,female,200.0,nan,2022-02-11,,-999.0,-1.0,India
,Kiran,M,200.0,Bangalore,,2022-10-11,2211.87,3.0,Australia
6330,Sneha,male,-5.0,Kolkata,2024-08-01,,-999.0,2.0,India
C6331,Sneha,male,200.0,Bangalore,,,2752.37,-1.0,nan
6332,Ravi,female,42.0,Ahmedabad,2025-05-24,,-999.0,5.0,USA
6333,Kiran,male,-5.0,nan,2022-03-14,2021-01-07,-999.0,10.0,India
C6334,Sneha,female,43.0,Delhi,,,-999.0,10.0,Canada
,Rahul,Male,-5.0,Mumbai,,2023-03-16,-999.0,3.0,USA
C6336,Rahul,female,64.0,Ahmedabad,,,491.72,3.0,India
6337,Amit,female,43.0,Bangalore,,,2052.69,3.0,Canada
,nan,F,200.0,Kolkata,,,-999.0,-1.0,nan
6339,Amit,female,200.0,Chennai,2023-07-18,2023-04-19,-999.0,10.0,UK
6340,Ravi,nan,43.0,Delhi,,,-999.0,3.0,USA
C6341,Ravi,M,-5.0,nan,2022-07-05,,4498.79,10.0,UK
6342,Rahul,Female,-5.0,Delhi,,,-999.0,3.0,UK
6343,nan,M,43.0,Hyderabad,,2022-12-05,-999.0,4.0,UK
6344,Neha,M,25.0,Bangalore,2022-11-03,,-999.0,-1.0,UK
6345,Priya,Female,48.0,Ahmedabad,,2024-03-21,-999.0,-1.0,nan
6346,nan,male,-5.0,nan,2025-01-03,2021-07-27,-999.0,-1.0,Canada
C6347,Rahul,M,200.0,Bangalore,2022-01-24,2023-04-21,-999.0,-1.0,Australia
6348,Ravi,nan,43.0,Ahmedabad,,,559.33,1.0,Canada
,Neha,nan,57.0,Hyderabad,2024-02-27,2022-04-14,-999.0,10.0,USA
,Ankit,nan,42.0,Pune,,,-999.0,10.0,nan
6351,Neha,F,-5.0,Pune,2025-08-24,,-999.0,-1.0,India
6352,Amit,Male,-5.0,Pune,2026-01-21,,-999.0,4.0,USA
6353,Rahul,Female,-5.0,Pune,2025-11-15,,1177.96,-1.0,USA
6354,Amit,F,-5.0,Pune,,,4018.01,3.0,Canada
,Priya,Male,200.0,Chennai,,,2575.39,3.0,Canada
6356,Kiran,male,43.0,Delhi,,,-999.0,5.0,Australia
6357,Rahul,nan,-5.0,Hyderabad,2023-07-24,2025-06-07,617.67,-1.0,nan
C6358,nan,Female,-5.0,Pune,,2023-06-17,1255.62,3.0,USA
C6359,Ravi,Male,50.0,Pune,,2021-03-28,-999.0,-1.0,India
,Sneha,nan,43.0,Hyderabad,2022-05-16,,-999.0,10.0,USA
6361,Sneha,male,-5.0,Bangalore,2025-09-27,,-999.0,3.0,India
6362,Simran,F,43.0,Delhi,2026-01-23,,3116.76,-1.0,India
6363,Kiran,nan,200.0,Hyderabad,2025-01-02,2024-06-14,-999.0,1.0,USA
6364,Kiran,M,-5.0,Bangalore,2022-12-10,,-999.0,10.0,UK
C6365,Kiran,male,43.0,nan,,2021-11-10,4014.07,-1.0,India
,Ankit,nan,40.0,Delhi,2022-06-10,,-999.0,5.0,UK
6367,nan,male,-5.0,nan,2024-06-04,,-999.0,3.0,Canada
6368,Priya,Female,59.0,Bangalore,2022-09-13,,-999.0,-1.0,USA
6369,Neha,nan,43.0,Hyderabad,2020-08-26,2024-10-12,-999.0,-1.0,UK
C6370,Amit,nan,25.0,Mumbai,,2025-04-26,-999.0,10.0,Australia
C6371,Neha,nan,39.0,Delhi,,,-999.0,10.0,India
C6372,Ravi,nan,-5.0,Delhi,2022-04-06,,1535.02,-1.0,USA
6373,nan,male,34.0,Bangalore,,,-999.0,3.0,UK
6374,Ravi,female,200.0,Hyderabad,,,-999.0,10.0,UK
6375,Pooja,nan,43.0,nan,2023-06-15,,-999.0,-1.0,nan
6376,Priya,nan,36.0,Mumbai,2023-02-15,,-999.0,3.0,India
6377,Ankit,nan,200.0,nan,2026-01-25,,-999.0,4.0,UK
C6378,Kiran,nan,200.0,Hyderabad,2021-09-16,2024-10-29,-999.0,10.0,nan
,nan,nan,43.0,Delhi,,2025-08-01,-999.0,10.0,nan
,Pooja,M,-5.0,Hyderabad,2024-01-07,2020-08-26,-999.0,-1.0,nan
6381,Rahul,male,67.0,Hyderabad,,,-999.0,3.0,Australia
6382,Ravi,male,40.0,nan,2023-02-16,,-999.0,5.0,USA
6383,Amit,nan,43.0,nan,,2022-08-06,-999.0,-1.0,nan
,nan,M,-5.0,Hyderabad,,,-999.0,5.0,Canada
6385,nan,male,43.0,Pune,2025-11-05,,-999.0,-1.0,USA
6386,Pooja,F,43.0,Chennai,,2021-12-27,-999.0,3.0,nan
6387,Kiran,nan,200.0,Kolkata,2022-09-08,,3661.51,5.0,India
,Neha,nan,43.0,Kolkata,2021-07-25,,2007.39,-1.0,India
,Amit,F,43.0,nan,2025-05-03,,-999.0,4.0,Australia
C6390,Sneha,Female,48.0,nan,,,-999.0,10.0,nan
6391,Kiran,M,46.0,Bangalore,2021-09-19,,-999.0,1.0,Canada
C6392,Ravi,nan,-5.0,nan,,,-999.0,3.0,UK
6393,nan,nan,200.0,Bangalore,,,-999.0,10.0,Canada
6394,Amit,M,47.0,Kolkata,,,-999.0,10.0,India
C6395,Ankit,Male,47.0,Hyderabad,,2020-08-07,-999.0,10.0,Australia
C6396,Priya,nan,-5.0,Kolkata,,2025-03-27,-999.0,3.0,UK
,Kiran,nan,19.0,Chennai,2024-10-12,2022-03-31,-999.0,5.0,USA
C6398,Neha,nan,-5.0,Chennai,2021-04-01,,1581.55,-1.0,India
C6399,Amit,Female,39.0,Chennai,2024-11-13,2024-07-13,4556.03,1.0,Canada
6400,Kiran,Female,-5.0,Pune,2022-09-30,,-999.0,3.0,Australia
6401,Kiran,female,-5.0,Ahmedabad,2024-05-15,,-999.0,-1.0,India
6402,Sneha,F,43.0,Chennai,,,-999.0,4.0,nan
C6403,nan,male,-5.0,Delhi,,,4050.72,3.0,UK
C6404,Simran,M,43.0,Kolkata,,,-999.0,10.0,USA
6405,Kiran,nan,27.0,Chennai,2021-04-03,,-999.0,2.0,UK
6406,Rahul,Female,43.0,Mumbai,2024-12-29,,-999.0,2.0,India
6407,Ravi,Male,200.0,Pune,2021-08-19,,-999.0,10.0,nan
,Neha,Female,-5.0,Bangalore,2021-04-18,,-999.0,10.0,nan
C6409,Kiran,nan,28.0,nan,2025-01-02,,-999.0,-1.0,UK
,Rahul,male,200.0,Mumbai,2023-04-13,,-999.0,3.0,Canada
,Pooja,Female,39.0,Chennai,,2023-07-26,4945.74,5.0,nan
C6412,Ankit,nan,43.0,Mumbai,,,-999.0,-1.0,Australia
C6413,Kiran,F,43.0,Pune,,,3962.16,3.0,USA
6414,Amit,Male,-5.0,Chennai,2024-08-31,,-999.0,10.0,UK
6415,Kiran,Female,200.0,Hyderabad,2021-01-19,2025-08-20,3889.75,-1.0,nan
6416,nan,nan,43.0,Chennai,2024-11-03,2023-01-10,-999.0,10.0,UK
6417,Kiran,F,-5.0,Bangalore,,,-999.0,3.0,Canada
6418,Rahul,male,200.0,Delhi,2022-05-25,,-999.0,-1.0,UK
C6419,Ravi,nan,52.0,Kolkata,2022-12-30,2025-01-04,-999.0,2.0,Canada
6420,Ravi,Female,200.0,Hyderabad,,,-999.0,3.0,Australia
6421,Amit,female,56.0,Delhi,,2021-11-30,-999.0,3.0,USA
6422,Simran,Male,-5.0,Bangalore,,2021-11-16,-999.0,1.0,Canada
C6423,Simran,nan,43.0,nan,2022-06-21,,-999.0,10.0,USA
6424,Rahul,M,43.0,Hyderabad,,2023-08-24,-999.0,3.0,Canada
,Pooja,nan,200.0,Hyderabad,2025-04-01,2023-03-01,-999.0,5.0,India
C6426,Kiran,Male,43.0,Pune,2023-09-27,,-999.0,3.0,nan
6427,Amit,F,200.0,Ahmedabad,2023-12-23,2025-02-12,1587.44,3.0,Australia
6428,Simran,Female,200.0,Hyderabad,,2022-05-26,-999.0,3.0,nan
C6429,Rahul,Female,43.0,Kolkata,,2022-01-04,-999.0,-1.0,USA
,Rahul,nan,-5.0,Mumbai,,2023-03-16,-999.0,10.0,USA
6431,nan,male,18.0,Delhi,2024-02-25,,-999.0,3.0,USA
,Ravi,female,42.0,Chennai,2025-12-06,,-999.0,1.0,India
,nan,Female,43.0,Ahmedabad,,,-999.0,2.0,Australia
6434,Amit,F,43.0,nan,,,-999.0,-1.0,Canada
C6435,Rahul,Female,-5.0,Mumbai,,,-999.0,4.0,USA
,Rahul,Female,-5.0,nan,,2021-10-07,-999.0,4.0,Australia
,nan,Male,-5.0,Hyderabad,2025-03-21,2021-01-18,3318.0,-1.0,India
C6438,Simran,male,60.0,Delhi,2022-05-14,2024-05-26,-999.0,10.0,nan
6439,Simran,Male,-5.0,Delhi,,,-999.0,3.0,Canada
C6440,Priya,nan,-5.0,Hyderabad,2025-03-28,2022-03-09,-999.0,3.0,Australia
6441,Ankit,nan,46.0,nan,,,-999.0,-1.0,Australia
6442,Simran,Female,200.0,nan,,,-999.0,3.0,Australia
6443,nan,nan,44.0,Pune,,,-999.0,3.0,nan
C6444,nan,Female,-5.0,Mumbai,2023-06-16,,-999.0,10.0,UK
,nan,male,43.0,nan,,2023-02-08,938.29,-1.0,India
6446,Rahul,F,37.0,Chennai,2023-04-23,2021-08-31,-999.0,3.0,Canada
6447,nan,nan,42.0,Chennai,,,-999.0,3.0,Canada
,Rahul,female,41.0,Bangalore,2024-07-05,,169.28,3.0,Canada
,nan,female,43.0,Hyderabad,2021-09-26,,-999.0,3.0,USA
C6450,Sneha,Male,43.0,Hyderabad,,,-999.0,10.0,Canada
6451,nan,female,200.0,Ahmedabad,,,-999.0,-1.0,nan
6452,nan,nan,25.0,Delhi,2025-01-24,,-999.0,10.0,UK
,Neha,nan,43.0,Pune,2024-07-30,,-999.0,-1.0,UK
6454,Ankit,Male,-5.0,nan,2024-05-28,2024-05-16,2904.13,-1.0,USA
6455,Priya,Male,-5.0,Mumbai,2025-09-01,2021-03-16,-999.0,1.0,Australia
6456,Ravi,Female,-5.0,Hyderabad,,2024-01-08,-999.0,10.0,nan
6457,Simran,Female,43.0,Mumbai,2024-04-09,,-999.0,2.0,India
C6458,Simran,nan,59.0,Hyderabad,,,-999.0,5.0,Canada
6459,Simran,Male,-5.0,Chennai,2020-11-06,,-999.0,-1.0,USA
6460,Ravi,F,200.0,Chennai,2023-03-13,,-999.0,3.0,Australia
6461,Pooja,female,43.0,Mumbai,2025-01-05,,-999.0,-1.0,Australia
C6462,Priya,Male,200.0,Ahmedabad,2025-12-01,,-999.0,-1.0,India
6463,Kiran,M,-5.0,Delhi,2025-07-07,,-999.0,3.0,Canada
6464,nan,Male,43.0,Chennai,2024-04-19,2020-08-29,-999.0,3.0,USA
,Kiran,M,43.0,Mumbai,2020-09-10,,1119.22,3.0,India
,Ankit,M,31.0,Delhi,2026-01-12,,-999.0,3.0,Australia
6467,Ankit,nan,-5.0,Chennai,,2024-07-05,-999.0,3.0,India
C6468,Priya,nan,200.0,Pune,,,-999.0,10.0,USA
6469,Ravi,Male,-5.0,Mumbai,2022-10-31,,-999.0,10.0,Australia
6470,Neha,M,-5.0,Pune,,,-999.0,1.0,India
,Priya,M,-5.0,Pune,,,-999.0,10.0,USA
6472,Sneha,M,200.0,Ahmedabad,,,-999.0,3.0,USA
6473,Kiran,F,43.0,Delhi,,,-999.0,3.0,USA
C6474,Rahul,M,26.0,Delhi,2022-03-09,,-999.0,-1.0,Canada
6475,Amit,Female,43.0,Kolkata,2024-10-12,,-999.0,-1.0,UK
,Simran,nan,-5.0,Hyderabad,,2022-01-05,-999.0,3.0,UK
6477,Kiran,female,43.0,nan,2024-01-01,,-999.0,3.0,Australia
6478,nan,Female,43.0,Bangalore,,2021-09-28,-999.0,-1.0,India
C6479,Ravi,Female,43.0,Delhi,,,-999.0,3.0,India
6480,Priya,female,43.0,Bangalore,2021-04-07,,-999.0,2.0,nan
6481,Amit,nan,200.0,Delhi,2025-09-27,,-999.0,3.0,nan
6482,Pooja,female,24.0,Bangalore,,,-999.0,-1.0,UK
,nan,nan,-5.0,Delhi,2021-01-23,2022-12-15,-999.0,10.0,Australia
6484,Priya,Male,67.0,Pune,2025-07-18,2025-01-29,-999.0,3.0,nan
,nan,Male,-5.0,Hyderabad,2021-12-18,,-999.0,1.0,USA
C6486,Sneha,F,43.0,Hyderabad,2022-10-21,,-999.0,3.0,nan
C6487,Simran,Female,61.0,nan,2023-05-15,,3794.05,3.0,USA
C6488,Sneha,nan,-5.0,Chennai,,,2213.13,10.0,Canada
6489,Sneha,F,200.0,Delhi,2020-12-21,,-999.0,1.0,Australia
6490,Neha,nan,-5.0,Chennai,,,-999.0,10.0,UK
6491,Neha,Male,200.0,Bangalore,,,903.24,-1.0,Canada
,Neha,Male,43.0,Pune,2022-06-23,,1060.4,10.0,India
,Pooja,Female,-5.0,Kolkata,,,-999.0,3.0,Australia
6494,Ankit,female,43.0,Mumbai,2024-10-30,2021-04-08,-999.0,3.0,Australia
6495,Kiran,female,200.0,Ahmedabad,2022-09-17,2021-07-17,-999.0,3.0,UK
,Pooja,Male,200.0,Mumbai,,,4535.38,-1.0,Canada
C6497,Rahul,Female,-5.0,Delhi,2024-03-11,2025-01-29,1506.05,2.0,USA
,Sneha,M,200.0,Delhi,,,-999.0,5.0,India
,nan,M,200.0,Hyderabad,2020-09-22,,-999.0,10.0,India
6500,Kiran,nan,-5.0,Delhi,2020-08-12,,1071.93,10.0,nan
,Ankit,nan,-5.0,Hyderabad,,,-999.0,10.0,nan
,Priya,male,-5.0,Bangalore,,,252.39,3.0,UK
6503,Ankit,nan,200.0,Pune,2024-12-19,,-999.0,1.0,Canada
6504,Sneha,Male,43.0,Mumbai,2023-09-29,,3830.45,1.0,Australia
6505,nan,M,70.0,Ahmedabad,,,-999.0,1.0,USA
6506,Ravi,Female,43.0,Bangalore,2025-08-08,,181.92,1.0,USA
6507,Priya,Female,43.0,Chennai,,,-999.0,3.0,nan
C6508,Pooja,Female,200.0,Ahmedabad,,,-999.0,5.0,India
6509,Neha,Male,200.0,Ahmedabad,,,306.49,4.0,Australia
6510,nan,male,-5.0,Pune,,,1818.26,-1.0,USA
6511,Neha,nan,67.0,Kolkata,2022-11-16,,-999.0,-1.0,Canada
6512,nan,nan,-5.0,nan,,,-999.0,10.0,USA
,nan,M,200.0,Hyderabad,2025-07-21,2025-09-13,4280.63,-1.0,Australia
,Priya,M,28.0,Bangalore,,2022-07-29,-999.0,-1.0,India
,Ravi,nan,43.0,nan,,,-999.0,2.0,Canada
6516,nan,nan,31.0,Kolkata,2025-03-21,,-999.0,3.0,UK
C6517,Kiran,F,200.0,Kolkata,2022-10-10,,-999.0,-1.0,USA
,nan,Female,200.0,Ahmedabad,2021-05-26,,-999.0,3.0,USA
6519,Pooja,Male,-5.0,nan,2024-06-18,2021-10-28,2581.07,3.0,Canada
6520,Ankit,nan,43.0,Ahmedabad,,2023-07-08,1084.55,-1.0,USA
6521,Neha,male,45.0,nan,2023-10-24,2025-03-22,1029.32,10.0,USA
6522,Pooja,F,61.0,Pune,,,-999.0,3.0,UK
,Kiran,Male,200.0,Delhi,2022-06-13,,-999.0,-1.0,India
6524,Neha,Male,-5.0,Delhi,,,-999.0,10.0,USA
,Pooja,Male,200.0,Bangalore,2020-09-24,2022-09-21,-999.0,-1.0,nan
,Ankit,Female,-5.0,Mumbai,2023-09-28,,-999.0,-1.0,Australia
6527,Pooja,male,43.0,Delhi,2023-07-22,2021-02-02,309.46,-1.0,USA
C6528,Ravi,F,43.0,Ahmedabad,2021-08-03,2024-02-09,-999.0,-1.0,nan
C6529,Ankit,Female,200.0,Chennai,2022-12-24,2021-01-30,2409.68,3.0,UK
6530,Neha,male,200.0,Delhi,2023-10-10,2024-07-11,-999.0,3.0,India
,Rahul,nan,49.0,Mumbai,2024-03-15,,-999.0,3.0,UK
C6532,Kiran,nan,-5.0,Hyderabad,2024-08-06,,1468.18,3.0,nan
C6533,Pooja,M,21.0,Hyderabad,,,-999.0,-1.0,nan
C6534,nan,F,-5.0,Chennai,2025-04-27,2022-07-30,-999.0,3.0,Australia
6535,Ravi,male,43.0,Kolkata,,,-999.0,10.0,nan
6536,Kiran,M,29.0,nan,2025-02-23,2023-02-11,-999.0,-1.0,India
C6537,Ankit,nan,43.0,Ahmedabad,2024-06-28,2022-08-22,4921.66,3.0,UK
6538,nan,nan,51.0,Mumbai,,2024-06-18,-999.0,10.0,USA
6539,Neha,Male,200.0,Mumbai,2026-01-08,,-999.0,-1.0,nan
6540,Ankit,female,-5.0,Pune,,,-999.0,10.0,UK
6541,nan,male,45.0,Pune,2023-01-09,,-999.0,3.0,nan
,Neha,M,43.0,Kolkata,2022-10-17,,194.03,5.0,India
6543,nan,M,43.0,Hyderabad,2021-03-24,2025-04-14,4881.88,-1.0,USA
C6544,nan,Female,200.0,Bangalore,,,-999.0,3.0,nan
C6545,Neha,nan,46.0,Pune,,2022-09-16,-999.0,10.0,USA
6546,Ankit,female,200.0,Chennai,2023-05-26,,-999.0,-1.0,UK
C6547,Neha,nan,43.0,Kolkata,2025-03-12,,4246.98,3.0,Canada
6548,Pooja,nan,-5.0,Kolkata,,2021-08-25,-999.0,1.0,USA
C6549,Ravi,Male,-5.0,Bangalore,,,-999.0,5.0,USA
6550,nan,F,43.0,Bangalore,,,-999.0,3.0,nan
6551,Kiran,female,-5.0,Bangalore,2022-12-27,,-999.0,-1.0,nan
C6552,Kiran,nan,26.0,Pune,,,-999.0,5.0,UK
6553,Ankit,Male,43.0,Chennai,,,-999.0,3.0,Canada
C6554,Priya,male,43.0,Ahmedabad,2021-08-16,,-999.0,10.0,USA
6555,Ankit,Male,43.0,Mumbai,,,-999.0,5.0,USA
C6556,Amit,M,37.0,nan,2023-08-08,2021-09-10,-999.0,3.0,India
6557,Ankit,Female,-5.0,Hyderabad,2024-02-02,2022-01-03,-999.0,10.0,India
C6558,Pooja,female,200.0,Delhi,,2023-03-27,-999.0,4.0,Canada
6559,Priya,M,200.0,Bangalore,2021-10-11,,1602.34,-1.0,Canada
6560,Ankit,nan,200.0,Pune,2023-08-31,2023-01-31,3085.17,3.0,Canada
C6561,Ankit,nan,200.0,Pune,2022-05-02,,-999.0,3.0,USA
6562,Kiran,nan,-5.0,Chennai,,,-999.0,3.0,USA
C6563,Amit,male,200.0,Ahmedabad,,2025-04-23,-999.0,3.0,nan
C6564,Pooja,F,38.0,Pune,,,-999.0,10.0,nan
C6565,Neha,female,43.0,Ahmedabad,2025-03-08,2020-12-07,-999.0,10.0,Australia
C6566,Kiran,nan,-5.0,nan,2022-10-18,,-999.0,10.0,Canada
C6567,Simran,F,200.0,Mumbai,,2020-10-12,-999.0,3.0,India
C6568,Sneha,M,38.0,Hyderabad,2025-04-11,,-999.0,-1.0,USA
6569,Rahul,female,200.0,Mumbai,2024-03-21,,-999.0,-1.0,Canada
6570,Simran,F,43.0,Delhi,,,-999.0,10.0,India
6571,Amit,Female,200.0,Kolkata,2022-12-22,,-999.0,-1.0,nan
6572,Sneha,F,54.0,Chennai,2022-07-11,,-999.0,-1.0,India
6573,Sneha,F,32.0,Pune,,,-999.0,3.0,nan
6574,nan,Male,200.0,Pune,,,-999.0,3.0,Canada
6575,Priya,nan,43.0,Ahmedabad,,,-999.0,-1.0,India
C6576,Amit,nan,-5.0,Bangalore,,,-999.0,5.0,Canada
6577,nan,Female,43.0,Chennai,,2022-11-03,-999.0,2.0,Australia
6578,Simran,female,-5.0,Kolkata,2023-03-09,,-999.0,3.0,Canada
6579,Simran,nan,63.0,Kolkata,,,-999.0,3.0,USA
6580,Kiran,male,43.0,Ahmedabad,2021-05-21,,-999.0,10.0,USA
6581,Neha,male,200.0,Kolkata,2025-08-28,2025-09-05,-999.0,10.0,Australia
C6582,Amit,F,43.0,Bangalore,,2025-10-03,2100.94,5.0,USA
C6583,Simran,nan,19.0,Mumbai,,,-999.0,10.0,UK
,Ankit,Female,43.0,nan,2022-06-06,2022-02-18,-999.0,5.0,Australia
C6585,Ankit,nan,54.0,Mumbai,,,-999.0,-1.0,Canada
6586,Sneha,male,27.0,Bangalore,2021-02-27,,-999.0,-1.0,UK
C6587,Ravi,male,200.0,Bangalore,,,-999.0,2.0,USA
,Ankit,male,-5.0,Ahmedabad,2025-10-07,2021-04-21,-999.0,-1.0,UK
6589,Priya,F,67.0,Ahmedabad,2024-09-11,2023-07-11,-999.0,10.0,Canada
,Neha,Female,43.0,Chennai,,,-999.0,2.0,Canada
C6591,Sneha,Male,200.0,Ahmedabad,,,-999.0,-1.0,Canada
,Priya,male,43.0,Ahmedabad,,,-999.0,-1.0,India
6593,Sneha,female,200.0,Hyderabad,2025-06-12,,-999.0,3.0,India
6594,Simran,nan,-5.0,Pune,2022-05-19,,-999.0,-1.0,UK
6595,Ankit,nan,32.0,Ahmedabad,,,-999.0,4.0,India
,Ravi,nan,200.0,Chennai,,2024-04-25,-999.0,10.0,UK
C6597,Kiran,Female,43.0,nan,2022-04-05,,-999.0,-1.0,India
C6598,Kiran,Male,26.0,Hyderabad,,2024-05-11,-999.0,10.0,USA
6599,Kiran,male,64.0,Bangalore,2020-12-23,2023-05-03,3215.86,3.0,Canada
C6600,Neha,M,24.0,nan,,,-999.0,3.0,Canada
C6601,nan,Male,200.0,Delhi,2021-10-10,,-999.0,5.0,India
C6602,nan,male,43.0,Kolkata,,,2768.11,3.0,USA
,Amit,Male,-5.0,Hyderabad,2021-09-07,,-999.0,10.0,Australia
6604,Ravi,male,200.0,Hyderabad,,2023-02-25,-999.0,-1.0,Australia
6605,Kiran,female,-5.0,Delhi,,2025-04-24,-999.0,3.0,UK
6606,Ankit,M,200.0,Chennai,2024-09-24,,3746.94,3.0,India
6607,Priya,nan,200.0,Mumbai,2024-06-01,,-999.0,4.0,Canada
6608,nan,male,200.0,Bangalore,,,-999.0,2.0,India
C6609,Amit,nan,50.0,Delhi,2023-12-27,,-999.0,-1.0,Canada
6610,Simran,nan,43.0,Pune,,,2996.9,3.0,Australia
C6611,Rahul,M,18.0,Pune,2023-07-27,,4016.95,-1.0,nan
6612,Ankit,female,19.0,Ahmedabad,,2023-01-20,-999.0,10.0,UK
6613,nan,F,200.0,Bangalore,2020-10-10,,-999.0,3.0,UK
6614,Ravi,nan,200.0,Bangalore,,,-999.0,-1.0,Canada
6615,Ravi,M,43.0,Kolkata,,,-999.0,4.0,nan
6616,Priya,Female,56.0,Chennai,2021-10-16,,-999.0,10.0,Australia
6617,Sneha,nan,200.0,Chennai,2022-11-30,,4740.52,3.0,India
6618,Neha,M,-5.0,Bangalore,2024-03-22,,-999.0,3.0,Canada
6619,Rahul,F,-5.0,Ahmedabad,2022-09-04,2024-01-25,611.93,10.0,USA
6620,Ankit,Female,37.0,nan,,2026-01-13,-999.0,-1.0,UK
6621,Pooja,M,34.0,Kolkata,,2021-07-30,-999.0,10.0,India
6622,nan,Male,-5.0,Bangalore,2024-04-26,,2361.57,2.0,India
6623,nan,F,200.0,Hyderabad,,2024-03-05,-999.0,3.0,Canada
6624,Ravi,nan,43.0,Chennai,2025-01-09,,2311.79,-1.0,UK
C6625,nan,Male,-5.0,nan,,2022-05-05,-999.0,2.0,UK
6626,Priya,F,55.0,Ahmedabad,,,-999.0,1.0,India
,Priya,M,30.0,Hyderabad,,2024-09-25,1643.02,3.0,USA
,Amit,nan,43.0,Bangalore,2022-10-19,,-999.0,5.0,India
,nan,female,43.0,Hyderabad,2025-01-05,2022-06-19,-999.0,3.0,India
6630,Amit,male,-5.0,Pune,2026-01-13,,-999.0,-1.0,nan
C6631,Kiran,male,43.0,Hyderabad,,,-999.0,-1.0,Canada
C6632,Pooja,Male,61.0,Hyderabad,,,-999.0,3.0,USA
C6633,Priya,Female,200.0,Bangalore,2021-04-08,2023-06-07,-999.0,4.0,UK
,Rahul,male,-5.0,Pune,2023-12-03,2022-08-31,-999.0,10.0,India
6635,nan,female,63.0,Hyderabad,2021-12-07,2022-01-16,-999.0,-1.0,nan
6636,Sneha,Female,-5.0,Mumbai,,,-999.0,2.0,USA
6637,Amit,Male,-5.0,nan,2021-09-10,2023-06-22,-999.0,3.0,Canada
C6638,Rahul,male,43.0,Ahmedabad,2022-04-05,2020-10-13,837.7,3.0,Australia
6639,Sneha,female,43.0,Mumbai,2024-05-23,,4067.8,3.0,Canada
6640,Rahul,F,200.0,Bangalore,,,-999.0,2.0,nan
,Neha,Male,43.0,Ahmedabad,2022-12-18,,-999.0,3.0,USA
6642,nan,nan,-5.0,Ahmedabad,,,-999.0,3.0,Canada
6643,Priya,M,43.0,Chennai,2021-08-13,,-999.0,-1.0,UK
6644,Priya,M,200.0,Hyderabad,2021-05-06,,-999.0,3.0,India
6645,Sneha,Male,200.0,Chennai,2023-02-17,2021-06-16,-999.0,5.0,Australia
,nan,male,33.0,Kolkata,2023-06-28,2025-11-03,-999.0,10.0,UK
C6647,Simran,nan,46.0,Bangalore,2025-03-27,2021-04-03,-999.0,3.0,India
6648,Sneha,Female,43.0,Hyderabad,2022-01-15,,-999.0,10.0,Canada
6649,Pooja,male,200.0,nan,,2021-09-25,-999.0,-1.0,nan
6650,Amit,F,-5.0,Kolkata,,,-999.0,-1.0,India
,Pooja,Female,200.0,Bangalore,2023-08-19,,4561.86,3.0,India
,Kiran,Female,-5.0,Pune,,,-999.0,10.0,Canada
C6653,nan,nan,-5.0,Chennai,,2025-01-24,-999.0,3.0,nan
6654,Simran,nan,67.0,Chennai,,,-999.0,-1.0,Canada
6655,Amit,F,43.0,Bangalore,2022-11-13,,1116.69,3.0,Canada
C6656,Rahul,female,43.0,Pune,,,-999.0,3.0,Canada
,Rahul,Female,19.0,Ahmedabad,,2024-04-18,-999.0,-1.0,nan
C6658,Rahul,M,67.0,nan,,2024-03-05,-999.0,10.0,USA
6659,Pooja,F,29.0,Bangalore,2023-03-20,,-999.0,1.0,UK
C6660,Neha,Male,200.0,Mumbai,2023-11-07,,-999.0,3.0,Canada
C6661,Pooja,male,200.0,nan,2023-07-12,,-999.0,3.0,USA
C6662,Neha,nan,66.0,Hyderabad,2021-06-18,2024-02-17,4411.91,10.0,Canada
6663,Simran,M,-5.0,Bangalore,,2024-07-07,338.1,10.0,nan
C6664,Kiran,nan,200.0,Delhi,,,-999.0,1.0,India
C6665,Ankit,Female,51.0,Pune,2023-02-22,,-999.0,3.0,India
,Neha,nan,43.0,Bangalore,2023-06-08,,1809.24,10.0,nan
6667,Neha,M,-5.0,Mumbai,2022-05-06,,-999.0,1.0,nan
6668,Amit,M,200.0,Hyderabad,2020-08-24,2021-09-29,-999.0,-1.0,USA
6669,Sneha,F,200.0,Hyderabad,,,-999.0,3.0,UK
6670,Ravi,male,-5.0,Hyderabad,,,1193.09,3.0,Canada
C6671,nan,Female,43.0,Kolkata,,,-999.0,3.0,Canada
6672,Amit,F,-5.0,Delhi,2024-05-22,,-999.0,3.0,UK
6673,Kiran,Male,43.0,Delhi,2025-03-28,,-999.0,3.0,UK
6674,Simran,M,-5.0,nan,2025-11-28,,-999.0,3.0,Canada
6675,Pooja,F,-5.0,Hyderabad,2021-06-09,2024-12-05,-999.0,3.0,nan
6676,nan,Male,43.0,Pune,2021-02-23,2023-04-04,-999.0,10.0,India
C6677,Ravi,female,-5.0,Delhi,,2025-03-06,1455.87,3.0,Australia
C6678,Priya,nan,28.0,Mumbai,2021-04-01,2021-05-21,2189.92,3.0,Canada
,nan,nan,32.0,nan,2023-03-04,2025-07-06,-999.0,-1.0,Australia
,nan,nan,200.0,Kolkata,2022-11-12,,-999.0,10.0,USA
6681,Priya,female,43.0,Bangalore,,2024-05-04,-999.0,2.0,nan
C6682,nan,male,43.0,Kolkata,2024-03-16,,-999.0,1.0,USA
,Amit,M,43.0,Delhi,,,4163.31,-1.0,nan
6684,nan,F,200.0,Ahmedabad,2024-06-18,,2913.81,-1.0,USA
6685,Simran,female,200.0,Kolkata,2023-10-18,,-999.0,3.0,USA
6686,Rahul,male,43.0,Delhi,2024-01-31,,-999.0,3.0,Australia
,Priya,Female,-5.0,Kolkata,2020-08-11,,-999.0,3.0,India
6688,nan,male,200.0,Mumbai,,,466.89,3.0,UK
6689,Rahul,Male,-5.0,Chennai,,2021-02-14,-999.0,2.0,UK
C6690,nan,female,43.0,Bangalore,2022-09-16,,-999.0,-1.0,Canada
C6691,Ankit,Male,43.0,Pune,2021-01-28,2021-12-23,-999.0,-1.0,UK
6692,Ankit,nan,200.0,Mumbai,,,-999.0,3.0,Canada
6693,Kiran,M,200.0,Ahmedabad,2022-10-08,,2841.33,3.0,India
6694,nan,nan,200.0,Delhi,2025-03-16,,-999.0,5.0,India
C6695,nan,M,-5.0,Mumbai,,,-999.0,10.0,Canada
6696,Amit,nan,200.0,Pune,2024-10-05,,-999.0,-1.0,nan
C6697,Sneha,nan,37.0,Kolkata,,,-999.0,-1.0,UK
6698,Ravi,nan,43.0,Pune,2023-07-26,,-999.0,-1.0,Canada
C6699,Rahul,nan,200.0,nan,,,-999.0,3.0,UK
6700,Priya,F,-5.0,Bangalore,2020-12-19,2021-05-27,-999.0,2.0,nan
6701,Sneha,nan,-5.0,Pune,,2020-08-30,868.18,10.0,Canada
C6702,Ravi,nan,50.0,Kolkata,,,297.03,10.0,UK
6703,nan,male,65.0,nan,2023-09-08,,-999.0,-1.0,UK
6704,Ravi,Female,-5.0,Delhi,,,2108.28,3.0,USA
,nan,male,200.0,Delhi,2024-02-03,2023-01-02,3612.15,3.0,India
6706,Rahul,female,200.0,Hyderabad,,2021-03-11,3245.54,10.0,Australia
,nan,M,42.0,nan,,2022-12-10,3813.33,5.0,UK
6708,Ravi,Male,-5.0,Delhi,,,-999.0,10.0,India
C6709,Ankit,female,43.0,Kolkata,,,-999.0,-1.0,India
6710,Neha,M,43.0,Hyderabad,2023-05-22,,-999.0,10.0,USA
6711,Simran,F,200.0,Pune,,2020-10-26,-999.0,3.0,India
6712,nan,M,43.0,nan,,2024-12-21,4643.63,10.0,USA
6713,Amit,M,52.0,Pune,,,1633.4,-1.0,Canada
6714,Kiran,female,43.0,Mumbai,2025-05-01,2024-02-14,-999.0,5.0,Australia
6715,Amit,F,47.0,Kolkata,,,269.77,-1.0,India
C6716,Pooja,male,200.0,Bangalore,2021-11-25,,2885.85,10.0,India
,nan,Male,-5.0,Delhi,,2022-09-02,-999.0,10.0,USA
C6718,nan,male,43.0,Delhi,,2023-03-14,-999.0,-1.0,nan
6719,Neha,Male,-5.0,Chennai,,2025-01-25,-999.0,3.0,India
6720,Sneha,Male,-5.0,Chennai,,,-999.0,1.0,Australia
,Kiran,male,-5.0,Pune,,2024-06-21,-999.0,10.0,India
C6722,Ravi,F,200.0,Kolkata,,,-999.0,10.0,India
6723,Priya,female,43.0,Hyderabad,2022-12-28,2024-09-28,-999.0,10.0,India
C6724,Neha,female,200.0,Pune,2021-08-18,,-999.0,2.0,Australia
,Pooja,Female,200.0,Delhi,2024-04-25,,-999.0,5.0,India
6726,Ankit,nan,-5.0,Bangalore,2021-09-23,,-999.0,10.0,Canada
6727,Sneha,Female,43.0,nan,2022-11-04,2021-02-19,-999.0,3.0,India
6728,Priya,nan,-5.0,Mumbai,,,-999.0,3.0,Canada
,Sneha,M,43.0,Mumbai,2022-02-09,,-999.0,-1.0,USA
6730,Priya,male,-5.0,Delhi,2021-03-30,2021-12-10,-999.0,-1.0,Canada
6731,nan,M,43.0,Bangalore,,2020-10-30,-999.0,-1.0,USA
C6732,Sneha,Female,-5.0,Ahmedabad,2020-09-25,,2262.29,3.0,India
6733,nan,male,-5.0,nan,2025-08-08,,-999.0,-1.0,Canada
,Simran,female,200.0,Pune,2020-12-18,,-999.0,3.0,UK
6735,Pooja,F,200.0,Pune,2022-09-01,2022-01-23,1790.57,3.0,nan
,nan,nan,200.0,nan,,,-999.0,3.0,India
C6737,Priya,female,-5.0,Mumbai,,,4761.01,10.0,nan
6738,nan,F,-5.0,Hyderabad,,,-999.0,-1.0,India
C6739,Simran,M,22.0,Pune,2024-10-22,,216.76,3.0,nan
C6740,Rahul,M,200.0,Mumbai,,,-999.0,10.0,UK
C6741,nan,Female,69.0,Delhi,,,4331.37,-1.0,UK
,Neha,F,43.0,Bangalore,2024-08-14,,-999.0,10.0,Canada
6743,Rahul,nan,200.0,Pune,2023-05-17,,-999.0,3.0,USA
6744,Priya,M,43.0,Ahmedabad,,2021-04-18,-999.0,-1.0,Canada
6745,nan,nan,46.0,Ahmedabad,,,-999.0,5.0,India
,Kiran,female,-5.0,Pune,,,-999.0,4.0,UK
6747,Neha,male,63.0,Chennai,2025-06-25,,-999.0,-1.0,UK
,nan,F,25.0,Chennai,2023-10-05,,-999.0,4.0,nan
,Ankit,nan,43.0,Bangalore,2023-03-26,,-999.0,5.0,USA
6750,Sneha,nan,20.0,Kolkata,,,-999.0,-1.0,Australia
6751,nan,F,-5.0,Delhi,2022-02-10,2025-11-22,-999.0,-1.0,nan
6752,Priya,male,61.0,Delhi,2025-06-21,,-999.0,-1.0,USA
6753,Simran,male,-5.0,Chennai,2024-08-29,,-999.0,3.0,nan
C6754,Ankit,Male,69.0,nan,2022-02-24,,-999.0,-1.0,Australia
,Kiran,nan,200.0,Chennai,2024-04-21,,1700.76,10.0,India
C6756,Kiran,F,43.0,Pune,,2022-12-20,-999.0,3.0,India
6757,Sneha,M,200.0,Pune,2022-08-17,,19.49,1.0,Canada
6758,Priya,nan,-5.0,Hyderabad,2024-07-03,,-999.0,10.0,USA
6759,Priya,Male,43.0,Chennai,2022-02-17,,-999.0,-1.0,India
6760,Priya,male,43.0,Ahmedabad,2024-07-31,2021-11-21,-999.0,2.0,Canada
C6761,Amit,F,-5.0,Mumbai,,,-999.0,5.0,Australia
C6762,Ankit,Male,65.0,Hyderabad,,2021-10-20,-999.0,-1.0,India
,Ravi,Male,45.0,Mumbai,2024-11-14,2021-12-22,-999.0,3.0,UK
,Amit,male,200.0,Bangalore,2023-12-16,2022-07-18,-999.0,-1.0,USA
6765,Ankit,Male,200.0,nan,,,-999.0,10.0,USA
,Pooja,Male,-5.0,Delhi,2023-03-19,,4206.39,5.0,India
6767,Neha,male,200.0,Ahmedabad,2025-02-10,2024-02-24,-999.0,3.0,UK
6768,Simran,nan,200.0,Delhi,2021-08-21,,-999.0,10.0,UK
6769,Amit,F,66.0,Chennai,2024-03-16,,-999.0,-1.0,Australia
C6770,Simran,female,-5.0,Hyderabad,2023-11-26,2024-05-12,3131.54,10.0,Canada
C6771,Pooja,M,19.0,Pune,2025-05-07,2025-06-12,-999.0,1.0,Canada
,Sneha,male,200.0,Delhi,2023-10-27,,-999.0,10.0,USA
6773,Pooja,female,43.0,Hyderabad,2024-02-08,,-999.0,10.0,nan
C6774,Kiran,nan,43.0,Bangalore,,,-999.0,3.0,UK
C6775,Simran,female,-5.0,Mumbai,2023-01-04,,-999.0,3.0,nan
6776,Ankit,female,42.0,Hyderabad,2024-07-02,,-999.0,3.0,Canada
,Pooja,Male,27.0,Chennai,2021-10-18,2022-10-28,-999.0,10.0,India
6778,Ravi,nan,28.0,Pune,2025-02-23,,-999.0,1.0,Australia
6779,nan,nan,44.0,nan,2023-08-28,,-999.0,-1.0,Canada
6780,nan,male,200.0,Chennai,2025-12-23,,3906.15,3.0,UK
,Sneha,nan,200.0,Delhi,,,-999.0,-1.0,UK
,Amit,male,200.0,Ahmedabad,,2021-10-11,2790.53,3.0,USA
C6783,Pooja,female,48.0,Chennai,2021-07-02,2022-06-21,-999.0,-1.0,India
,Kiran,nan,43.0,nan,,,-999.0,3.0,UK
C6785,nan,F,-5.0,Delhi,,,-999.0,4.0,UK
C6786,nan,male,34.0,Mumbai,2023-02-10,,-999.0,3.0,nan
,Ravi,female,38.0,Delhi,,,-999.0,10.0,India
C6788,Ankit,nan,43.0,Delhi,2025-03-28,,1518.96,-1.0,India
6789,Pooja,male,43.0,Kolkata,2024-08-08,,-999.0,2.0,Canada
6790,Kiran,female,65.0,Chennai,,,-999.0,10.0,USA
6791,Amit,nan,43.0,Hyderabad,,,-999.0,4.0,Canada
,Neha,male,43.0,Hyderabad,,,-999.0,3.0,Canada
6793,Amit,nan,200.0,Pune,2020-10-31,2023-08-18,-999.0,-1.0,UK
6794,Ravi,Female,200.0,Ahmedabad,,,-999.0,3.0,USA
,Simran,male,66.0,Bangalore,,2024-08-29,-999.0,-1.0,nan
6796,Simran,F,56.0,Hyderabad,,2025-02-15,-999.0,4.0,nan
,Amit,nan,-5.0,Mumbai,2024-06-11,,1484.54,10.0,nan
C6798,Ravi,Female,43.0,Ahmedabad,2022-07-15,2022-05-17,1271.69,3.0,nan
C6799,Simran,male,43.0,Delhi,2021-06-17,,-999.0,3.0,USA
C6800,Kiran,female,59.0,Ahmedabad,,,-999.0,10.0,Canada
6801,Ankit,male,43.0,Ahmedabad,,,3583.93,3.0,Canada
C6802,Priya,male,43.0,Pune,2020-09-23,,4285.92,3.0,Australia
6803,Rahul,Female,-5.0,Chennai,2021-11-03,,-999.0,5.0,Canada
6804,Ankit,F,200.0,Ahmedabad,,,-999.0,10.0,India
6805,Neha,male,43.0,Chennai,2024-08-25,,-999.0,-1.0,India
6806,Ravi,F,43.0,Chennai,,,-999.0,3.0,USA
6807,Sneha,M,-5.0,Chennai,2021-09-21,,-999.0,-1.0,Australia
C6808,Ravi,nan,55.0,Delhi,,,-999.0,3.0,UK
6809,Rahul,Male,-5.0,nan,,,-999.0,-1.0,Canada
6810,Ravi,male,-5.0,Hyderabad,2024-10-11,,1151.97,3.0,UK
C6811,Amit,nan,-5.0,Chennai,2021-11-25,,-999.0,-1.0,UK
6812,nan,F,65.0,Ahmedabad,,2023-06-02,-999.0,3.0,nan
,Neha,Male,34.0,Pune,,2023-03-09,-999.0,10.0,nan
,Sneha,nan,-5.0,Mumbai,,,-999.0,10.0,UK
,Ankit,Male,53.0,Delhi,,,-999.0,3.0,India
C6816,Ankit,nan,-5.0,Pune,2022-05-31,,3629.23,-1.0,Australia
6817,Rahul,F,43.0,Hyderabad,,,1124.28,3.0,UK
6818,Simran,nan,44.0,Ahmedabad,,2024-06-10,-999.0,10.0,UK
,Rahul,M,-5.0,Hyderabad,,,-999.0,2.0,India
C6820,nan,male,200.0,Pune,2021-01-05,,2475.85,-1.0,Australia
6821,Pooja,Male,43.0,Bangalore,2022-02-04,,2209.14,10.0,India
,Pooja,nan,200.0,Delhi,2025-11-03,2025-09-24,-999.0,3.0,UK
,Priya,Male,200.0,Pune,2023-09-25,,2961.99,-1.0,Canada
C6824,Sneha,F,58.0,Delhi,,,-999.0,-1.0,Australia
,Simran,nan,43.0,Ahmedabad,2021-10-16,2022-05-26,-999.0,10.0,India
C6826,nan,male,200.0,Delhi,2021-06-08,,3545.12,3.0,India
C6827,Rahul,female,57.0,Ahmedabad,,,-999.0,10.0,nan
,Ankit,female,36.0,Ahmedabad,2024-07-15,2022-05-18,3933.98,10.0,Australia
C6829,Ravi,nan,35.0,nan,,,-999.0,3.0,USA
6830,Ravi,male,200.0,Ahmedabad,2023-03-23,,-999.0,-1.0,Australia
6831,Sneha,male,-5.0,Hyderabad,,,-999.0,10.0,nan
,nan,M,43.0,Kolkata,,,3624.23,4.0,UK
C6833,Ravi,nan,-5.0,Delhi,2024-03-13,2022-07-11,1046.72,3.0,UK
,nan,Male,59.0,Kolkata,2023-07-01,2022-04-21,-999.0,-1.0,Australia
,Ankit,Male,-5.0,nan,2021-02-16,,-999.0,5.0,Canada
,Simran,nan,200.0,Hyderabad,2021-08-27,,637.93,-1.0,India
6837,Kiran,nan,-5.0,Kolkata,,2022-02-02,-999.0,10.0,USA
,Neha,Female,-5.0,Bangalore,,2023-02-02,-999.0,3.0,Australia
,Kiran,Male,43.0,Mumbai,2023-12-06,,-999.0,5.0,UK
6840,Rahul,M,49.0,Delhi,,2022-04-12,2020.31,10.0,UK
6841,Rahul,female,43.0,Hyderabad,2021-07-18,2022-04-30,-999.0,3.0,India
6842,nan,male,41.0,Delhi,,,4049.47,3.0,Canada
6843,Sneha,female,200.0,Mumbai,,,3474.68,-1.0,Canada
C6844,Neha,nan,-5.0,Hyderabad,2021-12-21,,-999.0,3.0,UK
6845,Ravi,nan,-5.0,Ahmedabad,,,-999.0,10.0,Australia
6846,Kiran,F,200.0,Hyderabad,,2021-01-14,-999.0,-1.0,Canada
6847,Pooja,male,43.0,Kolkata,,,4549.5,3.0,UK
6848,Ankit,Female,-5.0,nan,,,-999.0,10.0,Canada
C6849,Simran,male,43.0,Mumbai,,2021-10-07,-999.0,10.0,India
C6850,Sneha,M,43.0,Kolkata,2021-01-31,2023-07-15,2821.35,3.0,Australia
,Neha,nan,-5.0,Delhi,2022-11-22,2021-06-13,-999.0,10.0,Canada
C6852,Pooja,F,200.0,Mumbai,2020-11-27,,-999.0,-1.0,USA
6853,Simran,nan,52.0,Mumbai,,,4470.16,3.0,USA
6854,Neha,male,200.0,Chennai,,,-999.0,3.0,UK
C6855,Ankit,F,33.0,Delhi,,,-999.0,10.0,nan
6856,nan,Female,-5.0,nan,2023-07-17,2023-02-28,-999.0,-1.0,USA
C6857,Ravi,M,27.0,Chennai,,2025-07-29,-999.0,10.0,India
6858,Simran,Male,45.0,Pune,2023-12-09,2024-09-10,-999.0,1.0,Canada
C6859,Simran,F,43.0,Bangalore,2020-10-14,2022-05-18,2066.56,10.0,nan
6860,Neha,female,43.0,Chennai,2021-12-28,2024-03-28,-999.0,-1.0,India
,Amit,Male,-5.0,Bangalore,2022-06-05,2020-09-28,-999.0,4.0,Canada
C6862,nan,Female,21.0,Hyderabad,,,-999.0,-1.0,Australia
6863,Simran,Male,43.0,nan,2025-11-30,,1115.05,10.0,nan
,Neha,female,62.0,Chennai,,,-999.0,3.0,nan
,Kiran,M,43.0,Hyderabad,,2022-12-10,-999.0,3.0,USA
6866,Sneha,M,43.0,Delhi,,2025-01-09,-999.0,3.0,India
C6867,nan,female,200.0,Chennai,,,-999.0,10.0,USA
C6868,Pooja,nan,200.0,Hyderabad,,,425.02,-1.0,India
C6869,Kiran,nan,43.0,Pune,,,-999.0,1.0,Canada
C6870,Ravi,M,43.0,Pune,,,-999.0,1.0,Canada
6871,Ankit,nan,27.0,Ahmedabad,2022-08-28,,215.58,2.0,India
6872,nan,nan,200.0,Kolkata,2025-06-20,2023-04-17,-999.0,-1.0,UK
6873,Amit,nan,22.0,Pune,,,-999.0,3.0,nan
,Ravi,female,200.0,Mumbai,,,1040.53,-1.0,UK
6875,Simran,male,-5.0,Ahmedabad,2021-03-24,,-999.0,10.0,UK
6876,nan,Male,68.0,Delhi,2020-08-14,,-999.0,1.0,Australia
C6877,Priya,F,43.0,Bangalore,2025-12-21,2022-04-18,-999.0,3.0,Australia
,Ankit,Female,-5.0,Ahmedabad,,2022-10-05,-999.0,10.0,nan
,nan,F,-5.0,Mumbai,,,-999.0,3.0,UK
6880,Amit,male,49.0,Mumbai,2025-07-31,,-999.0,-1.0,India
C6881,Rahul,nan,28.0,Mumbai,,2021-02-13,3381.59,10.0,USA
C6882,Neha,F,43.0,Ahmedabad,,,-999.0,-1.0,Australia
,Simran,M,200.0,Pune,,,150.28,10.0,USA
6884,Neha,female,43.0,Pune,,,1399.03,10.0,Canada
6885,Neha,F,-5.0,Delhi,,,139.28,10.0,nan
6886,Neha,nan,-5.0,Mumbai,2021-04-07,,-999.0,-1.0,UK
C6887,Ankit,F,56.0,Kolkata,,2021-10-08,-999.0,1.0,Canada
C6888,Neha,M,-5.0,Mumbai,,,-999.0,-1.0,India
C6889,Rahul,M,43.0,Hyderabad,,,-999.0,10.0,Australia
C6890,Ankit,nan,43.0,Delhi,2025-10-13,,-999.0,3.0,USA
,Amit,M,-5.0,Kolkata,,2022-11-29,-999.0,10.0,USA
,Pooja,nan,200.0,Ahmedabad,2024-08-27,,-999.0,3.0,UK
C6893,Neha,F,61.0,Bangalore,2025-09-06,,-999.0,-1.0,USA
C6894,nan,nan,-5.0,Hyderabad,2025-11-12,,-999.0,3.0,nan
6895,Amit,Male,43.0,Hyderabad,,,-999.0,3.0,UK
C6896,Sneha,male,43.0,nan,2022-01-31,,-999.0,1.0,USA
6897,Simran,M,43.0,Kolkata,2022-04-21,,-999.0,10.0,UK
6898,Ravi,F,-5.0,Bangalore,,,-999.0,10.0,Canada
6899,Amit,female,47.0,Ahmedabad,2024-10-11,,-999.0,3.0,UK
,Pooja,female,200.0,nan,,2023-08-15,-999.0,5.0,India
6901,Ankit,Female,200.0,Bangalore,2022-06-01,,-999.0,5.0,Canada
,Priya,nan,200.0,Chennai,2024-04-14,,-999.0,4.0,India
6903,Ankit,M,43.0,Bangalore,2021-05-15,2024-04-14,2249.9,3.0,Canada
6904,Ankit,male,18.0,Chennai,2023-07-27,,-999.0,3.0,nan
,Kiran,Male,43.0,nan,,,-999.0,4.0,Canada
C6906,Simran,nan,200.0,Delhi,,2022-11-06,-999.0,10.0,nan
,Pooja,nan,43.0,Mumbai,,,-999.0,10.0,nan
6908,Ankit,Male,46.0,nan,,,1036.94,3.0,USA
,Ankit,female,43.0,Ahmedabad,2025-10-24,2021-08-15,-999.0,10.0,USA
6910,Neha,Female,-5.0,Ahmedabad,2023-12-09,2025-06-09,1344.53,3.0,Australia
,Simran,M,200.0,Pune,,2025-05-06,-999.0,3.0,nan
6912,Ravi,nan,200.0,Kolkata,,,4041.78,-1.0,India
,Priya,nan,-5.0,Chennai,,,-999.0,3.0,USA
6914,nan,M,200.0,Kolkata,2021-01-22,2025-08-31,-999.0,3.0,nan
,Ravi,Female,49.0,Mumbai,,,-999.0,-1.0,Canada
,nan,nan,19.0,Chennai,,,-999.0,-1.0,nan
6917,nan,Female,200.0,Ahmedabad,2024-12-22,,-999.0,10.0,Canada
,Simran,Male,43.0,Ahmedabad,2025-08-05,,-999.0,3.0,India
,nan,F,43.0,Kolkata,,2022-06-14,-999.0,-1.0,Australia
,nan,female,20.0,Mumbai,2021-06-27,,-999.0,-1.0,India
6921,Rahul,F,-5.0,nan,,2021-01-13,4339.06,10.0,nan
C6922,Simran,male,70.0,nan,,,-999.0,3.0,Canada
6923,Amit,Male,-5.0,nan,2024-05-05,,-999.0,1.0,India
6924,Simran,Female,-5.0,Bangalore,2023-06-14,,-999.0,2.0,USA
6925,Simran,nan,43.0,Chennai,2023-02-04,,-999.0,10.0,India
6926,Ankit,M,-5.0,Kolkata,,2025-08-25,-999.0,3.0,India
,nan,female,43.0,Delhi,2025-10-16,2025-05-30,-999.0,-1.0,Canada
C6928,Pooja,Male,66.0,Chennai,,,1027.21,1.0,USA
6929,nan,Female,63.0,Chennai,2025-02-01,,-999.0,3.0,nan
,Simran,female,43.0,Chennai,,,-999.0,2.0,UK
6931,Amit,female,43.0,Chennai,2025-07-30,2022-07-14,-999.0,3.0,USA
,Rahul,M,-5.0,Chennai,2023-03-20,,-999.0,3.0,USA
6933,Simran,nan,35.0,Hyderabad,,,-999.0,3.0,UK
6934,Neha,female,200.0,Chennai,2021-02-14,,-999.0,3.0,UK
,Pooja,M,-5.0,Hyderabad,2024-07-10,2025-06-08,-999.0,3.0,India
6936,Kiran,Female,47.0,Pune,,2022-07-31,1492.24,10.0,Canada
6937,nan,Female,-5.0,Chennai,,,1183.78,5.0,Canada
6938,Neha,F,200.0,Kolkata,,2022-11-04,-999.0,3.0,nan
6939,Sneha,nan,200.0,Pune,,,3621.17,-1.0,UK
6940,nan,M,43.0,Chennai,,,-999.0,2.0,India
C6941,Pooja,female,43.0,Hyderabad,2021-08-06,,-999.0,3.0,USA
C6942,Ankit,Male,59.0,Kolkata,2025-11-15,,-999.0,3.0,India
6943,Priya,M,-5.0,Ahmedabad,,,-999.0,5.0,India
6944,Neha,female,200.0,Hyderabad,,,-999.0,4.0,UK
C6945,nan,F,43.0,Chennai,2023-06-07,,-999.0,3.0,UK
,Ravi,F,200.0,Hyderabad,,,-999.0,10.0,Australia
6947,Kiran,F,200.0,Chennai,,,-999.0,10.0,UK
6948,Neha,male,200.0,Mumbai,2020-12-23,2021-10-31,3227.37,4.0,Australia
6949,nan,Male,43.0,Ahmedabad,,,-999.0,10.0,UK
C6950,Pooja,female,43.0,nan,,,4283.6,10.0,nan
6951,nan,Female,45.0,Pune,2024-10-27,,2896.79,-1.0,Canada
C6952,Ankit,F,69.0,Chennai,2025-10-17,2023-04-25,-999.0,10.0,USA
C6953,Kiran,Female,43.0,Hyderabad,,,1169.72,5.0,USA
,Pooja,Male,61.0,Chennai,,2022-09-06,-999.0,3.0,Australia
6955,Rahul,nan,43.0,Bangalore,,2023-03-29,2912.25,-1.0,Canada
,Neha,F,200.0,Ahmedabad,,,-999.0,5.0,USA
,nan,Female,19.0,nan,2023-06-29,,186.24,-1.0,UK
6958,Kiran,nan,43.0,Chennai,2024-01-13,,-999.0,10.0,USA
C6959,Priya,nan,29.0,Hyderabad,,,-999.0,3.0,USA
6960,Ravi,female,200.0,Kolkata,,2025-12-14,-999.0,2.0,Canada
6961,Rahul,Male,200.0,Ahmedabad,,2025-07-13,-999.0,10.0,Canada
6962,Pooja,female,200.0,Ahmedabad,,2021-03-28,-999.0,10.0,USA
C6963,Amit,male,-5.0,nan,2020-09-18,,-999.0,3.0,India
C6964,nan,female,43.0,Bangalore,,,-999.0,1.0,UK
6965,Pooja,female,200.0,Pune,2025-11-29,,-999.0,3.0,USA
6966,Ravi,nan,-5.0,Delhi,2025-05-05,,517.4,5.0,USA
6967,Pooja,female,43.0,Kolkata,2024-04-17,,733.63,3.0,Australia
6968,Amit,nan,-5.0,Hyderabad,2024-05-26,2024-01-05,-999.0,10.0,USA
C6969,Ankit,female,64.0,Chennai,,,-999.0,10.0,India
C6970,Pooja,nan,43.0,Delhi,2021-08-21,,-999.0,10.0,nan
C6971,Amit,nan,34.0,Mumbai,2024-07-18,,-999.0,3.0,UK
,Priya,M,200.0,Kolkata,2021-01-10,,-999.0,-1.0,India
6973,Simran,male,200.0,Delhi,,2022-10-08,224.72,3.0,Australia
C6974,Priya,M,43.0,Bangalore,2025-09-25,2025-09-07,-999.0,-1.0,nan
6975,Sneha,female,31.0,Kolkata,2024-05-19,,-999.0,3.0,India
6976,Ankit,female,43.0,Ahmedabad,2023-05-21,,-999.0,1.0,USA
C6977,Ravi,F,-5.0,Pune,,,-999.0,-1.0,India
6978,Rahul,female,200.0,nan,2024-07-31,,-999.0,5.0,USA
6979,Kiran,male,28.0,Pune,2024-03-05,,4832.97,10.0,UK
,Neha,F,43.0,Pune,2021-02-04,,2045.61,10.0,Canada
6981,Rahul,Female,43.0,Ahmedabad,,,-999.0,-1.0,Canada
6982,nan,F,70.0,Delhi,,,-999.0,3.0,India
,Ravi,Female,43.0,nan,,,-999.0,3.0,India
C6984,Ravi,female,50.0,Ahmedabad,,,-999.0,3.0,USA
6985,Sneha,male,36.0,Ahmedabad,2025-07-09,,3718.32,3.0,UK
,nan,nan,38.0,Ahmedabad,2023-11-01,,-999.0,3.0,Australia
6987,Sneha,Male,200.0,Hyderabad,2025-12-03,2021-03-25,3538.84,-1.0,Australia
,nan,Male,43.0,Ahmedabad,,,-999.0,-1.0,nan
C6989,Simran,F,-5.0,nan,2025-09-03,2021-03-26,-999.0,-1.0,Canada
,Ravi,male,43.0,Chennai,,,-999.0,-1.0,India
6991,Kiran,Female,200.0,Bangalore,2023-02-02,,-999.0,1.0,India
,Ravi,female,43.0,Mumbai,2023-04-24,,-999.0,10.0,India
6993,Priya,female,43.0,Bangalore,2021-05-28,,-999.0,10.0,Canada
6994,Simran,F,43.0,Ahmedabad,,,-999.0,-1.0,Australia
,Amit,M,200.0,Bangalore,,,-999.0,3.0,USA
6996,nan,F,-5.0,Bangalore,2022-04-04,,-999.0,-1.0,nan
6997,Amit,female,67.0,nan,,,-999.0,10.0,USA
,Amit,female,200.0,Hyderabad,2024-08-09,,-999.0,10.0,India
,Ravi,Female,-5.0,Mumbai,2025-07-16,2021-05-11,-999.0,10.0,Canada
,nan,male,200.0,Hyderabad,2023-06-30,,-999.0,-1.0,Canada
C7001,Kiran,M,200.0,Hyderabad,2023-06-03,,-999.0,10.0,nan
7002,Amit,M,43.0,Hyderabad,2026-01-03,,2634.92,2.0,India
C7003,nan,Female,43.0,Kolkata,2023-01-19,,3962.19,10.0,UK
7004,Pooja,nan,-5.0,Bangalore,,,-999.0,-1.0,Australia
7005,nan,M,43.0,nan,,,2718.89,10.0,nan
C7006,Amit,Male,-5.0,Mumbai,2024-02-11,,3285.55,-1.0,UK
,Rahul,male,67.0,Ahmedabad,2025-08-30,2023-09-30,-999.0,3.0,USA
,Kiran,male,33.0,Kolkata,,,-999.0,1.0,India
C7009,Amit,nan,-5.0,Pune,,,-999.0,10.0,nan
,Ankit,nan,68.0,Pune,,,-999.0,3.0,USA
7011,nan,nan,-5.0,nan,,,3024.94,3.0,USA
7012,Kiran,M,-5.0,Ahmedabad,,,-999.0,10.0,nan
,Amit,M,43.0,Hyderabad,2020-12-28,2023-04-08,-999.0,-1.0,Canada
C7014,Priya,nan,43.0,Ahmedabad,,,-999.0,4.0,UK
7015,Kiran,nan,-5.0,Hyderabad,,2021-02-06,-999.0,-1.0,Australia
7016,Amit,nan,-5.0,Kolkata,,,1219.34,5.0,Canada
,nan,Male,-5.0,Delhi,2022-01-23,,-999.0,10.0,USA
,Sneha,male,69.0,Chennai,,,-999.0,3.0,UK
,nan,nan,43.0,Chennai,,,-999.0,3.0,Australia
7020,Amit,nan,43.0,Bangalore,2024-08-12,2023-01-17,-999.0,3.0,USA
7021,nan,Female,-5.0,Ahmedabad,2024-04-04,,294.79,10.0,USA
C7022,Simran,Female,43.0,Kolkata,2022-06-26,,-999.0,3.0,nan
C7023,Amit,F,43.0,Chennai,2022-07-11,,-999.0,-1.0,Canada
7024,Ravi,female,51.0,Kolkata,2024-04-16,,-999.0,-1.0,UK
7025,Sneha,M,70.0,Chennai,,2022-11-26,-999.0,3.0,Australia
7026,Ravi,nan,27.0,nan,,,437.8,3.0,India
C7027,Pooja,Male,68.0,Chennai,2024-12-26,,-999.0,10.0,Australia
7028,Sneha,Male,43.0,Chennai,2021-08-13,,2537.96,5.0,Australia
C7029,Simran,nan,-5.0,Pune,2020-12-14,,-999.0,3.0,Australia
,nan,nan,-5.0,Mumbai,,2025-05-28,-999.0,1.0,India
7031,Rahul,F,43.0,Pune,,2025-12-08,-999.0,3.0,UK
C7032,Ankit,male,43.0,Bangalore,2020-10-12,2025-08-16,-999.0,-1.0,USA
7033,Pooja,Male,200.0,Pune,,,-999.0,-1.0,UK
7034,Rahul,nan,-5.0,nan,,,-999.0,10.0,India
C7035,Priya,Female,43.0,Kolkata,2024-12-29,,-999.0,-1.0,India
7036,Simran,Female,22.0,Bangalore,,,-999.0,10.0,Canada
7037,Ravi,M,28.0,Kolkata,,,-999.0,3.0,Australia
,Rahul,female,200.0,nan,2022-04-02,2024-09-14,-999.0,2.0,nan
7039,Simran,nan,38.0,nan,,,-999.0,-1.0,Australia
7040,Ravi,nan,200.0,nan,2020-12-14,2025-08-18,-999.0,3.0,India
,Simran,Female,25.0,Hyderabad,2024-10-03,,-999.0,-1.0,Canada
,Pooja,Female,200.0,Hyderabad,2023-08-02,,4390.67,2.0,USA
C7043,nan,Female,43.0,Bangalore,,,-999.0,1.0,UK
C7044,Sneha,Male,49.0,nan,,2021-02-08,-999.0,10.0,UK
7045,Simran,female,37.0,Chennai,2022-05-17,2020-09-03,-999.0,3.0,nan
7046,Priya,F,200.0,Kolkata,2024-09-28,2025-08-01,-999.0,10.0,USA
7047,Sneha,male,-5.0,Mumbai,,2024-08-05,-999.0,10.0,UK
7048,Ankit,female,200.0,Hyderabad,2022-10-07,,-999.0,-1.0,Australia
C7049,nan,male,200.0,Ahmedabad,2023-01-01,2021-09-20,-999.0,3.0,India
7050,Sneha,nan,27.0,Chennai,,,-999.0,5.0,USA
7051,nan,Male,28.0,Mumbai,2022-10-14,,-999.0,5.0,India
7052,Neha,M,68.0,Bangalore,2021-07-19,,-999.0,3.0,nan
C7053,Neha,M,200.0,Pune,,,2636.16,-1.0,Australia
7054,Ravi,Female,200.0,Mumbai,2025-07-12,2025-04-11,430.91,3.0,nan
C7055,Sneha,F,40.0,Ahmedabad,2022-09-28,,-999.0,10.0,Canada
C7056,Sneha,male,-5.0,Bangalore,,2022-11-28,-999.0,2.0,nan
7057,nan,male,43.0,Ahmedabad,,,-999.0,4.0,Canada
C7058,Ankit,M,-5.0,Hyderabad,2021-05-03,2024-03-16,-999.0,-1.0,Australia
7059,nan,F,19.0,Chennai,2022-09-22,,-999.0,10.0,Australia
7060,Rahul,M,-5.0,Kolkata,2021-01-02,,-999.0,3.0,nan
7061,Kiran,Female,48.0,nan,2024-10-23,,-999.0,-1.0,Australia
7062,Simran,male,31.0,Kolkata,2024-06-03,,-999.0,3.0,Canada
,nan,female,43.0,Kolkata,,,561.8,3.0,Canada
C7064,Amit,Male,43.0,Mumbai,2025-07-07,,-999.0,10.0,USA
7065,nan,nan,43.0,Bangalore,2022-09-11,,-999.0,-1.0,India
7066,nan,male,43.0,Hyderabad,,2022-07-30,-999.0,2.0,Canada
7067,Neha,F,41.0,Pune,2021-01-18,,-999.0,10.0,Australia
7068,Neha,nan,200.0,Mumbai,,2024-11-10,4582.53,4.0,UK
,Simran,nan,43.0,nan,,,-999.0,-1.0,nan
C7070,Pooja,nan,-5.0,Mumbai,2021-09-06,,-999.0,10.0,Canada
7071,Sneha,female,29.0,Mumbai,2025-03-07,2022-07-16,221.54,3.0,Australia
C7072,Priya,nan,200.0,nan,2020-10-06,2024-07-30,-999.0,2.0,India
7073,Neha,Male,-5.0,Chennai,2023-05-18,2022-06-12,-999.0,1.0,USA
7074,Sneha,nan,63.0,Hyderabad,2025-08-20,2023-11-22,-999.0,3.0,UK
,Rahul,male,200.0,Kolkata,2025-12-15,,-999.0,1.0,Canada
,Sneha,Male,43.0,Bangalore,,,3416.83,-1.0,nan
7077,Kiran,M,43.0,Pune,2021-12-29,,-999.0,-1.0,Canada
,Priya,M,43.0,Hyderabad,2024-07-19,2024-07-22,-999.0,3.0,Canada
C7079,nan,M,-5.0,Hyderabad,2022-03-15,,-999.0,-1.0,Australia
7080,Amit,M,-5.0,Delhi,2025-05-01,,-999.0,3.0,UK
,Sneha,Female,-5.0,Hyderabad,,,-999.0,3.0,Australia
7082,Ravi,male,43.0,Delhi,,2023-03-06,-999.0,3.0,nan
,Simran,nan,37.0,Pune,,,-999.0,-1.0,India
7084,Kiran,female,43.0,nan,,2023-08-19,3397.75,1.0,India
C7085,nan,Male,200.0,Hyderabad,2023-01-09,2025-07-05,1703.69,10.0,nan
7086,Ravi,F,-5.0,Chennai,,,-999.0,5.0,UK
,Pooja,Female,-5.0,Delhi,2025-04-27,2022-12-11,-999.0,3.0,nan
C7088,Priya,M,200.0,Mumbai,,2021-01-21,4307.31,4.0,nan
C7089,Neha,nan,61.0,Mumbai,,,4554.06,10.0,Australia
,Simran,Female,-5.0,Bangalore,,,-999.0,10.0,India
7091,Ravi,Female,-5.0,Bangalore,,2024-10-03,-999.0,-1.0,Canada
7092,Sneha,nan,-5.0,Pune,,2024-04-20,-999.0,3.0,Canada
C7093,Pooja,Female,43.0,Delhi,,,-999.0,10.0,Canada
,Rahul,Female,-5.0,Delhi,,,-999.0,5.0,USA
C7095,Pooja,nan,43.0,Pune,2022-01-08,,-999.0,-1.0,nan
7096,Simran,nan,-5.0,Kolkata,,,-999.0,10.0,nan
7097,Rahul,Male,-5.0,Pune,,,4844.46,-1.0,India
7098,nan,nan,-5.0,Bangalore,2023-03-26,,-999.0,3.0,Canada
C7099,Pooja,Male,200.0,Pune,,,-999.0,-1.0,UK
C7100,Rahul,Male,22.0,Bangalore,,,-999.0,10.0,Canada
C7101,Rahul,nan,-5.0,Bangalore,,,1161.64,-1.0,nan
C7102,Pooja,Female,43.0,Pune,2022-12-10,,4115.24,3.0,Canada
C7103,nan,female,-5.0,nan,,,-999.0,-1.0,UK
,Amit,M,-5.0,Hyderabad,2025-05-26,,-999.0,10.0,Australia
C7105,Kiran,Female,-5.0,Mumbai,2024-09-26,,-999.0,-1.0,India
7106,Priya,F,-5.0,Bangalore,2025-04-21,,-999.0,3.0,India
7107,Ravi,F,-5.0,Bangalore,2021-03-12,2023-09-19,-999.0,3.0,India
7108,Simran,F,-5.0,Bangalore,2024-11-27,2022-06-14,-999.0,10.0,nan
7109,nan,Female,43.0,Kolkata,2024-07-01,,-999.0,10.0,Australia
C7110,Pooja,M,-5.0,Ahmedabad,2024-06-17,,-999.0,10.0,nan
,nan,nan,200.0,Chennai,2021-03-20,,-999.0,1.0,Australia
7112,nan,female,200.0,Chennai,2021-08-17,2022-09-26,-999.0,-1.0,nan
7113,Ankit,female,43.0,Mumbai,2025-03-24,,-999.0,10.0,UK
7114,Ravi,M,200.0,Ahmedabad,2024-04-25,,-999.0,-1.0,UK
7115,Ravi,F,-5.0,Pune,2026-01-12,,-999.0,3.0,UK
7116,nan,male,200.0,Bangalore,,,3055.02,10.0,UK
C7117,Amit,nan,40.0,Pune,2023-03-12,,-999.0,-1.0,UK
7118,Priya,female,59.0,Hyderabad,,2023-02-09,-999.0,10.0,USA
7119,nan,nan,43.0,Bangalore,,,-999.0,-1.0,UK
7120,nan,Female,43.0,Pune,,2021-08-27,3108.96,10.0,UK
,nan,Male,49.0,Hyderabad,2021-03-07,2020-10-10,3829.75,10.0,UK
C7122,Rahul,Male,43.0,Hyderabad,,2022-06-08,-999.0,3.0,UK
C7123,Ankit,nan,62.0,Hyderabad,,2023-06-26,-999.0,10.0,nan
7124,Neha,nan,70.0,Bangalore,,,217.51,1.0,USA
7125,nan,nan,43.0,Ahmedabad,2021-04-26,2023-04-18,-999.0,10.0,USA
7126,Amit,Female,200.0,Bangalore,2020-10-14,,-999.0,-1.0,India
C7127,Sneha,nan,43.0,Ahmedabad,,2020-10-30,-999.0,3.0,nan
,Neha,M,-5.0,Hyderabad,2025-10-30,2023-04-04,-999.0,3.0,UK
7129,Priya,nan,24.0,Delhi,,2021-12-19,-999.0,-1.0,Canada
,Amit,F,43.0,nan,,2022-08-04,-999.0,10.0,Australia
,nan,M,37.0,Bangalore,2023-02-04,,116.16,-1.0,nan
C7132,Amit,male,-5.0,Ahmedabad,,,-999.0,3.0,nan
7133,Kiran,F,34.0,Bangalore,,2022-11-11,-999.0,5.0,Canada
7134,Rahul,Female,43.0,Delhi,,,1603.53,1.0,USA
7135,Pooja,F,-5.0,Chennai,2020-10-23,,-999.0,10.0,USA
,Priya,nan,-5.0,Ahmedabad,,2022-08-07,-999.0,10.0,Australia
7137,nan,M,43.0,Ahmedabad,,2023-03-09,-999.0,10.0,India
,Ankit,nan,-5.0,nan,2022-01-22,,-999.0,2.0,India
C7139,Sneha,male,43.0,Hyderabad,2024-03-22,2025-01-18,-999.0,4.0,nan
7140,Kiran,nan,-5.0,Kolkata,2025-04-06,2025-07-28,-999.0,10.0,Australia
C7141,Rahul,Male,200.0,Chennai,2025-12-11,,-999.0,-1.0,Australia
,Sneha,male,-5.0,Delhi,2023-04-06,,-999.0,3.0,nan
7143,Ravi,M,200.0,Bangalore,2024-11-07,,4353.01,3.0,UK
,Rahul,M,200.0,Hyderabad,,,-999.0,-1.0,UK
7145,Priya,M,200.0,Delhi,,,-999.0,10.0,Australia
C7146,Simran,nan,69.0,nan,2022-06-15,2023-03-30,-999.0,-1.0,Australia
7147,Sneha,Female,43.0,Mumbai,2024-02-10,2025-10-25,-999.0,1.0,Canada
C7148,Amit,female,61.0,Hyderabad,,,3589.64,3.0,India
7149,Simran,Female,35.0,Hyderabad,2025-02-10,,-999.0,-1.0,Australia
7150,nan,M,36.0,Mumbai,2025-12-01,,-999.0,3.0,USA
7151,Rahul,nan,43.0,Delhi,,,-999.0,10.0,nan
,Pooja,male,65.0,Kolkata,,,34.06,3.0,Canada
7153,Pooja,Female,200.0,nan,2025-06-21,,-999.0,1.0,Canada
7154,Neha,nan,24.0,Ahmedabad,2023-07-13,2022-02-15,-999.0,3.0,India
7155,Neha,Female,43.0,Bangalore,,,693.76,4.0,UK
7156,Neha,F,43.0,Ahmedabad,2025-02-09,,3190.06,1.0,Australia
,nan,male,200.0,Pune,2022-09-26,,-999.0,10.0,Australia
C7158,Simran,Male,20.0,Mumbai,2024-07-31,2024-03-31,-999.0,10.0,UK
C7159,Pooja,nan,43.0,Bangalore,2022-01-03,,433.16,10.0,USA
C7160,Amit,Male,32.0,Chennai,2024-01-27,,2256.46,2.0,Canada
7161,Ankit,Male,57.0,Ahmedabad,,2025-08-15,-999.0,-1.0,USA
,Priya,female,200.0,Chennai,,,2987.96,3.0,UK
C7163,Neha,F,28.0,Pune,2022-06-15,,-999.0,-1.0,Canada
7164,Pooja,nan,43.0,nan,2025-06-17,2021-06-15,-999.0,3.0,Canada
7165,Simran,Male,200.0,Chennai,2024-07-23,,-999.0,10.0,Canada
7166,Ravi,female,200.0,Mumbai,,,-999.0,5.0,Canada
C7167,Priya,M,43.0,Chennai,2021-11-04,,-999.0,-1.0,India
,Kiran,nan,43.0,Delhi,,,194.78,5.0,UK
7169,Amit,M,-5.0,Bangalore,2023-12-17,2025-03-15,-999.0,-1.0,Canada
,Ankit,male,43.0,Kolkata,,,-999.0,10.0,Australia
C7171,Ankit,F,43.0,Mumbai,,,-999.0,2.0,Australia
,Ankit,F,43.0,Bangalore,,,-999.0,3.0,Australia
7173,Simran,Male,43.0,Bangalore,,2023-04-08,4437.73,2.0,Australia
,Simran,male,28.0,Ahmedabad,,2025-06-22,4172.67,-1.0,Canada
,nan,Female,69.0,Pune,,2023-11-04,-999.0,10.0,USA
,Sneha,Female,200.0,Pune,,,-999.0,-1.0,USA
7177,Neha,F,68.0,Mumbai,,2025-06-09,-999.0,10.0,Canada
,nan,nan,43.0,Delhi,,,3670.61,-1.0,UK
7179,Rahul,F,43.0,Pune,2024-04-08,2025-12-15,-999.0,-1.0,UK
7180,Priya,female,43.0,Mumbai,,,-999.0,-1.0,Canada
7181,Sneha,nan,63.0,Kolkata,,2025-09-15,3051.95,3.0,Canada
7182,nan,nan,200.0,Mumbai,2023-04-17,,-999.0,3.0,USA
C7183,Sneha,female,200.0,Delhi,,,-999.0,-1.0,nan
C7184,nan,F,-5.0,nan,2022-11-22,2021-01-20,-999.0,10.0,India
7185,Neha,female,-5.0,Ahmedabad,,,-999.0,2.0,UK
C7186,Neha,nan,200.0,Delhi,,,-999.0,-1.0,nan
C7187,Neha,Male,200.0,Mumbai,2023-12-29,2023-10-07,3593.4,10.0,Australia
C7188,Priya,male,43.0,Ahmedabad,2023-12-11,,-999.0,-1.0,Canada
7189,Sneha,nan,43.0,Bangalore,,,1846.46,-1.0,nan
C7190,nan,nan,200.0,Pune,,2024-06-10,-999.0,-1.0,nan
C7191,Ankit,F,200.0,Ahmedabad,,,-999.0,5.0,nan
7192,Rahul,M,-5.0,Kolkata,2020-08-17,,2670.92,3.0,UK
7193,Kiran,M,43.0,Hyderabad,,,-999.0,2.0,Australia
7194,Priya,male,68.0,Hyderabad,,2025-09-22,-999.0,-1.0,USA
,Amit,nan,47.0,Mumbai,,2024-05-26,3771.84,3.0,USA
7196,Neha,nan,200.0,Pune,2021-11-04,,-999.0,3.0,India
,nan,Male,43.0,nan,2023-06-18,2020-11-07,-999.0,-1.0,USA
7198,nan,male,200.0,nan,2025-06-27,,-999.0,3.0,USA
,Simran,nan,26.0,Kolkata,2024-02-21,2023-06-04,2332.76,-1.0,nan
C7200,Pooja,Male,47.0,nan,,2021-07-08,-999.0,-1.0,Australia
,nan,female,200.0,Ahmedabad,2025-06-04,,-999.0,3.0,Australia
7202,Rahul,nan,200.0,Pune,,,-999.0,3.0,UK
C7203,Amit,nan,200.0,Ahmedabad,,,-999.0,10.0,nan
7204,nan,nan,200.0,Hyderabad,2022-08-26,,1879.69,-1.0,USA
7205,Sneha,F,70.0,Mumbai,,,-999.0,10.0,Canada
7206,Priya,Female,46.0,Kolkata,,2023-09-12,-999.0,10.0,Australia
,Amit,M,43.0,Chennai,,,-999.0,3.0,India
7208,Pooja,M,-5.0,Bangalore,,2022-04-07,-999.0,3.0,nan
C7209,Ankit,Female,200.0,Kolkata,,,-999.0,10.0,India
,Pooja,M,200.0,Mumbai,2025-01-23,,967.07,-1.0,Australia
,Priya,female,66.0,Chennai,,2024-04-02,3718.46,3.0,India
C7212,Kiran,Female,-5.0,Delhi,2025-09-18,,-999.0,10.0,UK
C7213,Kiran,Female,43.0,Bangalore,,2024-03-19,-999.0,3.0,Canada
7214,Pooja,female,26.0,nan,,,65.99,10.0,UK
7215,Amit,M,50.0,Hyderabad,,,-999.0,4.0,Australia
,Ravi,Male,43.0,Hyderabad,2024-08-15,,4535.97,-1.0,USA
7217,Pooja,M,43.0,Pune,,2022-11-24,-999.0,-1.0,UK
7218,Simran,Male,-5.0,Delhi,,2024-03-01,-999.0,3.0,UK
C7219,Pooja,Male,43.0,nan,,,4331.12,10.0,Canada
7220,Pooja,nan,68.0,Bangalore,2023-06-06,,-999.0,10.0,UK
7221,Pooja,male,49.0,Bangalore,2025-07-17,,-999.0,3.0,UK
7222,Ravi,nan,43.0,Chennai,2025-01-31,,-999.0,4.0,Canada
C7223,Ravi,nan,43.0,Bangalore,,,-999.0,3.0,Canada
,Simran,Male,45.0,Ahmedabad,,,-999.0,-1.0,India
7225,Pooja,Female,43.0,Delhi,2021-02-01,2023-10-09,-999.0,3.0,Australia
,Amit,female,-5.0,Kolkata,2023-02-28,,-999.0,4.0,Australia
7227,Simran,M,43.0,Pune,2022-06-14,,-999.0,10.0,nan
7228,Neha,male,-5.0,Chennai,2022-03-10,2021-02-17,2740.93,3.0,Australia
7229,Sneha,M,30.0,nan,,,-999.0,10.0,India
,Priya,male,43.0,Hyderabad,2024-08-20,,-999.0,10.0,nan
C7231,Priya,nan,-5.0,nan,,,-999.0,3.0,Canada
C7232,Ankit,M,36.0,Mumbai,,,-999.0,-1.0,USA
7233,Pooja,Male,200.0,Chennai,2024-03-02,,2718.57,10.0,nan
7234,Kiran,Female,43.0,Kolkata,,,-999.0,-1.0,Australia
C7235,nan,male,-5.0,Delhi,2020-09-29,,-999.0,10.0,UK
7236,Neha,Female,-5.0,Kolkata,,,-999.0,-1.0,UK
C7237,Priya,F,29.0,nan,,,-999.0,10.0,USA
7238,Pooja,Female,64.0,nan,,,-999.0,3.0,Australia
7239,Neha,F,-5.0,Kolkata,2023-07-17,2024-02-08,-999.0,-1.0,India
7240,Ravi,Male,33.0,Hyderabad,2022-09-15,,-999.0,-1.0,nan
C7241,Sneha,nan,200.0,Delhi,,,2272.54,10.0,USA
7242,Sneha,Male,-5.0,nan,2025-06-19,,-999.0,-1.0,Canada
7243,Simran,M,200.0,Pune,,,-999.0,10.0,nan
7244,nan,nan,33.0,Chennai,,2024-06-12,-999.0,1.0,UK
C7245,nan,nan,39.0,Bangalore,2021-12-28,,-999.0,-1.0,UK
7246,Priya,nan,29.0,Delhi,,,-999.0,3.0,USA
,Priya,Female,44.0,Kolkata,,,-999.0,10.0,nan
7248,nan,Male,43.0,Pune,,,4211.3,10.0,Canada
C7249,Sneha,M,-5.0,Pune,2025-08-08,2022-01-30,-999.0,3.0,nan
7250,Amit,Male,200.0,Kolkata,,,-999.0,10.0,Canada
7251,Rahul,M,200.0,Mumbai,2023-11-12,,-999.0,10.0,USA
,Neha,F,200.0,Pune,,,-999.0,3.0,USA
,Ravi,Male,200.0,Hyderabad,2025-01-25,,-999.0,-1.0,Australia
C7254,Priya,male,200.0,Ahmedabad,2025-05-15,2021-09-12,-999.0,3.0,UK
,Simran,male,43.0,Bangalore,,2023-09-03,1729.14,-1.0,Australia
,Ankit,Female,43.0,Mumbai,2021-09-15,2022-08-06,2656.38,-1.0,Australia
C7257,Priya,male,-5.0,Chennai,,,4491.84,-1.0,Australia
,Pooja,F,27.0,nan,,,-999.0,3.0,nan
C7259,Rahul,M,-5.0,Mumbai,,2023-06-11,-999.0,5.0,nan
,nan,Female,43.0,Chennai,2023-03-15,2025-10-03,-999.0,3.0,Australia
C7261,Priya,male,67.0,Chennai,2020-12-03,,-999.0,-1.0,Canada
7262,Simran,nan,67.0,nan,2024-02-27,2024-03-15,-999.0,3.0,India
7263,Priya,Male,-5.0,Kolkata,,,2260.53,10.0,USA
7264,Neha,male,200.0,Pune,2025-02-11,2023-06-14,-999.0,1.0,Canada
,Ankit,Male,-5.0,Delhi,,2022-06-03,-999.0,5.0,nan
7266,Kiran,M,200.0,Delhi,2021-02-24,2021-01-01,-999.0,3.0,Canada
7267,Kiran,female,200.0,Hyderabad,,,-999.0,2.0,USA
7268,Sneha,Female,70.0,Kolkata,,2021-07-18,-999.0,10.0,USA
7269,nan,M,43.0,Ahmedabad,,,-999.0,10.0,USA
,Priya,nan,-5.0,Ahmedabad,,,-999.0,10.0,nan
,Kiran,Male,-5.0,Hyderabad,2024-11-14,,-999.0,2.0,Canada
C7272,Simran,nan,-5.0,Mumbai,,2022-11-18,-999.0,10.0,Canada
C7273,Pooja,M,-5.0,Chennai,2025-09-06,,192.06,-1.0,UK
7274,nan,female,200.0,Pune,,2021-10-05,1251.57,-1.0,Australia
,Ravi,nan,200.0,Bangalore,2023-04-03,,2150.47,3.0,India
C7276,nan,nan,-5.0,nan,2024-04-25,,-999.0,3.0,USA
,Kiran,F,32.0,Hyderabad,2022-11-19,2021-06-09,-999.0,10.0,Canada
7278,Ravi,nan,-5.0,Bangalore,2023-01-31,,-999.0,3.0,Canada
C7279,Simran,female,-5.0,nan,,,3675.24,10.0,India
,Priya,Female,200.0,Kolkata,2023-12-21,,-999.0,-1.0,USA
C7281,Kiran,nan,200.0,Pune,,,-999.0,3.0,UK
7282,nan,nan,24.0,Mumbai,2022-09-09,,27.84,4.0,India
C7283,Kiran,Male,200.0,Ahmedabad,2022-07-13,,1928.22,10.0,nan
7284,Ravi,male,43.0,Delhi,,,3263.46,10.0,nan
7285,nan,nan,36.0,Mumbai,,2024-03-03,-999.0,1.0,nan
C7286,Priya,female,-5.0,Mumbai,,2023-10-20,-999.0,-1.0,Australia
7287,Rahul,nan,43.0,Kolkata,,2021-02-03,-999.0,5.0,Canada
7288,Ravi,nan,33.0,Hyderabad,,,2356.57,3.0,Canada
7289,Pooja,M,25.0,Pune,2023-10-03,,-999.0,10.0,India
7290,Kiran,F,43.0,Chennai,2024-11-29,,-999.0,-1.0,USA
7291,Ankit,Female,43.0,Delhi,2023-05-08,,1159.08,3.0,Canada
7292,Priya,M,43.0,Kolkata,2025-05-09,,-999.0,1.0,UK
,Kiran,nan,200.0,Mumbai,2022-07-23,,-999.0,10.0,nan
7294,nan,female,-5.0,Hyderabad,,,-999.0,5.0,Australia
C7295,Ankit,Male,40.0,Chennai,,,3107.87,4.0,India
7296,nan,male,18.0,Mumbai,2021-12-19,,3354.99,3.0,nan
7297,Simran,M,-5.0,Pune,,,-999.0,1.0,UK
C7298,Pooja,M,-5.0,Ahmedabad,2025-03-30,2022-08-11,4505.37,10.0,USA
7299,Kiran,Female,200.0,Ahmedabad,2025-06-16,,-999.0,3.0,USA
C7300,Simran,male,43.0,Mumbai,,,4667.07,10.0,Canada
7301,Ankit,nan,43.0,Hyderabad,2020-12-22,,-999.0,1.0,nan
7302,Rahul,nan,41.0,Hyderabad,2024-11-28,,-999.0,3.0,nan
7303,Sneha,nan,43.0,Hyderabad,2022-10-20,,-999.0,3.0,Australia
7304,Ravi,Male,43.0,Kolkata,2022-11-13,,1396.23,3.0,nan
,Sneha,Female,43.0,Ahmedabad,2025-04-03,,-999.0,3.0,Australia
7306,Rahul,Male,41.0,Kolkata,2022-07-10,2025-10-19,537.37,3.0,Australia
C7307,Pooja,male,-5.0,Kolkata,2024-06-25,2024-09-17,-999.0,-1.0,nan
7308,Amit,F,200.0,Ahmedabad,2024-11-26,,-999.0,-1.0,nan
7309,Rahul,M,54.0,Pune,2022-11-17,,-999.0,-1.0,Australia
C7310,Priya,F,-5.0,Bangalore,,,4483.47,3.0,Canada
,Ankit,Male,43.0,Pune,,,-999.0,-1.0,USA
,nan,Male,43.0,Hyderabad,2021-06-05,,3083.46,4.0,Canada
C7313,Simran,male,-5.0,Hyderabad,2025-04-20,2025-08-29,-999.0,1.0,nan
7314,Amit,nan,200.0,Kolkata,,2023-09-26,-999.0,-1.0,UK
C7315,Ravi,nan,200.0,Ahmedabad,,2025-05-09,-999.0,-1.0,UK
,Priya,female,44.0,Bangalore,,,4784.93,3.0,nan
C7317,Simran,female,43.0,Hyderabad,2024-12-16,2025-02-14,3667.3,3.0,Australia
,Simran,female,-5.0,Ahmedabad,2024-12-11,,-999.0,-1.0,India
7319,Rahul,nan,23.0,Delhi,,,-999.0,10.0,Canada
C7320,Sneha,Female,-5.0,Chennai,2024-12-01,,-999.0,-1.0,India
,nan,Female,200.0,Pune,2023-03-10,,-999.0,-1.0,India
7322,nan,Female,-5.0,Kolkata,2023-11-19,,14.23,3.0,UK
C7323,Pooja,nan,43.0,Ahmedabad,2020-08-14,,-999.0,3.0,UK
7324,Simran,male,43.0,Bangalore,,,-999.0,2.0,nan
C7325,Neha,Female,43.0,Mumbai,2020-11-20,,-999.0,10.0,UK
7326,Priya,female,200.0,Mumbai,2023-10-29,2025-01-17,3683.76,10.0,UK
C7327,nan,male,-5.0,Chennai,,,-999.0,3.0,USA
C7328,Sneha,nan,-5.0,Pune,2025-06-12,,-999.0,3.0,Canada
7329,nan,nan,-5.0,Bangalore,2025-07-04,,-999.0,3.0,India
7330,Amit,nan,34.0,Chennai,,,-999.0,5.0,Canada
7331,Amit,F,-5.0,Kolkata,2025-12-08,,-999.0,-1.0,India
7332,Simran,male,200.0,Delhi,2022-03-29,,4074.61,-1.0,USA
,Ankit,Female,20.0,nan,2021-01-28,2024-03-30,-999.0,3.0,Canada
7334,Ankit,Female,-5.0,Mumbai,2026-01-13,,-999.0,10.0,India
7335,Simran,Female,30.0,Pune,,,771.31,-1.0,Canada
7336,Kiran,male,-5.0,Kolkata,2024-02-18,,-999.0,3.0,nan
,Simran,nan,43.0,Mumbai,2021-03-03,,-999.0,-1.0,nan
,Simran,female,43.0,Hyderabad,2021-01-16,,-999.0,1.0,Canada
C7339,Sneha,Male,27.0,Bangalore,,2021-03-21,-999.0,3.0,nan
C7340,Ravi,Male,36.0,Bangalore,,2025-06-11,-999.0,-1.0,UK
,nan,Female,-5.0,Mumbai,,,2630.7,3.0,India
7342,Simran,F,200.0,Delhi,2024-04-20,,-999.0,-1.0,India
7343,Pooja,M,-5.0,nan,2021-06-29,,694.73,2.0,UK
7344,Ankit,female,-5.0,Chennai,,,-999.0,3.0,Canada
7345,nan,male,-5.0,Mumbai,,2020-10-09,-999.0,-1.0,nan
C7346,Simran,female,200.0,Kolkata,,2024-05-21,2327.06,3.0,USA
,Ankit,male,-5.0,Bangalore,,2024-10-15,-999.0,4.0,Canada
,Kiran,Male,200.0,Delhi,2021-11-17,2025-03-19,-999.0,3.0,India
7349,Neha,M,34.0,Mumbai,2021-08-17,2021-10-02,-999.0,3.0,UK
,Neha,nan,65.0,Pune,2025-11-23,2024-02-10,-999.0,10.0,India
7351,Amit,female,28.0,Hyderabad,2020-08-17,,-999.0,3.0,nan
,Sneha,Male,67.0,Delhi,,,-999.0,3.0,UK
7353,Rahul,M,43.0,Mumbai,2022-01-28,2021-07-29,-999.0,-1.0,UK
7354,nan,M,200.0,Ahmedabad,,,-999.0,-1.0,USA
,Pooja,nan,200.0,Hyderabad,,,-999.0,10.0,UK
,Rahul,nan,-5.0,Mumbai,,2020-12-14,-999.0,3.0,Canada
C7357,Priya,Male,57.0,Bangalore,2023-08-10,2025-11-11,-999.0,-1.0,Canada
C7358,Neha,male,-5.0,Kolkata,2025-03-22,,-999.0,3.0,USA
C7359,Priya,female,200.0,Chennai,,,-999.0,3.0,USA
,Kiran,nan,34.0,Pune,,,-999.0,4.0,UK
7361,nan,nan,-5.0,Ahmedabad,2021-02-04,2022-09-13,-999.0,2.0,India
,Kiran,male,200.0,Ahmedabad,2025-05-29,2020-11-06,2027.3,3.0,USA
C7363,Kiran,male,-5.0,Ahmedabad,2021-03-19,2023-02-22,-999.0,2.0,nan
7364,Simran,female,-5.0,Mumbai,,2023-10-05,4184.65,2.0,nan
,Pooja,M,200.0,Hyderabad,2024-05-08,,-999.0,10.0,USA
,Priya,nan,18.0,Ahmedabad,2026-01-22,,-999.0,10.0,USA
7367,nan,Female,200.0,Delhi,2022-11-27,,-999.0,3.0,UK
,nan,M,43.0,Chennai,2023-11-04,,1567.78,10.0,India
7369,Ankit,male,30.0,Bangalore,,,3403.46,10.0,Canada
7370,Ankit,nan,200.0,Chennai,2020-12-07,,-999.0,10.0,India
,Ravi,Male,200.0,Ahmedabad,2020-12-22,,-999.0,3.0,India
,Priya,nan,24.0,Bangalore,,,-999.0,5.0,USA
7373,Kiran,M,200.0,Chennai,,,3923.36,3.0,nan
7374,Simran,nan,-5.0,Kolkata,2023-05-01,2025-03-18,-999.0,10.0,Canada
7375,Sneha,F,-5.0,Hyderabad,2021-07-08,,-999.0,10.0,USA
,nan,Female,32.0,Mumbai,,,2915.52,2.0,nan
C7377,Sneha,nan,200.0,Bangalore,2022-04-11,,-999.0,-1.0,India
,Ankit,Female,33.0,Pune,2021-05-05,2025-01-03,-999.0,4.0,USA
7379,Ankit,M,40.0,Delhi,,,-999.0,3.0,nan
C7380,Sneha,nan,-5.0,Pune,,2022-05-10,2849.93,-1.0,India
,Priya,nan,200.0,Hyderabad,,,-999.0,10.0,Australia
C7382,Ravi,nan,200.0,Bangalore,,,-999.0,10.0,UK
C7383,Priya,nan,43.0,Hyderabad,,,-999.0,10.0,USA
7384,Neha,nan,-5.0,Delhi,2020-11-24,2022-05-25,3933.05,3.0,USA
7385,nan,nan,39.0,Chennai,,,-999.0,-1.0,USA
7386,Ravi,Male,55.0,nan,2022-02-05,2021-12-05,-999.0,3.0,Canada
C7387,Pooja,F,-5.0,Delhi,,2025-03-01,-999.0,-1.0,USA
C7388,Sneha,male,-5.0,Kolkata,,2025-05-06,-999.0,10.0,Canada
7389,Ankit,F,43.0,Bangalore,2025-03-11,,-999.0,10.0,Australia
,Pooja,nan,43.0,nan,,,1731.26,10.0,Australia
7391,Kiran,M,70.0,nan,2023-11-23,,-999.0,10.0,nan
7392,Sneha,nan,-5.0,Kolkata,,,-999.0,-1.0,nan
,Neha,Male,-5.0,Hyderabad,2025-12-17,,-999.0,10.0,USA
7394,Ravi,nan,63.0,nan,,,-999.0,-1.0,USA
C7395,Priya,Female,-5.0,Bangalore,,2021-09-03,-999.0,5.0,India
7396,Ravi,M,-5.0,Delhi,,,-999.0,10.0,India
7397,Ravi,F,43.0,Ahmedabad,2021-09-18,,-999.0,10.0,nan
7398,Simran,female,-5.0,Mumbai,2024-06-29,,-999.0,3.0,Australia
C7399,Kiran,Female,-5.0,Chennai,,2024-04-16,-999.0,-1.0,UK
,Rahul,male,-5.0,Hyderabad,,,-999.0,3.0,Canada
C7401,Sneha,nan,200.0,nan,2020-09-26,,-999.0,10.0,India
7402,Kiran,female,-5.0,Mumbai,2023-09-30,2025-09-05,-999.0,3.0,UK
C7403,Ankit,female,42.0,Pune,,,-999.0,10.0,Canada
7404,Pooja,F,26.0,Pune,2022-03-25,2025-02-20,3509.46,10.0,UK
C7405,nan,female,200.0,nan,2025-03-18,,-999.0,2.0,India
,Amit,female,200.0,Delhi,,,-999.0,10.0,UK
7407,Ankit,Female,200.0,Kolkata,2024-09-30,,2172.8,1.0,UK
7408,Priya,M,200.0,Kolkata,2022-10-20,,-999.0,3.0,Australia
7409,nan,Female,-5.0,nan,2021-10-27,,-999.0,-1.0,nan
,Amit,Male,33.0,Pune,2021-12-13,2022-08-08,3494.93,-1.0,Canada
C7411,Sneha,nan,40.0,Mumbai,,,3381.74,-1.0,nan
7412,Pooja,female,200.0,Pune,,,2884.77,3.0,Australia
,Ankit,female,-5.0,Pune,,2022-01-06,-999.0,1.0,USA
7414,nan,nan,200.0,nan,,,4238.63,4.0,USA
7415,Ravi,Male,43.0,nan,,2020-08-13,-999.0,-1.0,Australia
7416,Priya,F,200.0,Hyderabad,,,-999.0,-1.0,Australia
7417,Rahul,nan,200.0,nan,2023-09-13,,-999.0,1.0,Canada
,Simran,Male,-5.0,Mumbai,,,-999.0,3.0,Australia
C7419,Ankit,nan,200.0,Kolkata,2023-11-14,,-999.0,-1.0,Canada
7420,Simran,nan,43.0,Hyderabad,2021-10-02,2025-12-18,-999.0,3.0,UK
7421,Priya,female,200.0,Ahmedabad,,,-999.0,-1.0,USA
7422,Simran,Male,33.0,Delhi,,2024-08-26,-999.0,3.0,USA
7423,Kiran,nan,200.0,Kolkata,,,-999.0,-1.0,India
7424,Simran,male,200.0,Delhi,2023-07-09,,2428.95,-1.0,nan
7425,Rahul,nan,-5.0,Kolkata,,,-999.0,1.0,Canada
7426,Priya,nan,43.0,Kolkata,,,-999.0,3.0,nan
,Pooja,nan,57.0,Delhi,2024-04-22,2025-01-19,3442.54,10.0,USA
7428,Ankit,F,66.0,Pune,2023-12-08,2024-05-31,166.34,3.0,Canada
,Amit,Female,-5.0,nan,,,-999.0,10.0,India
C7430,Ravi,Male,43.0,Chennai,2024-09-21,,-999.0,-1.0,nan
7431,Amit,nan,200.0,Kolkata,2025-11-30,,3605.56,3.0,India
C7432,Neha,Female,200.0,Hyderabad,2020-08-08,,-999.0,10.0,UK
C7433,Rahul,M,200.0,Bangalore,,,1679.52,3.0,Canada
7434,Ravi,M,200.0,nan,2023-01-02,2021-10-13,-999.0,1.0,Canada
C7435,Sneha,nan,-5.0,Chennai,2022-10-23,2020-08-30,-999.0,2.0,Canada
C7436,nan,F,200.0,Kolkata,2022-07-30,,-999.0,3.0,USA
7437,nan,Male,52.0,nan,,2023-10-06,-999.0,3.0,Canada
7438,Ravi,Female,24.0,Kolkata,2023-09-09,,-999.0,3.0,India
,Rahul,Female,-5.0,Kolkata,,2021-03-02,3387.6,10.0,UK
C7440,Neha,nan,-5.0,Delhi,2022-08-04,2021-01-25,-999.0,3.0,USA
,Amit,female,43.0,Chennai,2025-04-11,,-999.0,3.0,Canada
7442,Amit,nan,51.0,nan,,2023-09-04,1767.86,4.0,India
,Kiran,male,-5.0,Mumbai,,,4925.23,-1.0,Australia
C7444,Rahul,Female,30.0,Delhi,,2023-10-25,-999.0,10.0,Australia
C7445,Simran,nan,43.0,Kolkata,,2021-12-27,-999.0,-1.0,Australia
,nan,Female,-5.0,Bangalore,2022-08-03,2023-03-28,-999.0,1.0,USA
C7447,Amit,nan,-5.0,Pune,,,4143.3,3.0,Australia
7448,Rahul,Female,200.0,Pune,,2023-11-27,-999.0,3.0,Australia
C7449,Ankit,female,200.0,Ahmedabad,2023-08-09,,-999.0,-1.0,Australia
7450,Sneha,male,200.0,Delhi,2023-04-21,2020-12-23,-999.0,10.0,India
7451,Ankit,Male,28.0,Mumbai,2024-01-06,,227.54,3.0,Canada
,Kiran,Male,-5.0,Hyderabad,2023-06-10,,-999.0,10.0,India
,Kiran,nan,200.0,Bangalore,2022-07-31,,-999.0,1.0,Canada
7454,Sneha,nan,-5.0,Pune,2023-06-24,,-999.0,3.0,India
7455,Sneha,Female,43.0,nan,2023-07-19,,-999.0,3.0,India
7456,Kiran,F,43.0,Ahmedabad,,,-999.0,1.0,USA
7457,Neha,nan,43.0,Pune,2022-01-08,,-999.0,3.0,India
,Sneha,female,-5.0,nan,2021-08-03,,-999.0,3.0,USA
7459,Neha,male,-5.0,Kolkata,2022-01-23,,-999.0,-1.0,India
7460,Ankit,male,31.0,Delhi,,,-999.0,3.0,USA
7461,Simran,female,200.0,Ahmedabad,2023-06-11,,-999.0,5.0,USA
,nan,M,200.0,Kolkata,2020-08-21,,-999.0,3.0,USA
,Ravi,Female,-5.0,Hyderabad,,,-999.0,-1.0,Australia
,Pooja,female,22.0,Mumbai,2021-09-02,,-999.0,-1.0,Canada
,Sneha,nan,-5.0,Chennai,2025-06-30,2023-12-12,-999.0,3.0,UK
,Priya,nan,43.0,Ahmedabad,,2023-12-12,-999.0,3.0,nan
7467,Sneha,nan,43.0,Bangalore,,2025-07-10,847.57,3.0,nan
C7468,Amit,female,26.0,Hyderabad,,,-999.0,3.0,Australia
7469,Priya,M,43.0,Hyderabad,2024-06-30,,-999.0,-1.0,USA
C7470,Simran,Female,43.0,Bangalore,,,-999.0,10.0,UK
7471,Priya,nan,43.0,Kolkata,2020-08-27,2022-09-13,-999.0,1.0,nan
7472,Kiran,nan,43.0,Ahmedabad,,2022-12-27,-999.0,4.0,Australia
7473,nan,M,200.0,Kolkata,2024-09-17,2023-01-01,-999.0,10.0,India
7474,Simran,female,-5.0,nan,2024-08-10,,3556.94,10.0,nan
,Pooja,nan,200.0,nan,,2025-07-07,-999.0,10.0,Australia
C7476,Neha,nan,200.0,Bangalore,2021-09-13,2025-01-24,-999.0,5.0,nan
,nan,M,25.0,Delhi,2023-03-02,2024-07-23,-999.0,3.0,Australia
C7478,Simran,Female,-5.0,Delhi,2022-05-11,,-999.0,3.0,Australia
,nan,nan,43.0,Kolkata,2020-10-21,,2934.77,-1.0,USA
7480,Neha,M,41.0,Bangalore,2022-12-10,,424.93,10.0,Canada
7481,Simran,nan,46.0,Chennai,,,-999.0,3.0,nan
C7482,Simran,M,43.0,nan,,,2659.12,10.0,USA
C7483,nan,Male,22.0,Bangalore,,2020-12-26,2080.67,10.0,Canada
,Simran,F,-5.0,Chennai,,2021-02-09,-999.0,10.0,India
7485,Priya,male,42.0,Ahmedabad,2025-10-28,,-999.0,1.0,USA
,Neha,male,200.0,Kolkata,,2025-03-07,-999.0,2.0,Australia
C7487,Ravi,F,200.0,Ahmedabad,,,-999.0,10.0,India
7488,Amit,Female,-5.0,Kolkata,2023-07-08,,-999.0,10.0,UK
7489,Pooja,Female,-5.0,Chennai,2023-05-18,2024-05-15,-999.0,3.0,UK
7490,Rahul,M,26.0,Pune,,,1635.71,3.0,Australia
C7491,Priya,female,43.0,Bangalore,,,-999.0,-1.0,UK
7492,Neha,F,50.0,Kolkata,,,4646.04,3.0,Canada
7493,Amit,nan,68.0,nan,,,4693.47,10.0,nan
,Pooja,nan,200.0,Kolkata,,,-999.0,-1.0,UK
7495,nan,nan,43.0,Hyderabad,,,-999.0,3.0,UK
,Kiran,Female,43.0,Delhi,,,-999.0,-1.0,Australia
C7497,Priya,F,200.0,Hyderabad,,,-999.0,-1.0,Canada
C7498,Kiran,F,200.0,Pune,,,2435.62,-1.0,UK
7499,Ankit,Male,61.0,Bangalore,,,4460.33,3.0,USA
,Amit,Male,200.0,Delhi,2023-08-18,,-999.0,3.0,nan
,Ravi,Male,200.0,Hyderabad,2025-01-30,,-999.0,3.0,USA
7502,Neha,nan,200.0,Hyderabad,2024-12-22,,-999.0,1.0,India
,Amit,Male,200.0,Pune,,,-999.0,-1.0,nan
,Simran,nan,200.0,nan,,,-999.0,10.0,Canada
,Pooja,F,43.0,Kolkata,,,-999.0,10.0,nan
,Kiran,nan,43.0,Bangalore,2023-12-11,,-999.0,3.0,Canada
7507,Pooja,nan,24.0,Bangalore,2025-02-03,2025-02-04,-999.0,-1.0,India
7508,Amit,M,-5.0,Hyderabad,2025-06-25,,-999.0,10.0,USA
7509,nan,M,200.0,Mumbai,,2021-11-11,-999.0,10.0,UK
C7510,Simran,nan,43.0,Pune,,,-999.0,-1.0,Australia
7511,Rahul,nan,43.0,Hyderabad,2022-11-26,,2236.59,3.0,Canada
7512,Rahul,male,-5.0,Chennai,2025-07-15,2021-08-01,-999.0,2.0,India
7513,Rahul,M,-5.0,Mumbai,2022-01-31,,-999.0,-1.0,UK
,nan,nan,200.0,Kolkata,,,-999.0,10.0,nan
,Ankit,nan,-5.0,Pune,2025-06-01,,-999.0,1.0,nan
C7516,Pooja,female,200.0,Mumbai,,2022-10-29,-999.0,3.0,India
,nan,Female,43.0,Hyderabad,2025-05-14,,-999.0,3.0,Canada
C7518,Amit,nan,50.0,Kolkata,2021-04-28,,-999.0,3.0,India
C7519,nan,nan,-5.0,Chennai,,,1254.19,3.0,USA
,Amit,Male,43.0,Hyderabad,2022-10-25,,-999.0,10.0,Australia
C7521,Pooja,M,43.0,Chennai,2021-09-04,,-999.0,10.0,Australia
7522,Priya,nan,200.0,Hyderabad,,,-999.0,4.0,Canada
C7523,Rahul,M,200.0,Chennai,2023-04-10,,-999.0,5.0,Australia
C7524,Rahul,nan,43.0,nan,2021-02-13,2021-03-24,-999.0,10.0,USA
C7525,Simran,Female,31.0,Delhi,,,-999.0,10.0,nan
7526,Simran,F,43.0,Pune,,,-999.0,-1.0,nan
,Rahul,M,40.0,Bangalore,,,-999.0,10.0,nan
7528,Ankit,female,200.0,Ahmedabad,,,-999.0,1.0,USA
7529,Ravi,nan,200.0,Chennai,2025-03-12,,-999.0,3.0,Australia
7530,Rahul,F,200.0,Hyderabad,2023-03-06,,-999.0,-1.0,Australia
7531,nan,Male,-5.0,nan,,2022-05-22,-999.0,3.0,UK
,Pooja,Male,43.0,Chennai,,2025-06-30,-999.0,-1.0,USA
7533,Ankit,Female,42.0,Ahmedabad,,2023-04-21,-999.0,-1.0,UK
7534,Kiran,Male,43.0,Hyderabad,2024-07-19,,-999.0,1.0,Australia
7535,Sneha,M,-5.0,nan,2022-06-28,,4533.25,-1.0,UK
7536,Amit,nan,37.0,Mumbai,,,-999.0,4.0,Canada
7537,Ravi,nan,-5.0,nan,2022-06-11,,-999.0,-1.0,UK
7538,Pooja,female,49.0,Pune,,2025-01-26,-999.0,-1.0,USA
C7539,Rahul,F,29.0,Bangalore,,,-999.0,10.0,Canada
7540,Kiran,female,200.0,Kolkata,2023-11-15,,282.25,4.0,Australia
,nan,nan,64.0,Delhi,2025-07-03,,3639.0,3.0,Canada
7542,nan,Female,200.0,Ahmedabad,2023-10-08,2023-08-22,-999.0,10.0,Canada
7543,Pooja,nan,200.0,Mumbai,2024-06-10,2023-06-27,-999.0,3.0,USA
7544,nan,female,200.0,nan,,2022-09-25,3931.0,3.0,UK
7545,Neha,Female,-5.0,Mumbai,2024-09-09,2021-12-15,-999.0,10.0,Australia
7546,Neha,F,27.0,Chennai,,2021-08-18,-999.0,10.0,USA
,Priya,nan,43.0,Delhi,2024-09-11,2023-05-31,-999.0,-1.0,nan
C7548,Simran,F,200.0,Hyderabad,2023-07-17,2025-03-11,1865.85,3.0,nan
7549,Kiran,nan,200.0,Ahmedabad,2021-06-30,2025-11-07,2493.37,-1.0,India
7550,Pooja,Female,200.0,Hyderabad,2021-03-22,,-999.0,10.0,Canada
C7551,Pooja,nan,200.0,Hyderabad,,,-999.0,3.0,India
C7552,Simran,male,43.0,Bangalore,,2025-02-10,-999.0,10.0,Canada
,nan,Male,-5.0,Mumbai,2020-09-10,,-999.0,10.0,Canada
,Pooja,Male,43.0,Delhi,2025-11-24,2025-08-18,-999.0,10.0,Australia
,Simran,F,43.0,Mumbai,2025-05-22,,-999.0,10.0,India
C7556,Amit,F,18.0,nan,2021-02-07,,2632.9,10.0,nan
,Priya,nan,43.0,Ahmedabad,,,-999.0,5.0,nan
,Simran,male,69.0,Pune,2025-07-28,,-999.0,2.0,nan
C7559,Priya,male,-5.0,Pune,2020-10-06,2024-10-10,557.46,5.0,Australia
,Priya,female,24.0,Bangalore,,,3023.03,4.0,UK
7561,Neha,F,43.0,Pune,2023-12-11,2022-12-26,712.81,2.0,UK
7562,nan,nan,200.0,Hyderabad,,,-999.0,3.0,UK
7563,Priya,M,43.0,Mumbai,,,-999.0,3.0,Australia
7564,Ravi,Male,200.0,Mumbai,2024-06-22,2023-12-21,-999.0,10.0,Canada
7565,Neha,Female,200.0,Ahmedabad,,2025-08-01,3370.62,3.0,India
,Sneha,F,200.0,Delhi,2024-03-10,,-999.0,-1.0,USA
7567,Simran,M,70.0,Delhi,2020-08-22,,-999.0,3.0,USA
7568,nan,F,21.0,Chennai,2025-12-21,,-999.0,2.0,Australia
,Ankit,M,60.0,Bangalore,2025-02-17,,3944.42,-1.0,UK
C7570,Ankit,nan,200.0,Chennai,2023-10-17,,-999.0,5.0,Canada
C7571,Ankit,Male,200.0,nan,2021-11-10,2022-01-07,232.0,3.0,Australia
7572,Pooja,nan,29.0,nan,,2022-05-12,-999.0,5.0,nan
,nan,Female,39.0,Chennai,,2021-12-23,3593.7,3.0,USA
C7574,Amit,nan,66.0,Delhi,2025-10-19,,-999.0,10.0,Canada
,Amit,Female,-5.0,Mumbai,2022-05-29,,-999.0,-1.0,UK
,Neha,male,19.0,Delhi,2021-10-13,,688.05,-1.0,UK
,Priya,nan,-5.0,Delhi,,,-999.0,5.0,Australia
C7578,Neha,nan,68.0,Kolkata,,,4827.23,3.0,nan
7579,Ravi,F,68.0,Delhi,2025-02-06,,-999.0,3.0,nan
7580,Kiran,male,43.0,Delhi,2021-07-28,,-999.0,3.0,Australia
C7581,Ankit,Male,-5.0,Kolkata,,,1615.42,3.0,Canada
,Pooja,M,-5.0,Pune,2022-01-19,,-999.0,-1.0,USA
,Priya,male,60.0,Pune,,,-999.0,10.0,Australia
7584,Neha,female,52.0,nan,2020-10-06,2025-02-22,-999.0,3.0,nan
,Sneha,Male,37.0,Pune,,,-999.0,-1.0,Australia
7586,Pooja,F,22.0,Hyderabad,2025-01-28,,-999.0,5.0,UK
7587,Pooja,nan,34.0,Bangalore,,,2726.97,1.0,nan
7588,Ankit,Female,200.0,Ahmedabad,2024-06-11,2023-09-16,-999.0,-1.0,India
7589,Sneha,F,43.0,Chennai,,,-999.0,3.0,UK
C7590,nan,nan,-5.0,Kolkata,,,-999.0,10.0,Australia
7591,Priya,Female,200.0,Pune,,,-999.0,-1.0,India
7592,nan,Male,43.0,nan,,,-999.0,3.0,USA
7593,Pooja,Male,69.0,Kolkata,2025-09-24,2025-02-07,-999.0,-1.0,Canada
7594,Priya,male,43.0,Chennai,2025-01-11,2025-06-25,-999.0,10.0,UK
C7595,Sneha,male,41.0,Hyderabad,,2021-10-07,-999.0,3.0,India
,Sneha,nan,200.0,Bangalore,,2021-03-24,-999.0,3.0,Canada
,Ankit,Male,69.0,Mumbai,,,-999.0,4.0,nan
7598,Sneha,female,-5.0,nan,2025-05-07,,-999.0,2.0,Australia
7599,Sneha,F,200.0,Hyderabad,,2020-12-30,-999.0,10.0,UK
7600,Priya,nan,-5.0,Kolkata,2025-06-07,2023-12-10,-999.0,1.0,Canada
7601,Rahul,nan,32.0,Delhi,,,-999.0,-1.0,nan
7602,Sneha,Male,43.0,Chennai,,2025-03-23,-999.0,-1.0,USA
C7603,Rahul,nan,41.0,Bangalore,,,2319.16,-1.0,USA
,Sneha,male,-5.0,Mumbai,2025-09-30,,-999.0,10.0,UK
,nan,female,-5.0,Kolkata,2020-11-10,2025-06-28,-999.0,-1.0,UK
,nan,Male,200.0,Mumbai,,,3279.26,3.0,USA
,Ankit,F,43.0,Mumbai,2024-04-08,,-999.0,10.0,Australia
C7608,Priya,F,43.0,Bangalore,,,-999.0,3.0,India
7609,Kiran,nan,-5.0,nan,,,-999.0,3.0,Canada
C7610,Kiran,male,-5.0,Hyderabad,,,1888.24,3.0,UK
7611,Ankit,male,58.0,Kolkata,2023-08-17,,-999.0,10.0,USA
7612,Simran,male,-5.0,Kolkata,2025-02-21,2025-08-19,-999.0,5.0,USA
C7613,Sneha,nan,43.0,Kolkata,,,-999.0,3.0,Australia
,Sneha,Male,43.0,Delhi,2024-09-02,2020-08-13,-999.0,-1.0,UK
7615,Ankit,Female,-5.0,Bangalore,,,-999.0,10.0,India
7616,Kiran,female,20.0,Delhi,2025-04-09,2022-04-18,-999.0,3.0,Canada
7617,Kiran,female,43.0,Pune,2020-08-22,,-999.0,3.0,UK
7618,Ravi,Male,200.0,Chennai,,,-999.0,3.0,nan
7619,Sneha,Female,47.0,Pune,,2021-04-03,-999.0,-1.0,nan
C7620,Simran,Male,55.0,Delhi,2024-11-05,2024-04-21,-999.0,-1.0,Canada
7621,Amit,Male,-5.0,Ahmedabad,2024-11-04,,-999.0,3.0,Canada
7622,nan,female,200.0,Delhi,,,-999.0,10.0,USA
C7623,Kiran,nan,43.0,Pune,,,-999.0,1.0,nan
7624,Simran,female,-5.0,Mumbai,,,-999.0,1.0,USA
C7625,Pooja,nan,43.0,Kolkata,,,155.61,3.0,India
7626,Sneha,M,43.0,Pune,,2022-10-06,3572.57,10.0,Canada
7627,Ravi,female,58.0,Pune,,,3189.34,10.0,nan
7628,Pooja,M,60.0,Ahmedabad,2022-09-21,2023-12-04,-999.0,3.0,USA
C7629,nan,Male,59.0,Hyderabad,2025-11-08,,1567.83,3.0,India
7630,Sneha,male,-5.0,nan,2023-09-02,2025-10-30,-999.0,10.0,nan
7631,Ravi,male,200.0,Ahmedabad,,,-999.0,-1.0,Canada
C7632,Pooja,F,43.0,nan,,,1048.41,3.0,Australia
7633,nan,Male,200.0,Kolkata,,,-999.0,3.0,USA
C7634,Kiran,nan,43.0,Chennai,2022-03-15,,3463.16,3.0,UK
7635,nan,Male,200.0,Hyderabad,,2022-09-11,-999.0,-1.0,USA
C7636,nan,nan,200.0,Delhi,2024-09-20,,2341.55,10.0,Australia
,Amit,Female,63.0,Bangalore,2021-01-07,2022-09-20,-999.0,-1.0,India
7638,Amit,nan,-5.0,Pune,,,-999.0,10.0,USA
7639,Amit,female,-5.0,Chennai,2024-08-09,,540.51,3.0,Canada
7640,Amit,male,43.0,Kolkata,2021-10-23,,-999.0,5.0,Canada
7641,nan,Male,43.0,Hyderabad,2021-11-19,,2460.65,-1.0,Australia
7642,nan,female,23.0,Bangalore,,,-999.0,-1.0,nan
C7643,Rahul,female,50.0,nan,,,-999.0,3.0,UK
,Amit,nan,43.0,Ahmedabad,,,-999.0,10.0,Canada
,nan,female,-5.0,Mumbai,,2022-01-23,-999.0,1.0,USA
7646,nan,Female,-5.0,Pune,,,74.67,-1.0,nan
7647,nan,male,20.0,Ahmedabad,2025-04-19,,-999.0,3.0,UK
7648,Neha,female,200.0,Hyderabad,2025-01-30,2021-05-22,-999.0,4.0,nan
,Ankit,Male,-5.0,Chennai,,,-999.0,-1.0,USA
7650,Neha,F,200.0,Ahmedabad,2020-10-29,,2074.43,4.0,Australia
7651,Neha,female,56.0,Delhi,2024-09-14,,-999.0,10.0,Australia
7652,Sneha,male,43.0,Ahmedabad,,2025-04-22,-999.0,3.0,nan
,Sneha,female,43.0,Hyderabad,,,-999.0,-1.0,Canada
7654,Amit,nan,200.0,Delhi,,2022-07-30,-999.0,-1.0,nan
,Sneha,Male,-5.0,Mumbai,,,-999.0,10.0,UK
,Neha,female,51.0,Hyderabad,,,-999.0,3.0,USA
,Neha,M,43.0,Kolkata,,2022-09-11,-999.0,3.0,nan
7658,Pooja,Female,50.0,Mumbai,2024-01-02,,-999.0,1.0,USA
,nan,M,43.0,Hyderabad,2023-06-24,2020-11-21,-999.0,10.0,UK
C7660,Sneha,Female,43.0,Hyderabad,,2024-03-29,-999.0,10.0,USA
7661,Ankit,female,200.0,Hyderabad,,2022-07-28,-999.0,2.0,UK
C7662,Ravi,female,43.0,Delhi,,,-999.0,2.0,UK
,Priya,Male,43.0,Hyderabad,2024-02-29,2024-02-24,-999.0,5.0,USA
,Amit,F,-5.0,Chennai,,,-999.0,-1.0,nan
C7665,Ankit,male,200.0,Chennai,,2023-09-24,1182.08,10.0,USA
C7666,Ankit,nan,-5.0,Kolkata,2022-05-19,2023-04-12,721.58,-1.0,Canada
C7667,Rahul,F,43.0,Kolkata,2025-12-19,,-999.0,10.0,nan
C7668,Ravi,Female,43.0,Delhi,2021-03-07,,-999.0,3.0,India
,Amit,Male,-5.0,Kolkata,2022-08-09,,-999.0,2.0,USA
7670,Sneha,female,45.0,Kolkata,2021-05-05,,-999.0,10.0,USA
,Pooja,male,-5.0,Hyderabad,2021-04-21,,-999.0,3.0,nan
C7672,Kiran,M,-5.0,nan,2020-09-01,,-999.0,-1.0,Australia
C7673,Priya,Male,31.0,Pune,,2024-10-24,-999.0,-1.0,India
7674,Sneha,Female,-5.0,Ahmedabad,2023-11-08,,-999.0,-1.0,India
7675,Kiran,male,-5.0,nan,2022-10-26,,3293.21,10.0,Canada
C7676,Ravi,Male,-5.0,Chennai,,,-999.0,5.0,UK
7677,Simran,nan,-5.0,Chennai,,2024-05-23,-999.0,3.0,Canada
C7678,Rahul,Female,65.0,nan,,,-999.0,4.0,nan
7679,nan,M,43.0,Pune,2023-01-19,,-999.0,10.0,USA
C7680,Neha,Male,25.0,Ahmedabad,2023-10-28,2026-01-20,-999.0,3.0,Australia
7681,Pooja,male,43.0,Ahmedabad,2023-04-02,,2330.94,10.0,USA
C7682,Neha,female,43.0,Chennai,2021-05-29,,-999.0,3.0,USA
7683,Rahul,nan,200.0,nan,2022-07-24,,-999.0,10.0,Australia
7684,Neha,F,200.0,Chennai,,,2069.75,5.0,USA
7685,nan,Male,68.0,Delhi,2020-10-26,2024-04-28,1863.98,10.0,Australia
C7686,Kiran,nan,-5.0,Bangalore,,,-999.0,5.0,USA
7687,Pooja,female,38.0,Mumbai,2022-03-15,,-999.0,-1.0,India
7688,Amit,nan,-5.0,nan,,,-999.0,3.0,UK
C7689,Neha,nan,64.0,nan,2023-03-27,,-999.0,3.0,USA
7690,Ravi,female,32.0,nan,2022-03-28,,890.23,3.0,Canada
7691,Pooja,Female,-5.0,Kolkata,,,4936.65,1.0,nan
7692,nan,nan,200.0,Bangalore,,,-999.0,10.0,nan
C7693,nan,M,200.0,Ahmedabad,,2023-07-17,-999.0,10.0,nan
7694,Priya,M,27.0,Ahmedabad,2024-02-20,2024-02-14,-999.0,2.0,India
7695,Priya,Male,43.0,Delhi,,2022-06-30,-999.0,-1.0,USA
,nan,Male,44.0,Bangalore,,,-999.0,-1.0,nan
7697,Rahul,Female,200.0,Pune,,,-999.0,10.0,India
C7698,Rahul,Male,200.0,Chennai,,2020-08-17,-999.0,3.0,UK
7699,Priya,M,200.0,Mumbai,2023-11-28,2023-05-12,-999.0,-1.0,Australia
,Kiran,F,43.0,Mumbai,,,-999.0,10.0,Canada
C7701,Ankit,F,-5.0,Delhi,,,-999.0,10.0,UK
7702,Sneha,female,43.0,Bangalore,,2022-05-07,3116.49,3.0,India
7703,Simran,female,200.0,Bangalore,2025-12-12,,-999.0,5.0,UK
7704,Rahul,M,-5.0,Mumbai,2025-04-20,2023-03-29,-999.0,-1.0,India
7705,Amit,Male,200.0,nan,2024-05-26,2025-06-25,4193.19,3.0,India
C7706,Amit,F,43.0,Bangalore,2025-02-11,2025-03-03,-999.0,10.0,India
7707,Kiran,Male,59.0,Hyderabad,,,-999.0,5.0,nan
7708,Priya,male,200.0,Hyderabad,2023-06-29,,-999.0,2.0,USA
C7709,nan,nan,43.0,Pune,,,-999.0,10.0,USA
C7710,Amit,M,54.0,Hyderabad,,2023-07-13,-999.0,10.0,nan
7711,nan,male,43.0,Pune,2025-08-11,2021-01-04,-999.0,-1.0,nan
7712,Ravi,Male,43.0,Chennai,2024-06-19,,-999.0,3.0,India
7713,Priya,nan,32.0,Delhi,2025-09-03,,3327.34,3.0,Australia
,Ankit,Female,43.0,Kolkata,,2023-08-21,-999.0,5.0,India
7715,Priya,Male,43.0,Hyderabad,,,4735.25,-1.0,India
7716,Rahul,female,200.0,Hyderabad,,,-999.0,3.0,USA
C7717,nan,Male,52.0,nan,,,-999.0,10.0,USA
7718,Simran,female,200.0,Kolkata,2020-09-08,,-999.0,-1.0,Australia
7719,Neha,Male,43.0,Ahmedabad,,2022-08-06,-999.0,3.0,Australia
7720,nan,F,200.0,nan,2021-04-07,2022-10-18,4625.34,-1.0,nan
7721,Rahul,female,200.0,Hyderabad,2024-09-27,,1359.29,3.0,nan
7722,Sneha,male,43.0,nan,,2020-09-01,-999.0,3.0,Canada
7723,Priya,nan,56.0,Hyderabad,2022-06-24,2025-12-22,3456.32,1.0,nan
C7724,Kiran,Female,200.0,Hyderabad,,,4607.78,3.0,UK
7725,Kiran,nan,55.0,nan,2021-10-03,,-999.0,1.0,USA
,Ankit,female,43.0,Ahmedabad,,,-999.0,1.0,Australia
7727,Kiran,Male,43.0,Hyderabad,2025-02-11,2023-05-13,-999.0,10.0,nan
C7728,Rahul,Female,200.0,Ahmedabad,,,-999.0,1.0,India
C7729,Ravi,male,43.0,nan,2023-10-04,2022-02-14,-999.0,10.0,India
7730,Sneha,F,-5.0,Kolkata,2023-04-25,2025-04-18,-999.0,3.0,nan
7731,Sneha,nan,41.0,Hyderabad,2022-12-08,,2573.35,-1.0,Australia
C7732,Ankit,female,43.0,Pune,,,-999.0,10.0,USA
7733,Ravi,Male,64.0,Kolkata,2024-11-09,2025-05-07,-999.0,3.0,Canada
7734,Rahul,male,43.0,Hyderabad,2021-06-27,2024-01-26,-999.0,-1.0,Canada
,Amit,nan,43.0,Kolkata,2024-08-08,,-999.0,10.0,Australia
,Neha,nan,200.0,Pune,2021-08-05,2022-10-22,-999.0,-1.0,Australia
7737,Ankit,nan,-5.0,Bangalore,,,2590.97,-1.0,nan
C7738,nan,nan,-5.0,Ahmedabad,,2024-11-23,542.41,4.0,Australia
7739,nan,nan,-5.0,Pune,,2023-01-25,-999.0,1.0,Canada
7740,Kiran,Female,-5.0,Bangalore,2023-03-03,,-999.0,1.0,nan
,Simran,F,-5.0,Ahmedabad,2024-07-18,,-999.0,-1.0,UK
C7742,Kiran,nan,200.0,Ahmedabad,2022-05-26,,-999.0,2.0,USA
7743,Sneha,nan,43.0,Chennai,,,-999.0,-1.0,nan
7744,Amit,nan,70.0,Bangalore,2022-10-08,,-999.0,3.0,nan
C7745,Sneha,M,200.0,Delhi,2021-02-27,2024-05-21,-999.0,4.0,UK
7746,nan,nan,200.0,Kolkata,,,1321.67,10.0,Canada
,Pooja,M,39.0,nan,,,-999.0,10.0,Australia
7748,Pooja,female,-5.0,nan,2024-10-10,,-999.0,3.0,USA
7749,Pooja,nan,-5.0,Bangalore,,,-999.0,3.0,Canada
7750,Sneha,nan,43.0,Pune,2022-11-15,,3332.78,-1.0,Australia
7751,Sneha,nan,43.0,Mumbai,,,-999.0,-1.0,nan
C7752,Kiran,F,25.0,Hyderabad,,,3927.37,10.0,India
7753,Ankit,female,43.0,Kolkata,2024-03-10,2025-11-27,-999.0,10.0,Canada
7754,Sneha,M,-5.0,Pune,2023-09-27,,-999.0,10.0,Canada
7755,Simran,nan,43.0,Mumbai,,,-999.0,-1.0,India
7756,Sneha,Female,49.0,Chennai,,2023-12-26,-999.0,3.0,Canada
7757,nan,M,200.0,Mumbai,2022-06-29,,428.94,10.0,UK
,Sneha,female,-5.0,Mumbai,,,4042.4,5.0,India
7759,Amit,M,59.0,Delhi,2023-07-03,,-999.0,3.0,Australia
C7760,Sneha,nan,-5.0,Kolkata,2024-06-15,,-999.0,1.0,USA
7761,Sneha,nan,43.0,Pune,,,-999.0,10.0,India
,Simran,male,-5.0,nan,2023-05-10,,-999.0,3.0,India
,Sneha,nan,61.0,Pune,,,-999.0,3.0,nan
7764,Amit,male,43.0,Chennai,2022-11-08,2022-12-09,-999.0,10.0,USA
,Pooja,Female,32.0,Bangalore,,2025-06-07,-999.0,10.0,USA
,nan,nan,43.0,nan,,,-999.0,3.0,UK
,Priya,nan,43.0,Chennai,,2021-03-25,-999.0,10.0,Australia
7768,Neha,nan,43.0,Mumbai,2026-01-03,2023-06-20,-999.0,-1.0,Australia
C7769,Neha,female,-5.0,Mumbai,,2023-09-03,-999.0,10.0,Australia
7770,nan,Male,-5.0,Ahmedabad,,2023-10-12,-999.0,10.0,UK
7771,Priya,nan,43.0,Hyderabad,2025-03-04,2021-06-09,-999.0,3.0,Australia
7772,Ravi,Male,43.0,Mumbai,2023-04-28,,2037.22,10.0,Canada
7773,Priya,M,43.0,nan,,,-999.0,-1.0,Canada
C7774,Sneha,female,200.0,Ahmedabad,2023-05-21,2022-11-08,-999.0,10.0,India
C7775,Kiran,male,43.0,Pune,,,4501.47,3.0,nan
7776,Ravi,Male,43.0,nan,2024-07-19,2023-08-18,-999.0,-1.0,India
7777,Neha,M,43.0,Mumbai,2021-06-22,,-999.0,10.0,nan
,nan,Female,200.0,Bangalore,,2024-03-29,-999.0,3.0,UK
,Pooja,female,-5.0,Ahmedabad,,2026-01-10,-999.0,4.0,India
7780,Ankit,F,200.0,Hyderabad,2022-11-19,2020-08-06,-999.0,3.0,UK
,Ravi,Female,22.0,Bangalore,2025-12-22,,-999.0,3.0,USA
7782,Sneha,female,53.0,Kolkata,,,3709.82,10.0,India
,Pooja,male,200.0,Chennai,2024-07-29,2025-07-27,-999.0,5.0,UK
7784,Ravi,male,27.0,Chennai,,,-999.0,-1.0,Canada
C7785,Ankit,M,-5.0,Hyderabad,2024-02-18,,-999.0,4.0,UK
,Neha,nan,-5.0,Hyderabad,2021-12-06,2023-03-19,-999.0,3.0,USA
7787,Sneha,F,43.0,Chennai,2023-06-15,2024-03-30,-999.0,3.0,India
7788,Priya,nan,43.0,Bangalore,2024-06-23,2024-03-29,-999.0,10.0,India
,Ravi,Male,-5.0,Ahmedabad,,2025-05-27,4879.97,3.0,Australia
C7790,Rahul,nan,200.0,nan,2021-08-19,2023-12-05,-999.0,10.0,nan
7791,Neha,F,43.0,Ahmedabad,2025-05-14,2025-01-22,-999.0,3.0,Canada
7792,Amit,Female,-5.0,Mumbai,,,-999.0,3.0,UK
,Sneha,female,200.0,Mumbai,2021-01-05,2021-09-09,-999.0,-1.0,India
7794,Sneha,M,55.0,Bangalore,2025-12-02,,1770.94,-1.0,India
,Priya,Female,43.0,Pune,,2022-07-16,4624.76,3.0,UK
7796,Kiran,nan,200.0,Hyderabad,,2024-02-23,-999.0,-1.0,UK
,Pooja,female,-5.0,Pune,2023-04-14,,1013.28,10.0,Australia
C7798,Sneha,M,-5.0,Kolkata,2021-02-22,,-999.0,4.0,Australia
7799,Neha,male,200.0,Hyderabad,,,-999.0,1.0,India
7800,Priya,male,200.0,Kolkata,2025-05-23,,299.69,3.0,UK
,Ravi,F,43.0,Ahmedabad,2023-04-06,,-999.0,-1.0,India
,Rahul,Male,-5.0,Bangalore,2021-03-02,,570.42,-1.0,India
7803,Amit,F,55.0,Pune,2023-02-22,,-999.0,-1.0,India
7804,Sneha,Female,43.0,Bangalore,2020-12-03,2023-10-24,4632.62,2.0,India
,Rahul,female,43.0,Ahmedabad,,2023-08-07,-999.0,-1.0,Australia
C7806,Ravi,nan,200.0,Bangalore,,,-999.0,2.0,UK
7807,Simran,Female,43.0,Bangalore,2024-07-02,2021-07-14,1042.67,4.0,nan
7808,Kiran,nan,44.0,Delhi,2024-10-06,,-999.0,3.0,nan
C7809,Simran,F,200.0,nan,,2021-08-05,-999.0,-1.0,nan
,nan,female,43.0,Bangalore,2022-10-23,,-999.0,-1.0,nan
C7811,Ankit,M,43.0,nan,2022-02-24,,-999.0,5.0,UK
7812,nan,Female,-5.0,Chennai,2021-08-05,2020-12-01,4334.9,3.0,nan
7813,nan,Male,-5.0,Mumbai,2022-01-31,,3612.39,-1.0,India
7814,Pooja,male,200.0,Delhi,2022-09-20,2024-06-14,3112.45,3.0,Australia
7815,Amit,nan,44.0,Bangalore,,,-999.0,1.0,Canada
7816,nan,F,20.0,Mumbai,,2023-10-17,-999.0,10.0,UK
7817,Simran,female,43.0,Delhi,2020-12-31,,-999.0,4.0,India
7818,Amit,Male,200.0,Chennai,,,-999.0,-1.0,nan
7819,Amit,M,33.0,Chennai,2022-12-07,2026-01-02,-999.0,10.0,India
7820,Simran,nan,22.0,nan,2024-07-09,2023-06-24,3402.28,3.0,Australia
7821,Priya,Female,43.0,Chennai,,,-999.0,3.0,India
7822,Kiran,male,-5.0,Delhi,,2023-02-02,-999.0,-1.0,Canada
C7823,Amit,nan,200.0,Mumbai,,,2623.97,10.0,Canada
7824,Kiran,nan,33.0,Delhi,2021-03-23,,-999.0,-1.0,USA
7825,nan,F,43.0,nan,2025-12-31,,537.54,10.0,Australia
7826,nan,M,-5.0,Delhi,2021-06-25,2023-08-10,3982.73,2.0,nan
7827,Pooja,nan,43.0,Mumbai,2022-05-20,,2159.09,-1.0,USA
C7828,Sneha,male,43.0,Delhi,,2022-06-22,-999.0,-1.0,USA
7829,Ankit,nan,200.0,Pune,2023-10-10,2023-02-09,4981.71,2.0,Canada
C7830,Ravi,F,43.0,nan,,2023-05-13,-999.0,3.0,India
C7831,Rahul,Female,200.0,Mumbai,,,-999.0,10.0,UK
,Ravi,female,43.0,Kolkata,2022-05-02,,-999.0,3.0,Australia
,Kiran,F,53.0,Kolkata,2025-11-30,,-999.0,-1.0,India
C7834,Ankit,male,24.0,Delhi,2024-09-19,2021-04-24,-999.0,3.0,Canada
C7835,Simran,F,200.0,Mumbai,,,1623.33,4.0,UK
7836,Ravi,M,43.0,Ahmedabad,,,-999.0,3.0,UK
C7837,Ravi,F,-5.0,Chennai,2021-01-28,2023-05-31,-999.0,3.0,USA
C7838,Amit,M,25.0,Hyderabad,2022-05-17,,-999.0,-1.0,UK
,nan,F,200.0,Mumbai,2020-10-13,2025-10-01,-999.0,-1.0,Australia
7840,Ravi,Male,-5.0,Pune,2021-05-25,,-999.0,10.0,UK
C7841,Kiran,F,43.0,Mumbai,2023-10-25,,-999.0,-1.0,nan
C7842,Neha,nan,200.0,nan,2024-12-13,2025-01-25,-999.0,-1.0,UK
C7843,Rahul,nan,21.0,Bangalore,,,-999.0,3.0,India
C7844,Sneha,Female,43.0,Delhi,2023-02-07,,55.18,10.0,Canada
7845,Amit,nan,70.0,Chennai,,,-999.0,1.0,nan
7846,Rahul,male,-5.0,nan,2020-10-21,2025-07-08,-999.0,3.0,Australia
C7847,Rahul,male,43.0,Hyderabad,2021-10-06,,-999.0,3.0,Canada
7848,nan,Male,-5.0,Bangalore,2024-08-22,2021-05-09,-999.0,4.0,India
C7849,Neha,nan,43.0,Chennai,2025-03-09,2024-11-17,-999.0,-1.0,USA
7850,Priya,nan,200.0,Bangalore,,2022-01-07,4768.66,2.0,UK
7851,Simran,F,200.0,Delhi,2023-04-04,,-999.0,4.0,Canada
C7852,Amit,female,-5.0,Bangalore,,,-999.0,3.0,nan
7853,nan,male,43.0,Bangalore,2021-06-03,,2756.84,1.0,India
C7854,Ankit,nan,200.0,Delhi,2024-04-23,2021-10-10,3247.69,-1.0,nan
C7855,nan,M,43.0,Bangalore,2024-09-27,,-999.0,2.0,nan
C7856,Rahul,nan,43.0,Chennai,2023-05-11,,1478.98,5.0,Canada
,Ravi,Female,43.0,Kolkata,,,2381.32,3.0,UK
C7858,nan,female,200.0,Mumbai,2023-11-03,,568.69,10.0,Canada
,Rahul,nan,200.0,Chennai,,,-999.0,10.0,Australia
7860,Amit,nan,31.0,Pune,,,-999.0,1.0,USA
,Ravi,Female,200.0,Chennai,,,2951.99,3.0,Australia
7862,Simran,M,43.0,Delhi,,,3032.92,2.0,Australia
,Rahul,nan,43.0,Pune,,,-999.0,-1.0,nan
7864,Ankit,female,200.0,Kolkata,2021-11-03,,-999.0,3.0,nan
7865,Kiran,nan,200.0,Mumbai,,,2723.55,10.0,USA
,Sneha,Female,-5.0,Delhi,,,-999.0,1.0,USA
7867,nan,M,200.0,nan,2025-01-10,2022-05-16,-999.0,3.0,Australia
C7868,Rahul,Male,43.0,Kolkata,,,-999.0,10.0,UK
7869,Ankit,male,-5.0,Bangalore,2023-11-27,,-999.0,-1.0,UK
7870,Amit,F,-5.0,Mumbai,,,-999.0,-1.0,Canada
7871,Pooja,female,56.0,Pune,2024-09-15,,-999.0,3.0,Australia
7872,nan,Male,200.0,Hyderabad,2024-10-22,,-999.0,10.0,Canada
7873,Neha,nan,43.0,Bangalore,2023-06-03,,412.8,10.0,nan
7874,Kiran,Female,43.0,Pune,2020-08-26,,-999.0,-1.0,USA
,Priya,nan,-5.0,Pune,2025-05-24,,-999.0,-1.0,UK
,nan,F,200.0,Chennai,,2024-06-08,-999.0,-1.0,Canada
7877,Ravi,male,43.0,Chennai,,,-999.0,10.0,Australia
7878,Ravi,M,64.0,Bangalore,2021-08-22,2021-07-19,-999.0,10.0,India
C7879,Ankit,female,200.0,Chennai,,,-999.0,-1.0,UK
,Priya,Male,-5.0,Hyderabad,,2021-04-20,-999.0,-1.0,India
C7881,Kiran,Female,-5.0,Kolkata,,,-999.0,4.0,Australia
7882,Ravi,nan,-5.0,Ahmedabad,2021-08-09,,-999.0,2.0,India
7883,Neha,nan,43.0,Delhi,,,-999.0,-1.0,nan
C7884,Sneha,F,-5.0,nan,,2023-06-04,-999.0,-1.0,India
,Amit,Female,43.0,nan,2022-08-04,2020-08-14,2774.24,10.0,UK
7886,Neha,nan,43.0,nan,,,-999.0,10.0,nan
7887,Ankit,female,59.0,Hyderabad,2023-11-24,,1706.29,4.0,India
7888,nan,male,33.0,Mumbai,2024-11-10,2023-01-21,-999.0,10.0,nan
,Ankit,nan,200.0,nan,2021-11-28,,105.11,-1.0,USA
C7890,nan,F,-5.0,Ahmedabad,,,-999.0,3.0,Canada
7891,nan,M,64.0,Delhi,,2025-02-06,3031.6,10.0,nan
7892,Ravi,male,-5.0,Chennai,2022-02-18,,-999.0,10.0,UK
,Kiran,M,-5.0,Bangalore,2023-11-15,,-999.0,4.0,India
C7894,Pooja,nan,54.0,Chennai,,,514.59,5.0,UK
7895,Neha,male,43.0,nan,,,-999.0,4.0,Australia
C7896,Simran,Female,200.0,Ahmedabad,,,-999.0,2.0,India
7897,Pooja,nan,-5.0,Bangalore,2024-06-14,,931.01,4.0,UK
,Priya,Male,-5.0,Chennai,2021-10-19,2025-05-31,-999.0,-1.0,nan
C7899,Amit,Male,43.0,Pune,,,-999.0,10.0,UK
7900,Pooja,nan,-5.0,Kolkata,2021-12-22,,-999.0,3.0,USA
7901,Neha,nan,200.0,Hyderabad,,,-999.0,1.0,UK
7902,Sneha,nan,24.0,Chennai,,2025-06-20,-999.0,3.0,India
C7903,Simran,Male,200.0,Ahmedabad,,,-999.0,3.0,India
7904,Pooja,M,43.0,Mumbai,,2025-08-28,-999.0,3.0,UK
7905,Rahul,Male,43.0,Bangalore,,2023-12-12,-999.0,10.0,India
7906,Rahul,male,43.0,nan,,,-999.0,10.0,USA
7907,Neha,F,31.0,Ahmedabad,2020-11-20,2023-01-03,769.83,2.0,UK
7908,Ankit,nan,-5.0,Mumbai,2025-11-24,,-999.0,-1.0,Australia
7909,Priya,Female,41.0,Ahmedabad,,2021-02-14,-999.0,3.0,nan
7910,Ravi,female,-5.0,Pune,2024-10-25,,-999.0,10.0,India
C7911,Ravi,male,43.0,Chennai,2023-01-03,,-999.0,3.0,nan
,Neha,female,34.0,Pune,2020-11-07,,-999.0,-1.0,nan
7913,Amit,nan,200.0,Pune,,2020-09-16,-999.0,10.0,USA
C7914,Kiran,M,40.0,Pune,,,4106.42,2.0,UK
7915,Amit,nan,200.0,Delhi,2021-08-28,,-999.0,5.0,Canada
C7916,Pooja,M,-5.0,Delhi,2021-04-06,,-999.0,5.0,USA
C7917,Sneha,male,43.0,Pune,2020-10-05,2020-11-10,-999.0,5.0,nan
,Kiran,M,43.0,nan,2023-02-15,,-999.0,-1.0,UK
7919,Amit,Female,43.0,Mumbai,,,-999.0,-1.0,nan
C7920,Ravi,female,43.0,Mumbai,2025-11-03,,2781.26,3.0,Australia
C7921,Kiran,F,200.0,Delhi,,,4600.13,3.0,Australia
C7922,Kiran,M,-5.0,Bangalore,2024-08-27,,-999.0,-1.0,nan
,nan,Female,37.0,Hyderabad,,,-999.0,1.0,Canada
7924,Priya,nan,-5.0,Delhi,,2023-08-21,-999.0,10.0,UK
7925,nan,male,43.0,Hyderabad,2023-02-02,,-999.0,1.0,India
,Pooja,male,59.0,Pune,,,-999.0,3.0,Canada
,Kiran,male,-5.0,nan,,,2893.25,3.0,nan
7928,Rahul,M,51.0,Mumbai,,,-999.0,3.0,nan
C7929,Amit,F,38.0,Ahmedabad,2022-11-29,2021-09-28,-999.0,-1.0,UK
C7930,Ankit,male,43.0,Mumbai,2020-12-20,,-999.0,3.0,Canada
7931,Pooja,male,-5.0,Hyderabad,2022-06-09,2021-06-19,-999.0,10.0,USA
7932,Ankit,male,43.0,Mumbai,2024-05-20,,-999.0,4.0,nan
C7933,Ravi,male,200.0,nan,,2025-03-19,-999.0,3.0,USA
C7934,Ankit,M,43.0,Delhi,2020-11-08,,-999.0,-1.0,nan
7935,Priya,M,43.0,Mumbai,,2024-09-17,-999.0,10.0,UK
,nan,F,200.0,Hyderabad,2025-10-23,2020-12-01,3913.96,1.0,Australia
7937,Pooja,Male,47.0,nan,2024-03-17,,-999.0,3.0,UK
C7938,nan,female,-5.0,nan,,,4834.39,2.0,Canada
7939,Ankit,female,200.0,Kolkata,2023-10-21,,648.7,10.0,Australia
,Ankit,Male,43.0,Ahmedabad,2021-11-29,2025-10-09,-999.0,3.0,India
,Amit,F,-5.0,Chennai,2024-06-04,,-999.0,4.0,nan
C7942,Kiran,nan,43.0,Mumbai,,2020-12-23,-999.0,-1.0,nan
C7943,Neha,F,37.0,nan,,,-999.0,3.0,nan
7944,Amit,Female,43.0,Kolkata,,2024-12-02,-999.0,10.0,USA
7945,Pooja,M,62.0,Pune,2024-06-05,,-999.0,10.0,India
7946,Sneha,F,-5.0,Mumbai,2021-01-10,,-999.0,10.0,Canada
7947,Sneha,M,23.0,Ahmedabad,,,-999.0,10.0,USA
,Ravi,M,-5.0,Chennai,2023-07-25,,-999.0,-1.0,Australia
,nan,Male,43.0,Hyderabad,,,-999.0,3.0,nan
,Ankit,Male,43.0,Kolkata,2025-01-31,,4439.14,3.0,UK
7951,Kiran,nan,-5.0,Chennai,2024-08-13,,1609.58,-1.0,UK
7952,Rahul,F,200.0,Delhi,,2020-11-18,-999.0,-1.0,India
7953,Pooja,nan,200.0,Pune,,,-999.0,-1.0,UK
7954,Kiran,F,43.0,nan,2025-10-08,,-999.0,3.0,USA
7955,Kiran,M,49.0,Bangalore,,,-999.0,-1.0,Australia
C7956,Ankit,male,200.0,Pune,2022-06-17,2023-04-29,-999.0,2.0,nan
7957,nan,male,29.0,nan,2021-02-19,,873.81,10.0,India
7958,Ravi,female,43.0,Delhi,2025-10-01,,-999.0,3.0,India
7959,Ravi,F,-5.0,Ahmedabad,2022-11-04,2025-09-27,-999.0,-1.0,USA
7960,Rahul,Male,-5.0,Kolkata,,,-999.0,3.0,UK
7961,Ankit,nan,-5.0,Ahmedabad,,2021-07-02,-999.0,3.0,Australia
C7962,Ankit,male,43.0,Chennai,2023-07-22,,-999.0,-1.0,Australia
7963,nan,Female,58.0,Ahmedabad,,2023-04-07,-999.0,3.0,Canada
7964,Neha,F,58.0,Mumbai,2021-02-27,,-999.0,3.0,USA
,Ankit,nan,67.0,Delhi,,,-999.0,3.0,Canada
7966,Sneha,Female,31.0,Delhi,,,4939.34,3.0,Canada
7967,nan,male,-5.0,Chennai,,2025-09-29,1249.15,3.0,USA
7968,Simran,male,43.0,Bangalore,,2025-07-27,-999.0,3.0,Canada
7969,Simran,nan,-5.0,Ahmedabad,2025-07-15,,-999.0,5.0,Canada
C7970,Sneha,F,43.0,Ahmedabad,,,-999.0,1.0,India
7971,Priya,F,43.0,Kolkata,2025-09-20,,-999.0,-1.0,USA
7972,Sneha,M,-5.0,Bangalore,,2021-02-17,-999.0,3.0,nan
,Ravi,male,43.0,Chennai,2021-06-15,2024-12-29,2423.82,10.0,UK
7974,Priya,nan,43.0,Bangalore,2022-10-28,,-999.0,-1.0,Canada
,Sneha,Male,200.0,Hyderabad,,,-999.0,3.0,UK
C7976,nan,male,200.0,Bangalore,,,-999.0,10.0,India
7977,Pooja,male,-5.0,Chennai,,,-999.0,-1.0,USA
,Sneha,Female,200.0,Chennai,2022-05-26,,-999.0,3.0,Canada
7979,nan,Male,-5.0,Kolkata,2023-01-13,,-999.0,-1.0,UK
7980,Neha,female,43.0,Bangalore,,,1641.41,10.0,UK
C7981,Simran,M,200.0,Pune,2025-12-16,2022-07-22,-999.0,2.0,nan
C7982,Ankit,nan,200.0,nan,,,-999.0,10.0,UK
7983,Ravi,female,-5.0,Pune,,,4833.35,3.0,Canada
7984,Ravi,female,200.0,Bangalore,2024-05-09,,-999.0,-1.0,nan
7985,Neha,F,-5.0,Bangalore,,2024-12-02,-999.0,4.0,India
7986,Kiran,Female,18.0,Kolkata,2021-06-03,,-999.0,10.0,Canada
C7987,Kiran,male,43.0,Delhi,2024-11-16,,-999.0,10.0,Australia
7988,nan,M,200.0,Chennai,2021-10-23,,-999.0,10.0,USA
C7989,nan,F,-5.0,Chennai,,,-999.0,3.0,UK
C7990,nan,Female,43.0,Hyderabad,,2025-05-14,-999.0,10.0,Australia
C7991,Priya,Female,200.0,Pune,2022-07-12,2023-09-17,-999.0,10.0,USA
7992,Neha,Male,43.0,Pune,2020-09-16,2023-12-06,-999.0,-1.0,USA
7993,Neha,nan,-5.0,Ahmedabad,2022-09-13,,-999.0,-1.0,USA
7994,Ankit,Male,29.0,nan,2020-12-20,2021-01-18,4169.48,3.0,UK
7995,Kiran,nan,-5.0,Bangalore,2021-02-26,2022-10-17,1270.38,1.0,Canada
,Kiran,male,43.0,Mumbai,,2024-03-27,2615.54,10.0,India
7997,Sneha,M,200.0,Hyderabad,2024-01-16,,-999.0,10.0,Australia
7998,nan,M,-5.0,nan,2021-07-11,2023-08-03,-999.0,-1.0,USA
,Sneha,M,64.0,Delhi,,,-999.0,4.0,India
8000,Sneha,nan,43.0,nan,,,-999.0,2.0,India
8001,Simran,M,200.0,Delhi,2023-08-06,,-999.0,10.0,Australia
C8002,Pooja,F,-5.0,Mumbai,2024-12-25,,-999.0,10.0,India
8003,nan,M,-5.0,Bangalore,2021-05-01,,-999.0,3.0,UK
C8004,nan,male,200.0,Chennai,2025-09-27,,-999.0,4.0,Canada
8005,Ravi,female,43.0,Hyderabad,,,-999.0,-1.0,USA
8006,Rahul,male,29.0,Delhi,2020-10-21,2022-05-16,-999.0,1.0,USA
8007,Pooja,nan,-5.0,Delhi,,,-999.0,10.0,UK
8008,Priya,F,30.0,nan,2020-10-14,,-999.0,10.0,Canada
8009,Pooja,F,33.0,Bangalore,,2023-07-10,-999.0,-1.0,USA
,Amit,male,34.0,Ahmedabad,,,-999.0,-1.0,nan
8011,Ravi,M,43.0,Hyderabad,2025-11-03,2022-03-11,4093.03,10.0,USA
,nan,Female,-5.0,Delhi,2025-03-12,2020-08-08,2290.0,3.0,Canada
,nan,M,43.0,Bangalore,,2023-05-01,2755.25,-1.0,India
8014,Simran,F,53.0,Delhi,,,-999.0,-1.0,India
C8015,Ankit,Male,-5.0,Bangalore,,2022-07-01,-999.0,10.0,USA
,Pooja,female,28.0,Hyderabad,,,-999.0,10.0,Canada
8017,Sneha,female,200.0,nan,,2023-03-09,-999.0,3.0,UK
8018,nan,Female,19.0,Pune,2021-11-09,,-999.0,3.0,USA
C8019,nan,Female,43.0,Ahmedabad,2025-07-15,,-999.0,10.0,Canada
8020,Pooja,Male,200.0,Hyderabad,,,-999.0,-1.0,India
8021,Sneha,Female,200.0,Pune,,,-999.0,10.0,USA
C8022,Neha,nan,23.0,Pune,2024-10-20,,4086.69,-1.0,UK
,Rahul,nan,64.0,Pune,,,3395.52,3.0,USA
C8024,Ravi,Female,200.0,Bangalore,,2023-11-01,-999.0,3.0,Canada
C8025,Simran,nan,65.0,Hyderabad,,2023-10-03,-999.0,-1.0,USA
,nan,M,43.0,Pune,2022-07-05,,2858.37,5.0,Canada
8027,Pooja,Female,-5.0,Mumbai,,,-999.0,-1.0,UK
8028,Ankit,F,200.0,Bangalore,2022-07-11,2020-10-29,-999.0,10.0,Australia
,Neha,Female,200.0,nan,2023-04-15,,-999.0,-1.0,Canada
8030,Amit,female,200.0,Bangalore,,,-999.0,1.0,USA
8031,nan,Female,43.0,Chennai,2022-03-09,,-999.0,10.0,USA
,Priya,F,43.0,nan,2025-11-03,,-999.0,3.0,Canada
,Priya,female,200.0,Ahmedabad,2020-09-06,,-999.0,10.0,nan
C8034,Ravi,F,200.0,nan,,,-999.0,2.0,USA
8035,nan,M,-5.0,Delhi,2026-01-14,,-999.0,3.0,nan
,Kiran,male,44.0,Ahmedabad,,,4004.41,10.0,Canada
8037,nan,male,-5.0,Chennai,2024-07-19,2020-12-12,-999.0,10.0,India
8038,Rahul,male,-5.0,Chennai,2025-02-25,2025-08-14,1933.98,3.0,USA
8039,Pooja,M,200.0,Chennai,2021-12-19,2025-03-19,-999.0,10.0,India
C8040,Neha,nan,200.0,Ahmedabad,,,-999.0,1.0,USA
,Priya,Male,200.0,Bangalore,2024-05-03,,4075.3,10.0,Canada
C8042,nan,M,200.0,Mumbai,,,-999.0,3.0,India
8043,nan,female,43.0,Kolkata,2023-10-28,2021-04-01,-999.0,-1.0,Australia
8044,Amit,Female,43.0,Ahmedabad,,,3336.74,10.0,nan
8045,Ravi,male,22.0,Chennai,2022-11-02,2021-03-19,-999.0,-1.0,India
C8046,Ravi,male,43.0,Delhi,,,4563.13,2.0,nan
C8047,Neha,Female,43.0,Bangalore,,,-999.0,10.0,nan
8048,Rahul,F,28.0,Bangalore,2022-05-06,2024-09-06,-999.0,1.0,Australia
,nan,male,44.0,Bangalore,,2021-05-28,-999.0,10.0,Canada
,nan,M,68.0,nan,,,-999.0,-1.0,UK
8051,Pooja,Male,-5.0,Ahmedabad,,2023-08-28,829.38,3.0,Australia
C8052,Rahul,Female,43.0,Hyderabad,2025-12-06,2021-07-03,699.81,-1.0,India
C8053,nan,F,48.0,Pune,2022-05-28,2021-02-24,-999.0,3.0,UK
8054,Priya,F,36.0,Bangalore,2023-05-09,2025-09-17,2077.84,2.0,Australia
,Rahul,female,57.0,Ahmedabad,2023-03-04,2025-05-05,-999.0,1.0,UK
8056,Rahul,nan,200.0,Kolkata,2023-12-15,,-999.0,10.0,nan
C8057,nan,male,200.0,Kolkata,2022-07-12,,-999.0,5.0,Australia
8058,Rahul,M,200.0,Kolkata,2024-08-04,,3500.3,-1.0,UK
8059,Rahul,male,43.0,Pune,,,103.82,1.0,nan
C8060,Ravi,male,-5.0,nan,2024-03-02,,-999.0,3.0,nan
,Priya,Male,43.0,Chennai,2022-11-25,2024-06-20,-999.0,10.0,Australia
8062,Priya,nan,32.0,Pune,2021-02-11,2020-12-22,-999.0,3.0,India
C8063,Simran,nan,-5.0,Ahmedabad,,,-999.0,-1.0,Australia
C8064,Ravi,Female,25.0,Chennai,2023-10-19,2023-12-16,4404.27,10.0,nan
,nan,male,43.0,Hyderabad,,2025-01-06,-999.0,-1.0,Canada
8066,Ravi,Female,43.0,Pune,2020-08-30,2020-11-10,-999.0,10.0,nan
8067,Kiran,F,43.0,Mumbai,2021-08-23,2020-10-11,-999.0,3.0,India
C8068,Simran,F,33.0,Kolkata,2024-07-10,2025-11-13,-999.0,10.0,Canada
8069,nan,F,200.0,Kolkata,,,1907.79,10.0,Canada
8070,Priya,M,-5.0,Kolkata,,,-999.0,1.0,UK
8071,nan,Male,41.0,Pune,,,-999.0,3.0,nan
C8072,Kiran,nan,43.0,Bangalore,,,-999.0,-1.0,Australia
8073,Pooja,male,-5.0,Kolkata,2021-03-07,2022-03-10,1297.88,10.0,Canada
8074,Rahul,male,43.0,Bangalore,2020-08-07,2023-05-14,3372.72,2.0,nan
8075,Simran,male,200.0,Mumbai,,2023-11-16,-999.0,10.0,nan
8076,Ravi,F,43.0,Bangalore,,2022-12-23,-999.0,-1.0,UK
C8077,Ankit,F,200.0,Kolkata,2023-11-18,,4562.8,-1.0,Canada
8078,Priya,Male,200.0,Hyderabad,,,-999.0,10.0,Australia
,Priya,male,43.0,Kolkata,,2024-10-25,320.66,2.0,nan
8080,Amit,nan,43.0,nan,2020-08-30,,-999.0,-1.0,nan
8081,Neha,nan,63.0,nan,2021-12-21,2025-02-08,1318.68,3.0,UK
8082,Neha,M,45.0,Chennai,,,-999.0,3.0,nan
8083,Priya,male,200.0,Kolkata,2024-07-31,2023-01-31,505.72,-1.0,Australia
C8084,Sneha,nan,43.0,Bangalore,,,634.44,2.0,nan
C8085,Kiran,Female,200.0,Chennai,2024-06-22,,712.52,3.0,UK
C8086,Pooja,M,200.0,Delhi,,2023-07-18,-999.0,2.0,nan
C8087,nan,M,43.0,Mumbai,2021-01-16,,-999.0,2.0,USA
8088,Simran,Male,38.0,Hyderabad,,,1160.3,2.0,nan
8089,Amit,nan,-5.0,Delhi,,2020-11-23,-999.0,10.0,Canada
8090,Rahul,female,200.0,Bangalore,,,2424.16,3.0,nan
,Ravi,female,-5.0,Kolkata,,2021-05-12,298.39,-1.0,India
C8092,Simran,female,-5.0,Pune,2023-04-07,,-999.0,4.0,USA
C8093,nan,female,43.0,Hyderabad,,,-999.0,-1.0,Canada
C8094,Sneha,Male,43.0,Chennai,2022-02-12,,-999.0,10.0,India
8095,Ravi,M,200.0,Ahmedabad,2025-06-06,,-999.0,5.0,USA
C8096,Ankit,Female,200.0,Kolkata,2023-05-16,,-999.0,10.0,UK
,Kiran,Male,43.0,Pune,2024-01-11,2021-12-14,-999.0,3.0,Australia
C8098,Neha,female,43.0,Chennai,,,-999.0,-1.0,nan
C8099,Rahul,male,43.0,Delhi,2024-10-24,,-999.0,-1.0,India
C8100,nan,Male,61.0,Chennai,2022-08-22,,-999.0,3.0,Canada
8101,Kiran,M,200.0,Ahmedabad,,,-999.0,3.0,Australia
C8102,Priya,M,200.0,Hyderabad,,,-999.0,-1.0,India
C8103,Pooja,nan,200.0,Mumbai,2020-08-13,,-999.0,10.0,India
C8104,Sneha,F,-5.0,Delhi,2021-02-19,,-999.0,-1.0,UK
C8105,nan,Male,200.0,Kolkata,2024-07-18,,-999.0,5.0,Canada
8106,Ankit,female,43.0,Chennai,,,-999.0,-1.0,India
,Kiran,male,22.0,Hyderabad,,2022-04-13,3873.35,3.0,Australia
,Ankit,nan,43.0,nan,2026-01-05,,-999.0,3.0,Canada
8109,Pooja,F,45.0,Chennai,2020-10-24,2023-11-20,-999.0,10.0,UK
C8110,Ankit,Male,43.0,Bangalore,2022-12-08,2022-08-29,498.19,5.0,USA
8111,Rahul,M,43.0,Delhi,,,-999.0,3.0,Australia
8112,Pooja,nan,64.0,nan,2020-11-06,,4260.02,3.0,India
,Pooja,F,-5.0,nan,,,-999.0,3.0,USA
,Sneha,F,43.0,Kolkata,,,-999.0,10.0,Canada
C8115,Pooja,Female,200.0,Ahmedabad,,,-999.0,-1.0,India
8116,Ankit,nan,43.0,Kolkata,2022-04-22,,-999.0,10.0,Canada
C8117,Simran,M,43.0,Chennai,,,-999.0,-1.0,Australia
8118,Sneha,Male,43.0,Bangalore,,,-999.0,3.0,nan
8119,Amit,M,48.0,Chennai,2022-09-05,2021-10-20,-999.0,10.0,Australia
8120,Priya,nan,43.0,Ahmedabad,,,-999.0,10.0,Australia
,Kiran,nan,33.0,Kolkata,2022-11-28,,3280.74,10.0,nan
C8122,Kiran,F,200.0,nan,2025-05-17,2021-12-31,-999.0,3.0,Australia
8123,Sneha,female,68.0,Ahmedabad,2025-04-16,,-999.0,3.0,Australia
8124,Sneha,M,53.0,Hyderabad,,2023-11-22,2829.72,2.0,UK
C8125,Priya,Male,43.0,Mumbai,,,4446.68,10.0,India
8126,Pooja,Male,43.0,Bangalore,,,-999.0,3.0,Canada
C8127,Simran,female,37.0,Mumbai,,,-999.0,-1.0,Australia
8128,Rahul,M,46.0,Hyderabad,2023-06-18,2022-03-25,-999.0,10.0,India
8129,nan,nan,-5.0,Mumbai,,,-999.0,3.0,Australia
C8130,Rahul,male,-5.0,Hyderabad,2021-10-27,2025-06-08,-999.0,-1.0,nan
C8131,Simran,Female,200.0,Kolkata,2022-06-27,,4120.08,2.0,UK
8132,nan,nan,200.0,Hyderabad,,2025-03-17,-999.0,3.0,India
8133,Pooja,Female,43.0,nan,2021-12-25,,3982.84,5.0,UK
C8134,Priya,M,-5.0,Ahmedabad,,,1211.54,10.0,nan
C8135,Pooja,Male,-5.0,Mumbai,2025-06-24,,4443.96,-1.0,India
8136,Simran,Male,-5.0,Chennai,,,4101.06,-1.0,Canada
8137,nan,female,41.0,Ahmedabad,,2022-01-06,-999.0,3.0,nan
8138,Ravi,male,200.0,Hyderabad,2024-08-05,,-999.0,10.0,UK
8139,Kiran,F,200.0,Mumbai,,,-999.0,3.0,USA
,Ankit,male,43.0,Ahmedabad,2022-11-03,,-999.0,-1.0,India
8141,Amit,Female,43.0,Mumbai,2021-09-17,2024-11-15,-999.0,-1.0,India
,Priya,nan,18.0,Kolkata,2025-04-01,2025-05-27,-999.0,5.0,Canada
8143,Simran,nan,200.0,Mumbai,2022-05-17,2023-04-01,-999.0,3.0,India
,Ravi,Female,27.0,Hyderabad,2024-05-16,,-999.0,10.0,India
8145,Ankit,male,25.0,nan,2022-03-28,,495.07,3.0,Canada
C8146,nan,female,43.0,Hyderabad,,,4903.44,-1.0,Australia
,Ankit,male,-5.0,Chennai,2023-06-13,2023-04-13,3596.01,4.0,Australia
8148,Pooja,male,200.0,Ahmedabad,,,-999.0,-1.0,Australia
,nan,female,36.0,Bangalore,2021-05-29,,1106.78,10.0,India
C8150,Amit,female,43.0,Pune,,2022-01-15,-999.0,-1.0,India
C8151,Simran,M,-5.0,Pune,,,-999.0,-1.0,Canada
C8152,Amit,Female,22.0,Mumbai,2021-06-13,,-999.0,10.0,nan
8153,Amit,nan,24.0,Pune,,2024-07-26,-999.0,-1.0,UK
,Ankit,M,-5.0,Mumbai,,,-999.0,3.0,USA
C8155,Neha,F,200.0,Bangalore,,,-999.0,3.0,nan
8156,nan,female,67.0,Delhi,,2020-10-28,-999.0,-1.0,Australia
8157,Sneha,F,-5.0,Kolkata,2020-10-19,,-999.0,3.0,Australia
8158,Sneha,M,60.0,Bangalore,2023-12-07,,2269.65,3.0,UK
8159,Pooja,Female,-5.0,Chennai,2024-03-09,2022-05-10,1172.92,3.0,UK
C8160,Simran,Female,200.0,Hyderabad,,,-999.0,1.0,nan
8161,nan,Male,40.0,Bangalore,2022-03-10,,-999.0,3.0,USA
8162,Kiran,F,20.0,Pune,2023-07-17,2021-02-06,3335.45,-1.0,India
8163,Simran,F,-5.0,Chennai,,2021-11-19,-999.0,-1.0,UK
8164,Rahul,F,200.0,Mumbai,2023-11-26,2024-12-28,-999.0,-1.0,Australia
8165,Pooja,Female,46.0,Bangalore,,,-999.0,10.0,USA
C8166,Neha,Female,200.0,Mumbai,2024-12-14,,1021.06,10.0,India
,nan,nan,-5.0,Pune,,2026-01-02,-999.0,3.0,USA
C8168,nan,F,43.0,Chennai,2025-06-25,,-999.0,3.0,UK
8169,Ravi,nan,-5.0,Bangalore,,,-999.0,-1.0,UK
8170,Ravi,Female,56.0,Mumbai,,,4706.64,1.0,UK
,nan,female,68.0,Kolkata,2023-12-19,2025-04-19,273.14,3.0,Canada
,Kiran,nan,26.0,Chennai,2025-08-26,,-999.0,3.0,Australia
8173,Simran,nan,200.0,Hyderabad,,2025-10-25,-999.0,3.0,USA
C8174,Ravi,Female,-5.0,Mumbai,,2025-01-28,4824.26,1.0,India
C8175,nan,F,57.0,Delhi,2021-01-14,,-999.0,-1.0,USA
8176,Ravi,M,27.0,nan,,2022-07-10,2965.67,3.0,Canada
C8177,Ankit,nan,44.0,Bangalore,,,-999.0,3.0,Australia
8178,Pooja,male,-5.0,Ahmedabad,2025-11-10,,-999.0,3.0,UK
8179,Ravi,nan,200.0,Chennai,2021-08-19,,-999.0,5.0,nan
,Amit,female,-5.0,Kolkata,2021-09-04,2022-04-21,2652.05,2.0,nan
8181,Sneha,F,200.0,Pune,,,3679.65,2.0,Australia
8182,Neha,male,64.0,nan,2021-05-22,2023-07-07,-999.0,-1.0,UK
8183,Rahul,Male,200.0,Pune,2022-03-14,,-999.0,5.0,Canada
,Ravi,female,25.0,Delhi,,,-999.0,10.0,USA
C8185,Priya,nan,-5.0,Hyderabad,2025-02-08,,-999.0,4.0,nan
8186,Simran,female,61.0,Ahmedabad,2022-08-16,,-999.0,4.0,Canada
8187,Neha,nan,43.0,Delhi,2021-01-08,,-999.0,-1.0,India
C8188,nan,Female,200.0,Delhi,,,-999.0,-1.0,India
C8189,Ankit,female,43.0,Bangalore,2023-10-23,,-999.0,5.0,nan
C8190,nan,male,43.0,Ahmedabad,2025-01-03,2022-01-20,-999.0,10.0,India
,Amit,Female,43.0,Bangalore,2023-06-15,,-999.0,-1.0,India
8192,Amit,male,200.0,Chennai,,2021-08-19,-999.0,3.0,India
8193,Kiran,female,43.0,Chennai,2020-09-10,2021-04-24,-999.0,10.0,Australia
8194,Sneha,nan,-5.0,Ahmedabad,,,-999.0,5.0,Canada
8195,Ravi,Female,22.0,Kolkata,,2021-07-29,-999.0,10.0,UK
C8196,Amit,male,61.0,Mumbai,2023-10-26,,-999.0,4.0,USA
C8197,Pooja,nan,64.0,nan,,,-999.0,10.0,UK
C8198,Priya,nan,43.0,Chennai,,2022-03-09,4591.04,-1.0,Canada
8199,Ravi,F,-5.0,nan,2022-06-15,,-999.0,5.0,USA
C8200,Simran,male,-5.0,Bangalore,,2024-09-01,3557.91,-1.0,Australia
C8201,Simran,Male,43.0,nan,2025-11-08,2020-08-20,-999.0,-1.0,Australia
C8202,Ankit,Female,43.0,Hyderabad,2025-12-08,,-999.0,10.0,Australia
,nan,Male,-5.0,nan,2023-04-12,,4283.28,10.0,UK
C8204,nan,male,200.0,Mumbai,,2022-05-26,-999.0,5.0,nan
,Ankit,F,43.0,Ahmedabad,2021-04-13,2022-02-09,-999.0,10.0,UK
C8206,Rahul,F,200.0,Chennai,,2021-11-26,-999.0,3.0,USA
8207,Amit,F,-5.0,Mumbai,2024-01-09,2022-05-26,-999.0,3.0,UK
C8208,Sneha,female,43.0,Ahmedabad,,,-999.0,3.0,USA
,nan,female,43.0,Mumbai,2022-07-12,,-999.0,1.0,nan
C8210,Rahul,nan,43.0,Hyderabad,,,-999.0,-1.0,Canada
,Amit,nan,53.0,Mumbai,2025-05-26,,-999.0,5.0,Canada
C8212,Amit,nan,200.0,Mumbai,,,2777.94,3.0,Australia
C8213,Kiran,Male,200.0,Delhi,2023-07-23,2021-11-20,-999.0,1.0,Canada
8214,nan,female,-5.0,Hyderabad,2024-06-20,2022-09-01,3722.59,3.0,Canada
8215,Rahul,nan,-5.0,Ahmedabad,2023-02-09,,-999.0,10.0,UK
8216,Pooja,F,43.0,nan,,,1347.23,10.0,Canada
C8217,Simran,nan,48.0,Hyderabad,,2022-09-22,-999.0,-1.0,Australia
C8218,Ravi,male,43.0,nan,,,-999.0,-1.0,UK
8219,Ravi,male,200.0,Chennai,,2022-10-12,221.43,10.0,India
8220,nan,female,-5.0,Bangalore,,,1832.99,10.0,USA
8221,Sneha,Male,43.0,nan,,,-999.0,3.0,Canada
8222,Rahul,nan,-5.0,Chennai,2023-09-10,2022-04-21,-999.0,10.0,Australia
,Kiran,male,43.0,Hyderabad,2023-06-12,2024-09-16,-999.0,3.0,India
C8224,nan,Female,43.0,Ahmedabad,,,-999.0,2.0,nan
8225,nan,female,200.0,Ahmedabad,,2021-05-08,-999.0,-1.0,UK
8226,Kiran,Female,-5.0,Bangalore,,,-999.0,10.0,nan
C8227,Sneha,F,-5.0,Bangalore,,,-999.0,-1.0,Australia
,Neha,male,-5.0,Ahmedabad,,2023-01-06,-999.0,2.0,UK
8229,Amit,F,200.0,Chennai,2026-01-02,2021-02-02,4532.88,2.0,Canada
C8230,Sneha,M,-5.0,Hyderabad,,,-999.0,3.0,nan
8231,Amit,Female,44.0,nan,2022-08-09,2024-07-18,-999.0,3.0,nan
,Sneha,male,43.0,Mumbai,2025-01-07,,-999.0,3.0,India
C8233,Pooja,M,200.0,Bangalore,,,-999.0,-1.0,nan
8234,nan,nan,58.0,Pune,2025-02-08,2023-07-30,2460.06,3.0,UK
,Kiran,M,-5.0,Kolkata,,,-999.0,1.0,USA
C8236,Rahul,female,35.0,Mumbai,2022-04-01,,-999.0,3.0,India
8237,Neha,female,-5.0,Bangalore,2024-05-22,,394.94,1.0,nan
8238,Rahul,Male,37.0,Delhi,,,100.82,10.0,UK
C8239,Rahul,male,200.0,Ahmedabad,2021-08-28,,-999.0,-1.0,Australia
8240,Kiran,F,43.0,Delhi,2024-10-19,2022-07-25,2533.1,-1.0,Canada
,nan,Male,200.0,Bangalore,2021-11-07,2023-07-26,-999.0,5.0,UK
8242,nan,M,200.0,Delhi,2025-04-09,2022-04-09,3059.15,10.0,Australia
8243,Simran,M,56.0,Kolkata,,,-999.0,3.0,UK
,Amit,F,-5.0,Mumbai,,,-999.0,3.0,USA
8245,Kiran,F,46.0,Bangalore,,,1366.49,3.0,Australia
8246,Sneha,nan,43.0,nan,,2024-06-26,-999.0,-1.0,nan
8247,Pooja,nan,43.0,Bangalore,,,-999.0,10.0,nan
,Amit,nan,200.0,nan,,,4693.79,2.0,nan
,nan,nan,200.0,Bangalore,,,642.43,3.0,Canada
8250,Neha,male,-5.0,Pune,,,2514.73,-1.0,USA
C8251,Ankit,Female,43.0,Kolkata,2021-04-06,,4108.88,1.0,UK
8252,Pooja,Male,-5.0,Pune,2024-05-04,,-999.0,-1.0,USA
8253,Ankit,nan,200.0,Chennai,2020-08-22,2024-05-17,-999.0,10.0,India
8254,Simran,nan,43.0,Mumbai,2023-04-28,,-999.0,5.0,nan
8255,Simran,Male,-5.0,Mumbai,2023-09-12,,511.9,3.0,UK
,Amit,Male,-5.0,nan,2023-02-16,2023-12-12,3170.53,-1.0,USA
C8257,Amit,M,200.0,Mumbai,2025-10-16,,-999.0,10.0,Canada
8258,nan,Female,200.0,Kolkata,2023-12-08,2020-09-06,-999.0,5.0,UK
8259,Rahul,nan,30.0,nan,,,-999.0,10.0,UK
8260,Neha,nan,200.0,Mumbai,,,-999.0,-1.0,nan
8261,Neha,Male,27.0,Ahmedabad,,2024-08-31,-999.0,-1.0,Canada
8262,Ankit,nan,-5.0,Ahmedabad,,,-999.0,-1.0,Australia
8263,Neha,nan,40.0,Delhi,2024-02-25,2023-03-14,-999.0,-1.0,Australia
8264,Simran,F,200.0,Kolkata,,2024-03-20,-999.0,3.0,UK
,Ankit,M,43.0,Delhi,,,-999.0,3.0,India
,Rahul,nan,62.0,Chennai,,,-999.0,10.0,nan
,Neha,male,43.0,Chennai,,2024-08-27,-999.0,3.0,Australia
C8268,Ravi,male,-5.0,Bangalore,,,-999.0,3.0,USA
8269,Kiran,M,200.0,Pune,,,1191.32,3.0,India
8270,Amit,F,43.0,Chennai,2021-06-17,,4392.51,-1.0,UK
C8271,Kiran,nan,64.0,Pune,,,-999.0,3.0,India
,Simran,female,67.0,Chennai,,2020-08-21,139.1,-1.0,UK
C8273,Sneha,Male,200.0,Mumbai,2022-05-25,2023-04-19,-999.0,5.0,UK
8274,Pooja,F,51.0,Hyderabad,,2025-05-01,-999.0,-1.0,India
8275,Ravi,Male,-5.0,Chennai,2024-05-30,,4474.86,10.0,Australia
8276,Ankit,Female,-5.0,Pune,2025-01-11,,-999.0,-1.0,nan
8277,Ravi,female,-5.0,Chennai,2022-10-16,,-999.0,-1.0,nan
8278,Pooja,female,43.0,Kolkata,2021-07-18,,-999.0,10.0,USA
8279,Ravi,Female,-5.0,Hyderabad,,2026-01-01,-999.0,10.0,Canada
8280,Simran,F,200.0,Pune,2023-06-01,,193.58,2.0,Australia
C8281,Neha,F,43.0,Chennai,2023-04-02,,-999.0,-1.0,India
C8282,Kiran,female,52.0,Chennai,2025-05-02,2023-02-06,-999.0,3.0,UK
C8283,Ankit,Female,43.0,Mumbai,,,-999.0,3.0,Canada
C8284,Sneha,Male,43.0,Delhi,,,-999.0,-1.0,India
C8285,Simran,Female,-5.0,Pune,,,-999.0,3.0,India
8286,Priya,Female,43.0,Pune,2023-12-04,2021-04-16,1966.02,2.0,nan
C8287,Amit,female,-5.0,Bangalore,,,-999.0,3.0,USA
C8288,Ravi,Male,-5.0,nan,,,-999.0,10.0,India
,Pooja,Female,200.0,Pune,,,-999.0,2.0,India
8290,Ankit,nan,200.0,Mumbai,2023-03-10,2024-02-10,-999.0,-1.0,India
C8291,Rahul,Female,200.0,Kolkata,2023-05-26,,-999.0,3.0,UK
,Kiran,female,43.0,Ahmedabad,,2021-07-08,930.48,10.0,Australia
,Kiran,female,200.0,Mumbai,2023-07-18,2022-05-27,-999.0,1.0,India
8294,Sneha,female,60.0,Mumbai,,,-999.0,10.0,Australia
8295,Pooja,male,200.0,Delhi,,2020-10-13,4070.71,5.0,USA
8296,nan,male,25.0,Hyderabad,,2021-12-29,-999.0,4.0,nan
8297,Kiran,F,43.0,Mumbai,,,-999.0,4.0,India
8298,Neha,Female,43.0,Hyderabad,2025-10-10,2020-12-13,-999.0,1.0,UK
8299,Ankit,Male,-5.0,nan,2021-01-08,2020-11-09,-999.0,4.0,UK
8300,nan,F,43.0,Mumbai,2021-10-22,2022-05-11,2069.65,4.0,Canada
,Pooja,male,-5.0,Delhi,,2025-04-25,-999.0,3.0,nan
,nan,Female,41.0,Hyderabad,,,-999.0,3.0,Canada
8303,Rahul,Female,43.0,Hyderabad,,,-999.0,10.0,India
8304,nan,M,200.0,Kolkata,2022-01-18,2021-08-20,-999.0,4.0,USA
8305,nan,Male,20.0,Pune,2022-04-22,,-999.0,3.0,Australia
,Sneha,female,43.0,Mumbai,,,-999.0,-1.0,USA
8307,Ankit,male,38.0,Mumbai,,,2956.61,2.0,India
8308,Rahul,Male,43.0,Delhi,,2020-08-18,2669.99,-1.0,USA
8309,Ravi,nan,200.0,Ahmedabad,,,-999.0,3.0,nan
8310,Sneha,F,-5.0,Mumbai,,,-999.0,-1.0,India
8311,Kiran,female,34.0,Chennai,2021-05-20,2023-02-03,-999.0,10.0,nan
8312,nan,Male,200.0,Chennai,,2025-05-27,-999.0,3.0,UK
8313,nan,M,41.0,Delhi,,2022-03-02,3238.61,-1.0,India
,Kiran,M,65.0,Bangalore,2025-11-21,,-999.0,3.0,Canada
,nan,nan,-5.0,Pune,2025-02-13,2020-10-16,-999.0,3.0,nan
8316,Kiran,nan,-5.0,Chennai,,,-999.0,-1.0,USA
8317,Ankit,M,-5.0,Ahmedabad,2020-08-16,,2586.84,3.0,nan
8318,nan,M,200.0,Delhi,,,-999.0,-1.0,UK
8319,Ravi,male,200.0,Kolkata,,,-999.0,4.0,Australia
C8320,Priya,M,-5.0,Delhi,,,-999.0,5.0,nan
,nan,female,200.0,Chennai,2021-08-20,2025-01-26,-999.0,1.0,nan
8322,Neha,Female,-5.0,nan,,,-999.0,3.0,India
8323,Neha,Male,43.0,Bangalore,,,-999.0,10.0,USA
8324,Amit,Male,-5.0,Chennai,,,709.9,-1.0,UK
8325,Priya,M,200.0,Kolkata,2024-12-06,,-999.0,3.0,USA
C8326,Neha,Male,43.0,nan,,,2371.01,10.0,Australia
C8327,Rahul,F,-5.0,Chennai,2021-12-05,2024-01-07,-999.0,3.0,USA
8328,Sneha,Female,43.0,Bangalore,,,-999.0,-1.0,UK
C8329,Amit,Female,43.0,Delhi,,,-999.0,5.0,India
C8330,Priya,Female,43.0,Chennai,2022-08-11,2024-08-07,-999.0,-1.0,Australia
,Priya,nan,43.0,Bangalore,2025-07-08,2022-06-01,-999.0,1.0,nan
8332,Amit,Female,24.0,Kolkata,,,209.16,3.0,Australia
,nan,Female,200.0,nan,,2022-12-14,3066.12,-1.0,UK
8334,Ankit,Female,-5.0,Bangalore,,,-999.0,4.0,Australia
C8335,Neha,male,-5.0,Ahmedabad,,,4608.12,10.0,Canada
8336,Pooja,female,69.0,Chennai,,,-999.0,3.0,UK
8337,Rahul,Female,-5.0,Bangalore,,,-999.0,-1.0,India
8338,Ankit,Female,43.0,nan,2021-01-30,,735.83,3.0,India
8339,Neha,Female,43.0,Delhi,2022-05-30,,-999.0,3.0,Australia
8340,Kiran,Male,-5.0,Mumbai,2025-10-01,,-999.0,10.0,USA
C8341,Priya,male,200.0,Ahmedabad,,2025-10-20,-999.0,10.0,Australia
,Sneha,Male,200.0,Hyderabad,2025-07-22,,3015.68,3.0,nan
,nan,male,37.0,Bangalore,,,-999.0,2.0,Australia
,Ravi,Male,43.0,Hyderabad,,,-999.0,3.0,nan
8345,Kiran,F,58.0,Hyderabad,2022-04-24,,-999.0,-1.0,nan
C8346,Pooja,F,200.0,nan,,,1013.85,-1.0,India
C8347,Priya,nan,33.0,Chennai,2022-12-07,,2045.09,3.0,Australia
8348,Ankit,male,32.0,Ahmedabad,2022-03-18,,-999.0,10.0,UK
,nan,M,-5.0,Kolkata,2022-07-11,,3007.11,-1.0,Canada
C8350,Ankit,F,43.0,Kolkata,,2023-03-19,-999.0,2.0,nan
,Amit,nan,-5.0,Chennai,2021-01-15,2023-04-04,-999.0,10.0,India
8352,Rahul,Female,-5.0,Ahmedabad,2024-03-09,,-999.0,-1.0,UK
8353,nan,Male,-5.0,Delhi,2023-12-24,,80.71,10.0,India
8354,Priya,Male,200.0,nan,,2024-10-16,-999.0,-1.0,Canada
C8355,nan,Male,43.0,Kolkata,,,-999.0,10.0,India
,nan,Female,200.0,Ahmedabad,2024-04-19,,-999.0,3.0,nan
8357,Sneha,Male,200.0,Delhi,,2023-07-13,-999.0,3.0,USA
8358,Ankit,F,200.0,nan,2022-05-03,,-999.0,3.0,Australia
8359,Ravi,Male,-5.0,Pune,,2023-12-29,-999.0,10.0,Canada
8360,Ankit,M,-5.0,Pune,2025-12-01,,-999.0,3.0,India
8361,Rahul,female,200.0,Kolkata,,2025-02-18,-999.0,-1.0,India
8362,nan,nan,40.0,Hyderabad,2022-04-16,2024-08-02,-999.0,3.0,India
8363,Sneha,nan,20.0,Delhi,,2023-05-13,-999.0,1.0,UK
8364,Ankit,nan,200.0,Pune,2025-03-29,2021-06-06,-999.0,10.0,Canada
,Neha,Female,64.0,Bangalore,,,-999.0,3.0,India
8366,nan,Male,43.0,Delhi,,,1454.83,-1.0,Canada
8367,Rahul,F,-5.0,Pune,2025-09-06,2024-06-20,-999.0,1.0,UK
8368,Sneha,F,-5.0,nan,2025-05-09,,-999.0,10.0,Canada
8369,Rahul,male,-5.0,Kolkata,,2024-05-23,-999.0,5.0,UK
,Amit,nan,43.0,nan,2023-03-14,,-999.0,-1.0,UK
C8371,Sneha,Male,43.0,Bangalore,2022-05-17,,4951.8,-1.0,nan
C8372,Amit,male,43.0,Ahmedabad,,2023-08-20,-999.0,3.0,UK
8373,Ankit,Female,59.0,Kolkata,,,-999.0,3.0,Australia
8374,Rahul,F,43.0,Chennai,2024-10-26,,-999.0,5.0,India
C8375,Rahul,F,60.0,Chennai,,,-999.0,10.0,Canada
,Ravi,M,49.0,Ahmedabad,,,968.43,3.0,Canada
8377,Rahul,Female,200.0,Bangalore,2021-10-18,,-999.0,-1.0,Canada
8378,Rahul,nan,41.0,Delhi,2023-07-01,,-999.0,10.0,nan
8379,Simran,male,-5.0,Chennai,2023-09-22,2025-03-07,-999.0,2.0,USA
,Ankit,Female,-5.0,Pune,,,1896.5,10.0,Australia
8381,Rahul,male,200.0,nan,,2020-08-13,532.99,-1.0,nan
8382,Priya,Male,27.0,Chennai,2024-05-29,2021-03-28,2508.6,-1.0,Canada
,Neha,F,58.0,Hyderabad,,2020-08-11,-999.0,-1.0,UK
C8384,Ankit,male,43.0,Delhi,,,-999.0,1.0,Canada
,Neha,female,43.0,Pune,,2024-05-30,-999.0,2.0,India
,Ankit,nan,54.0,Chennai,2023-06-27,,-999.0,-1.0,India
,Pooja,M,-5.0,Bangalore,,,-999.0,3.0,nan
8388,nan,F,43.0,Bangalore,2023-05-20,2024-06-26,-999.0,1.0,Australia
8389,Pooja,nan,70.0,Delhi,,,-999.0,-1.0,USA
,Sneha,nan,-5.0,nan,,,-999.0,3.0,Australia
8391,Ravi,M,43.0,Mumbai,2025-10-21,2024-05-09,-999.0,-1.0,UK
8392,nan,nan,43.0,Pune,2025-10-12,,2214.43,-1.0,India
C8393,Ankit,Female,35.0,nan,2025-02-23,2025-09-06,-999.0,3.0,USA
8394,Simran,F,43.0,nan,2024-08-18,,-999.0,-1.0,USA
8395,Pooja,M,200.0,Hyderabad,,2026-01-11,-999.0,3.0,India
8396,nan,nan,-5.0,Hyderabad,2022-07-02,,-999.0,1.0,UK
,nan,female,19.0,Bangalore,,,-999.0,2.0,India
C8398,Sneha,male,200.0,Kolkata,,,-999.0,3.0,USA
,Sneha,nan,-5.0,Mumbai,2025-04-19,,-999.0,-1.0,Canada
8400,Ravi,nan,58.0,nan,,,-999.0,3.0,Canada
,nan,male,58.0,Bangalore,,,-999.0,3.0,Australia
,Ravi,Male,200.0,nan,,,4511.74,-1.0,nan
8403,Pooja,nan,43.0,Mumbai,2025-06-01,,478.58,3.0,Australia
8404,Amit,M,200.0,nan,,,-999.0,3.0,Canada
C8405,Priya,F,-5.0,Chennai,2025-11-24,2023-09-09,-999.0,3.0,Canada
8406,Neha,male,43.0,Mumbai,,,-999.0,-1.0,India
,nan,nan,200.0,Pune,,,-999.0,-1.0,India
,Pooja,M,-5.0,Mumbai,,,-999.0,5.0,Australia
,Neha,Female,23.0,Kolkata,,,-999.0,4.0,USA
C8410,Ankit,F,200.0,nan,2025-07-22,,-999.0,-1.0,Australia
8411,Neha,nan,20.0,Ahmedabad,2024-11-13,,-999.0,3.0,India
,Priya,F,23.0,Chennai,,,-999.0,-1.0,nan
8413,Ravi,male,43.0,Ahmedabad,2021-03-16,,-999.0,-1.0,USA
8414,Neha,F,-5.0,Pune,2022-04-14,2020-12-23,-999.0,-1.0,Canada
8415,Ankit,M,-5.0,Kolkata,,,-999.0,-1.0,UK
8416,Priya,M,200.0,Mumbai,,,-999.0,3.0,nan
8417,nan,male,-5.0,Chennai,,2024-08-03,-999.0,-1.0,nan
C8418,Ankit,nan,28.0,Kolkata,2024-03-03,2025-05-29,-999.0,1.0,USA
,Sneha,male,43.0,Delhi,,,1536.71,-1.0,India
8420,Rahul,nan,43.0,Ahmedabad,2021-12-16,,-999.0,3.0,India
8421,Rahul,nan,200.0,Pune,2021-04-05,2025-11-13,-999.0,-1.0,Australia
8422,Pooja,male,27.0,nan,2024-09-02,2020-08-25,-999.0,-1.0,nan
,Ravi,female,-5.0,Delhi,2023-06-26,,2087.71,5.0,Canada
C8424,Pooja,nan,200.0,Hyderabad,,,3535.63,-1.0,India
,Priya,female,43.0,Hyderabad,2026-01-19,,-999.0,-1.0,nan
C8426,Pooja,nan,44.0,Pune,2020-08-25,2020-11-24,-999.0,5.0,India
8427,Pooja,nan,43.0,Ahmedabad,,,-999.0,-1.0,USA
8428,nan,male,200.0,Ahmedabad,,,-999.0,10.0,Australia
8429,Ravi,female,200.0,Pune,2022-01-17,2021-11-08,-999.0,10.0,USA
8430,Pooja,Male,36.0,Mumbai,,2025-05-04,-999.0,5.0,UK
8431,Ankit,nan,-5.0,Ahmedabad,2022-09-13,2022-09-08,-999.0,2.0,USA
C8432,Ankit,Male,43.0,Pune,,,-999.0,3.0,Australia
8433,Neha,F,200.0,nan,,,-999.0,10.0,Canada
8434,Priya,male,-5.0,Hyderabad,2021-01-21,2022-02-07,2769.07,4.0,Australia
,Ravi,nan,200.0,Delhi,2025-06-29,,-999.0,10.0,USA
8436,Kiran,nan,200.0,Delhi,2021-09-06,,-999.0,3.0,nan
8437,Kiran,nan,43.0,nan,,,-999.0,10.0,nan
8438,Ankit,Female,43.0,Hyderabad,2022-04-12,2025-09-28,-999.0,-1.0,UK
8439,Amit,nan,24.0,Hyderabad,2022-01-25,,-999.0,-1.0,Australia
8440,nan,female,200.0,Mumbai,,,-999.0,1.0,USA
,Rahul,Male,200.0,Chennai,2023-07-07,,-999.0,10.0,Australia
8442,Kiran,nan,-5.0,Bangalore,2024-09-01,,713.89,2.0,Australia
8443,nan,F,-5.0,Kolkata,2021-08-01,2020-12-20,4554.76,-1.0,India
8444,nan,male,200.0,Bangalore,2023-03-25,,-999.0,1.0,nan
,Simran,F,200.0,Bangalore,,,-999.0,3.0,USA
8446,nan,male,-5.0,Kolkata,2023-05-18,2021-04-05,472.96,3.0,nan
8447,Rahul,nan,43.0,Bangalore,2024-12-24,,-999.0,-1.0,nan
8448,Sneha,female,43.0,Delhi,2022-04-03,,-999.0,10.0,India
C8449,Sneha,M,-5.0,Hyderabad,,2024-10-15,-999.0,5.0,Australia
,Ankit,M,43.0,nan,,,-999.0,10.0,Australia
,Sneha,female,58.0,Bangalore,2024-12-02,2023-03-23,-999.0,5.0,nan
,Ravi,F,43.0,Chennai,,,-999.0,2.0,nan
8453,Sneha,Male,200.0,Kolkata,,,-999.0,10.0,India
,Ravi,nan,200.0,Pune,2021-10-30,2023-01-04,446.1,10.0,USA
8455,Simran,female,200.0,Delhi,2020-10-21,2023-03-09,-999.0,-1.0,Australia
C8456,Ravi,nan,200.0,Pune,2020-10-04,,-999.0,10.0,nan
C8457,Neha,Male,-5.0,Chennai,,,-999.0,-1.0,India
,Rahul,female,-5.0,Chennai,2021-04-09,,-999.0,-1.0,nan
8459,Simran,nan,200.0,Mumbai,2024-12-19,2023-02-03,-999.0,3.0,India
8460,Neha,nan,41.0,nan,,,-999.0,3.0,UK
C8461,nan,female,43.0,Kolkata,,2021-10-28,-999.0,2.0,Australia
8462,Pooja,nan,200.0,Chennai,2023-11-20,2023-06-23,-999.0,3.0,Australia
8463,Sneha,Male,43.0,Bangalore,2023-05-05,,-999.0,5.0,USA
8464,Amit,Female,43.0,Bangalore,2023-10-05,2020-09-21,-999.0,1.0,Canada
8465,Rahul,Male,43.0,Chennai,2020-08-10,,4931.44,3.0,nan
8466,Ravi,M,-5.0,Hyderabad,2023-04-11,2021-05-16,-999.0,-1.0,Canada
8467,Ravi,nan,200.0,nan,,,-999.0,3.0,UK
8468,Neha,M,43.0,Delhi,2023-06-29,,-999.0,3.0,USA
8469,Amit,nan,43.0,Chennai,,,-999.0,3.0,USA
C8470,Pooja,nan,-5.0,Ahmedabad,,2025-02-10,472.1,3.0,Canada
C8471,Simran,nan,-5.0,Delhi,,,-999.0,3.0,Canada
C8472,Ravi,nan,43.0,Ahmedabad,,2022-04-16,-999.0,3.0,USA
C8473,Kiran,nan,58.0,Chennai,2022-11-01,2022-05-07,4969.21,3.0,USA
8474,Ankit,M,43.0,Bangalore,2025-05-03,,-999.0,1.0,Canada
C8475,Neha,female,43.0,Pune,2021-08-21,,4526.59,3.0,UK
8476,Simran,Male,200.0,Chennai,,,-999.0,1.0,nan
C8477,Simran,M,43.0,Bangalore,,,3494.25,3.0,USA
,Ankit,Female,43.0,nan,,,-999.0,-1.0,UK
C8479,nan,female,43.0,Ahmedabad,2025-08-11,2026-01-03,-999.0,3.0,India
8480,Sneha,female,200.0,nan,,,2366.67,10.0,nan
,Simran,male,68.0,Delhi,2020-12-09,2021-01-18,-999.0,-1.0,USA
,nan,Female,-5.0,Kolkata,2020-12-05,,-999.0,3.0,India
8483,Pooja,nan,-5.0,Hyderabad,,,1120.69,-1.0,USA
8484,Amit,female,-5.0,Pune,,,-999.0,3.0,India
8485,nan,female,200.0,Mumbai,2020-12-14,,-999.0,10.0,nan
C8486,Neha,male,47.0,Chennai,2021-11-09,,3193.84,10.0,UK
C8487,Pooja,nan,200.0,Chennai,,2023-11-12,-999.0,3.0,USA
8488,Sneha,Female,200.0,Bangalore,,,-999.0,-1.0,Australia
C8489,Sneha,M,43.0,Bangalore,2021-08-24,,-999.0,2.0,UK
C8490,Neha,F,36.0,Ahmedabad,,2022-12-02,-999.0,-1.0,Australia
8491,Amit,M,56.0,Delhi,2021-07-27,,-999.0,10.0,USA
8492,Sneha,nan,56.0,Hyderabad,,2025-12-04,-999.0,3.0,nan
8493,nan,F,22.0,Mumbai,,2022-10-24,-999.0,-1.0,Australia
C8494,Priya,female,43.0,Hyderabad,2024-05-05,,-999.0,3.0,Canada
C8495,Amit,nan,40.0,Kolkata,2022-02-02,,1971.75,10.0,Canada
,Sneha,male,43.0,Hyderabad,,2024-10-07,-999.0,3.0,Canada
,Amit,female,-5.0,Kolkata,,,-999.0,3.0,Canada
,Simran,female,42.0,Mumbai,,,-999.0,1.0,India
C8499,Simran,male,46.0,Mumbai,,2022-11-21,2636.37,3.0,Australia
8500,Simran,nan,-5.0,Mumbai,,2022-09-01,-999.0,-1.0,USA
C8501,nan,nan,65.0,Delhi,2025-12-27,2022-11-22,-999.0,3.0,Australia
C8502,Priya,male,200.0,Ahmedabad,,,-999.0,5.0,India
8503,Ankit,F,-5.0,Ahmedabad,2021-01-21,2025-09-09,2150.14,10.0,Canada
,Simran,nan,200.0,Hyderabad,2021-06-07,,3503.9,3.0,Australia
8505,Rahul,F,38.0,Delhi,,,-999.0,10.0,USA
,Ravi,M,67.0,Bangalore,,,1648.99,1.0,USA
8507,Ravi,nan,52.0,Bangalore,,,-999.0,1.0,India
8508,Rahul,nan,-5.0,Mumbai,2023-09-18,,-999.0,3.0,Australia
,Amit,male,53.0,Ahmedabad,,,-999.0,3.0,UK
C8510,nan,Female,200.0,Chennai,,2025-09-22,-999.0,-1.0,UK
8511,Rahul,male,200.0,Mumbai,2022-10-17,,-999.0,10.0,USA
8512,Kiran,male,200.0,Ahmedabad,,2024-11-21,2492.94,2.0,nan
C8513,Ravi,Male,-5.0,Mumbai,,2022-01-07,1696.05,3.0,Australia
8514,Sneha,nan,43.0,Delhi,2022-07-11,,-999.0,10.0,nan
8515,Pooja,F,200.0,Kolkata,,,-999.0,10.0,UK
,Neha,M,43.0,Pune,,,-999.0,3.0,Australia
8517,Kiran,nan,61.0,Kolkata,,,-999.0,3.0,nan
8518,nan,male,-5.0,Kolkata,2022-05-02,,504.75,5.0,Australia
8519,Neha,nan,200.0,Pune,2025-02-12,,3114.54,3.0,Canada
C8520,Ravi,nan,29.0,Delhi,,2023-07-27,1095.37,-1.0,Australia
C8521,Rahul,Female,-5.0,Chennai,,,-999.0,3.0,UK
C8522,nan,F,43.0,Ahmedabad,,2025-03-01,4367.0,3.0,Canada
,Ankit,M,43.0,nan,2023-10-27,2020-11-14,-999.0,10.0,USA
8524,nan,F,43.0,Bangalore,,,4301.73,10.0,Canada
8525,Priya,nan,200.0,Bangalore,,,-999.0,3.0,Australia
C8526,Ankit,Male,200.0,Bangalore,2023-02-15,,3715.13,10.0,Canada
8527,Kiran,F,27.0,Pune,,2023-05-08,-999.0,-1.0,USA
8528,Simran,F,200.0,Pune,2022-06-20,2025-06-19,-999.0,4.0,nan
,Rahul,Female,-5.0,Ahmedabad,,2024-12-23,-999.0,-1.0,nan
8530,Rahul,Female,-5.0,Chennai,,,-999.0,3.0,India
8531,Sneha,Female,24.0,Ahmedabad,2022-10-26,,2338.45,1.0,nan
8532,nan,Male,18.0,Hyderabad,,,-999.0,-1.0,Canada
8533,Amit,female,-5.0,Chennai,2025-04-05,2021-01-30,-999.0,5.0,USA
C8534,Ankit,Female,200.0,Hyderabad,,,-999.0,3.0,Canada
8535,Ravi,M,200.0,Chennai,2025-12-28,2024-03-09,-999.0,3.0,nan
8536,Pooja,M,43.0,Bangalore,2023-02-03,,-999.0,-1.0,Australia
C8537,nan,nan,200.0,Hyderabad,,2023-09-12,-999.0,3.0,Australia
,Priya,nan,-5.0,Chennai,2023-10-21,,4108.23,10.0,USA
8539,nan,female,200.0,Hyderabad,,2020-12-12,2708.93,3.0,India
,nan,Female,54.0,Bangalore,2020-12-19,2022-06-08,412.92,10.0,UK
,Simran,M,-5.0,Delhi,2021-10-29,,-999.0,3.0,UK
C8542,Neha,male,48.0,Bangalore,2024-12-23,,-999.0,-1.0,Canada
8543,Pooja,female,43.0,Bangalore,2023-07-23,,-999.0,1.0,India
8544,Simran,female,41.0,Delhi,,,-999.0,-1.0,UK
C8545,nan,Female,69.0,Chennai,2024-11-19,,-999.0,10.0,Canada
8546,Neha,nan,21.0,Mumbai,2025-08-15,,-999.0,10.0,USA
,Simran,Female,-5.0,Mumbai,2024-08-27,2021-11-05,-999.0,10.0,India
,Neha,female,200.0,Pune,2025-07-11,,-999.0,3.0,USA
,Neha,Female,-5.0,Bangalore,,,3386.15,10.0,Australia
8550,Pooja,F,-5.0,Bangalore,,,-999.0,3.0,UK
C8551,Sneha,female,-5.0,Ahmedabad,2025-11-29,,-999.0,10.0,India
8552,Rahul,nan,43.0,Chennai,,2021-05-27,-999.0,10.0,UK
8553,nan,female,200.0,Kolkata,2023-01-07,,-999.0,10.0,Canada
8554,Amit,M,43.0,Kolkata,,,-999.0,10.0,UK
,Kiran,nan,36.0,Chennai,2020-08-09,2025-03-06,-999.0,10.0,USA
8556,Amit,F,44.0,Chennai,,2025-10-19,-999.0,1.0,Canada
,Neha,nan,43.0,Kolkata,2023-08-27,2024-11-23,3922.4,-1.0,USA
,Sneha,Female,200.0,Delhi,2022-07-26,2023-04-21,-999.0,-1.0,Australia
8559,nan,nan,200.0,Ahmedabad,2024-07-20,,-999.0,10.0,USA
C8560,Priya,F,200.0,Delhi,,2024-12-25,-999.0,10.0,nan
,Ankit,F,43.0,Mumbai,2024-07-27,,-999.0,-1.0,Canada
C8562,Simran,Female,-5.0,Chennai,,,2778.93,10.0,nan
C8563,nan,male,-5.0,Pune,2025-04-07,,-999.0,-1.0,nan
C8564,Amit,Male,-5.0,Delhi,2024-06-12,2023-06-06,-999.0,3.0,Australia
8565,Amit,nan,43.0,nan,,,4800.2,3.0,nan
8566,nan,female,-5.0,Pune,,,-999.0,3.0,nan
8567,Sneha,nan,64.0,Chennai,,,-999.0,4.0,UK
8568,Simran,F,200.0,Bangalore,,,-999.0,10.0,Australia
C8569,Neha,M,-5.0,Ahmedabad,,2025-09-17,-999.0,3.0,UK
8570,nan,nan,43.0,Delhi,2021-09-28,,2378.45,3.0,India
8571,Pooja,female,47.0,nan,,2020-11-17,-999.0,10.0,nan
,Ankit,Female,43.0,Bangalore,2024-05-04,,-999.0,10.0,Australia
8573,Ankit,male,-5.0,Delhi,2023-09-27,,4762.42,3.0,UK
8574,Priya,nan,45.0,Chennai,,,-999.0,-1.0,Australia
8575,Kiran,nan,43.0,Chennai,2024-10-17,,-999.0,10.0,Canada
8576,Simran,Female,-5.0,Chennai,,,-999.0,-1.0,Australia
8577,Neha,Female,35.0,Delhi,,,-999.0,2.0,USA
,Ravi,male,43.0,Chennai,2023-02-24,,-999.0,-1.0,USA
,Sneha,F,43.0,Delhi,2023-11-17,2022-11-30,-999.0,-1.0,Australia
,Priya,F,51.0,Kolkata,,,-999.0,-1.0,nan
,nan,nan,43.0,Mumbai,,,-999.0,10.0,UK
8582,Ravi,Female,-5.0,Kolkata,2025-03-05,2025-04-12,-999.0,-1.0,nan
,Simran,nan,-5.0,Kolkata,,,-999.0,4.0,USA
C8584,Simran,nan,41.0,nan,,2022-01-30,-999.0,-1.0,USA
,Simran,M,200.0,Pune,,,-999.0,3.0,nan
,Priya,male,-5.0,Pune,,,-999.0,10.0,Australia
C8587,Ravi,M,200.0,Bangalore,2024-12-03,2022-03-20,-999.0,10.0,Australia
8588,Ravi,female,200.0,Ahmedabad,2024-07-05,,-999.0,3.0,Canada
8589,Neha,Male,43.0,Ahmedabad,2021-03-30,2020-10-29,-999.0,-1.0,USA
8590,Simran,M,43.0,Kolkata,2025-08-07,2023-11-02,-999.0,10.0,Canada
,Simran,male,43.0,Hyderabad,2022-08-28,,-999.0,10.0,USA
8592,Amit,M,28.0,Hyderabad,2025-01-07,,-999.0,10.0,nan
C8593,Pooja,Female,69.0,Delhi,,2024-09-13,-999.0,-1.0,USA
C8594,Sneha,nan,28.0,Ahmedabad,2022-03-27,,2804.72,3.0,Canada
C8595,nan,Male,200.0,nan,,,-999.0,-1.0,India
8596,Amit,Female,-5.0,Delhi,2022-12-20,,-999.0,-1.0,nan
8597,Pooja,male,200.0,Delhi,2023-05-09,,4517.97,3.0,Australia
,Priya,nan,52.0,Mumbai,,,-999.0,3.0,Canada
,Ankit,F,200.0,Pune,,,-999.0,10.0,UK
,Sneha,female,43.0,nan,,,1045.64,10.0,UK
C8601,Sneha,F,-5.0,nan,,2022-09-06,-999.0,3.0,UK
C8602,Kiran,female,-5.0,nan,2025-09-08,,-999.0,10.0,India
C8603,Priya,Male,43.0,Bangalore,,,-999.0,-1.0,Canada
C8604,nan,nan,25.0,Delhi,2023-06-06,2023-02-24,-999.0,-1.0,USA
8605,Ankit,M,24.0,nan,2021-05-23,,1940.98,3.0,Australia
,Neha,nan,-5.0,nan,2025-06-29,2025-10-24,4032.71,-1.0,nan
8607,Kiran,F,29.0,Kolkata,,,4040.39,10.0,USA
,Amit,nan,43.0,Pune,,,-999.0,3.0,USA
C8609,Pooja,Male,45.0,Hyderabad,2024-11-27,,-999.0,10.0,USA
8610,nan,Female,43.0,Hyderabad,,,1810.64,3.0,USA
8611,Rahul,female,-5.0,Ahmedabad,,,-999.0,3.0,UK
8612,Neha,nan,29.0,Pune,2023-02-11,,-999.0,3.0,Canada
C8613,nan,nan,-5.0,Mumbai,2025-12-09,,-999.0,3.0,Australia
8614,Simran,male,-5.0,Bangalore,,2023-03-15,442.53,3.0,India
8615,Sneha,male,18.0,Hyderabad,2022-09-03,,-999.0,-1.0,UK
8616,Kiran,Male,200.0,Hyderabad,2021-06-06,,-999.0,3.0,Canada
C8617,nan,Male,67.0,Hyderabad,,,-999.0,3.0,USA
8618,Sneha,Male,200.0,Delhi,2021-05-18,,518.97,10.0,nan
8619,Sneha,female,200.0,Kolkata,2022-03-29,,961.98,1.0,USA
,Pooja,male,43.0,Hyderabad,,2022-10-13,80.19,10.0,Australia
,Amit,nan,200.0,Delhi,,,4324.14,10.0,UK
8622,Priya,M,200.0,Bangalore,,,-999.0,-1.0,USA
C8623,Rahul,nan,43.0,Chennai,2025-03-20,2023-09-18,-999.0,10.0,USA
,Neha,male,43.0,Mumbai,,,4851.08,3.0,UK
,Kiran,male,68.0,Delhi,2021-12-02,2023-10-15,-999.0,-1.0,Australia
8626,Neha,nan,-5.0,Mumbai,2022-06-09,,3084.51,10.0,nan
,Pooja,male,37.0,Ahmedabad,2021-03-30,,-999.0,-1.0,Canada
C8628,Neha,male,62.0,Pune,,,3453.14,-1.0,India
8629,Ankit,male,50.0,Delhi,2023-06-14,2021-04-13,-999.0,10.0,nan
8630,Ankit,Female,-5.0,Ahmedabad,2025-01-04,2020-11-30,-999.0,3.0,USA
C8631,Ankit,Female,36.0,Kolkata,2023-06-17,,-999.0,10.0,Australia
,Kiran,female,20.0,Ahmedabad,,,-999.0,3.0,Canada
,Ankit,M,43.0,Pune,,,-999.0,10.0,India
8634,Simran,F,43.0,Delhi,2021-05-02,2024-10-26,-999.0,3.0,UK
8635,Simran,male,23.0,Pune,,,-999.0,3.0,India
C8636,Ravi,Male,20.0,Chennai,2022-08-23,,-999.0,3.0,nan
C8637,Kiran,Female,-5.0,Chennai,2021-12-21,,-999.0,-1.0,Canada
8638,Pooja,F,43.0,Pune,,2022-12-27,-999.0,3.0,UK
C8639,nan,nan,31.0,Ahmedabad,,,3890.75,10.0,India
8640,Simran,male,31.0,nan,2024-05-17,,-999.0,10.0,nan
8641,Kiran,Female,-5.0,Kolkata,,,-999.0,-1.0,Canada
,nan,nan,-5.0,Hyderabad,,,-999.0,10.0,India
C8643,Simran,nan,200.0,Kolkata,,,-999.0,10.0,USA
8644,Kiran,M,-5.0,Hyderabad,2022-05-12,2021-07-02,-999.0,3.0,Australia
8645,Simran,nan,-5.0,Mumbai,,,-999.0,3.0,Australia
8646,Kiran,nan,70.0,Pune,,,-999.0,3.0,Canada
8647,Ankit,F,200.0,Delhi,,,-999.0,3.0,UK
8648,Pooja,Male,-5.0,Mumbai,,2022-03-21,-999.0,10.0,nan
8649,Rahul,nan,32.0,Delhi,2021-04-27,,-999.0,3.0,UK
8650,Amit,female,18.0,Pune,2022-11-18,,-999.0,1.0,Australia
8651,Ankit,M,43.0,Hyderabad,2023-03-01,,-999.0,3.0,Australia
8652,Pooja,nan,200.0,Ahmedabad,,2023-05-14,-999.0,1.0,USA
8653,Simran,male,-5.0,Ahmedabad,,,-999.0,10.0,nan
8654,Kiran,F,43.0,Kolkata,2024-07-27,,1821.79,3.0,nan
C8655,Simran,Male,28.0,nan,2022-04-17,2023-06-19,-999.0,10.0,Canada
C8656,Priya,nan,-5.0,Chennai,2024-02-07,,1368.13,3.0,USA
,nan,M,65.0,nan,2021-01-16,2023-02-17,2200.39,10.0,UK
,Ankit,Female,62.0,Delhi,,,-999.0,10.0,Canada
8659,Neha,F,200.0,Mumbai,2025-04-07,,-999.0,2.0,nan
,Kiran,nan,-5.0,Pune,2022-06-17,,1737.12,10.0,India
8661,Ankit,M,200.0,Hyderabad,2021-06-28,2023-02-18,-999.0,-1.0,India
C8662,Rahul,nan,43.0,Hyderabad,,,-999.0,3.0,UK
C8663,Ankit,M,45.0,Mumbai,,2023-08-30,-999.0,5.0,Canada
,nan,M,-5.0,Bangalore,2024-08-10,,-999.0,3.0,Australia
8665,Ankit,M,43.0,Chennai,2021-03-23,2023-05-14,-999.0,2.0,UK
,Simran,nan,43.0,Mumbai,2024-03-01,,-999.0,3.0,nan
C8667,Ravi,nan,37.0,Kolkata,,2025-10-02,-999.0,10.0,USA
C8668,Priya,M,200.0,Bangalore,,,-999.0,10.0,Canada
C8669,Rahul,M,39.0,nan,2024-11-16,,-999.0,10.0,India
,Pooja,nan,43.0,Hyderabad,,,-999.0,3.0,USA
,nan,M,43.0,Pune,,,-999.0,2.0,Australia
,Ankit,F,-5.0,Ahmedabad,2025-05-27,,-999.0,1.0,UK
C8673,Ankit,Female,43.0,Kolkata,,,-999.0,10.0,nan
8674,Sneha,Female,43.0,Bangalore,2022-07-04,2020-09-10,-999.0,1.0,Canada
8675,nan,F,54.0,Bangalore,,2023-08-23,-999.0,-1.0,UK
,Simran,F,57.0,Ahmedabad,,,1886.32,-1.0,USA
,Ravi,nan,43.0,Hyderabad,2024-06-23,,-999.0,5.0,nan
C8678,Sneha,Female,200.0,Pune,,,-999.0,10.0,Canada
,Neha,nan,43.0,Mumbai,2021-08-06,2022-05-25,-999.0,3.0,India
8680,Kiran,F,-5.0,Delhi,,2021-06-20,-999.0,3.0,USA
,Kiran,nan,49.0,Ahmedabad,,,-999.0,2.0,UK
C8682,Neha,F,43.0,Delhi,,,-999.0,3.0,Australia
8683,Pooja,nan,200.0,Ahmedabad,2021-05-23,,-999.0,-1.0,Australia
8684,Kiran,M,43.0,Hyderabad,,2022-10-08,-999.0,-1.0,Canada
8685,Amit,nan,200.0,Kolkata,,2025-05-12,2376.48,3.0,UK
C8686,Amit,Male,66.0,Bangalore,2023-07-05,2026-01-12,-999.0,10.0,UK
,Sneha,M,43.0,Ahmedabad,2021-05-27,,-999.0,3.0,UK
,Pooja,nan,-5.0,nan,2020-08-11,,-999.0,10.0,Australia
8689,Ankit,female,45.0,Chennai,,,1543.62,10.0,Australia
8690,Rahul,F,200.0,Kolkata,,,2576.64,3.0,India
8691,Ankit,female,200.0,Pune,,,4698.35,3.0,UK
,Rahul,Female,43.0,Ahmedabad,2024-04-17,2024-10-24,-999.0,3.0,nan
8693,Kiran,female,200.0,Hyderabad,,,2051.06,3.0,nan
,Kiran,female,43.0,nan,,,-999.0,2.0,nan
8695,Rahul,nan,-5.0,Kolkata,2022-07-01,,-999.0,3.0,nan
8696,Pooja,F,-5.0,Mumbai,,,-999.0,3.0,nan
,nan,Female,200.0,Kolkata,2025-01-16,2022-07-05,3120.18,1.0,Australia
,Pooja,Male,43.0,Mumbai,,,-999.0,-1.0,nan
,nan,male,200.0,Delhi,2024-05-18,,-999.0,3.0,nan
8700,Simran,nan,-5.0,Pune,2021-01-24,,-999.0,2.0,USA
,Ravi,nan,-5.0,Ahmedabad,,,777.16,3.0,UK
8702,Rahul,female,43.0,Chennai,,,-999.0,-1.0,Australia
C8703,Neha,nan,43.0,Chennai,2025-04-11,2022-08-31,-999.0,5.0,USA
8704,nan,female,200.0,Delhi,,,-999.0,-1.0,Australia
8705,Rahul,F,200.0,Ahmedabad,2025-03-06,,-999.0,1.0,Australia
8706,Kiran,M,-5.0,Kolkata,,,425.28,-1.0,India
8707,Priya,M,43.0,Bangalore,,,-999.0,3.0,India
C8708,Pooja,male,200.0,nan,,2023-05-13,4341.45,3.0,India
8709,nan,M,200.0,nan,,,3905.23,-1.0,India
8710,Priya,Male,200.0,Ahmedabad,2022-10-01,,-999.0,10.0,Australia
8711,Ankit,male,43.0,nan,2025-01-08,2024-10-17,-999.0,5.0,Australia
8712,Simran,nan,200.0,Pune,2023-09-27,,-999.0,3.0,Canada
8713,Priya,Male,200.0,Mumbai,,,4697.49,10.0,Australia
,Ravi,Male,43.0,Pune,,,-999.0,-1.0,nan
C8715,Simran,nan,43.0,nan,2023-05-07,,-999.0,3.0,nan
8716,Rahul,female,70.0,Hyderabad,,2021-10-11,-999.0,3.0,UK
8717,Neha,F,66.0,Ahmedabad,,,911.3,3.0,nan
8718,Simran,nan,43.0,Hyderabad,2025-08-03,,2766.36,-1.0,Australia
8719,Kiran,female,-5.0,Chennai,,,-999.0,-1.0,India
,Amit,female,43.0,Ahmedabad,,2023-02-12,4522.32,3.0,nan
,Ravi,nan,34.0,Kolkata,,,-999.0,-1.0,India
,nan,Female,33.0,Bangalore,,2022-02-27,-999.0,3.0,UK
8723,Ankit,M,22.0,Mumbai,,,-999.0,10.0,UK
C8724,Ankit,F,-5.0,nan,,,-999.0,10.0,USA
8725,Priya,Male,200.0,Kolkata,,,-999.0,-1.0,India
8726,Kiran,Female,51.0,Pune,,2025-11-17,-999.0,10.0,India
8727,Sneha,M,200.0,Bangalore,,,-999.0,3.0,Australia
,nan,female,27.0,Mumbai,,,-999.0,-1.0,India
,Pooja,nan,-5.0,Hyderabad,,,3592.18,10.0,USA
8730,nan,Male,200.0,Pune,2023-03-13,2024-07-18,-999.0,10.0,nan
,Neha,nan,200.0,Hyderabad,2021-05-28,,-999.0,3.0,Australia
,nan,nan,43.0,Chennai,,,2738.49,1.0,USA
8733,Neha,Male,54.0,Delhi,,,118.93,-1.0,USA
,Amit,M,43.0,Bangalore,2022-08-24,2020-10-07,-999.0,10.0,India
8735,Rahul,female,19.0,Ahmedabad,,2020-10-28,-999.0,10.0,Canada
,Sneha,M,-5.0,Delhi,2024-02-28,2022-12-17,3895.45,-1.0,India
,Ravi,female,-5.0,Chennai,,2023-11-06,-999.0,3.0,India
C8738,Sneha,Male,-5.0,Delhi,,,3923.23,10.0,nan
C8739,nan,F,38.0,Hyderabad,,2020-12-02,-999.0,-1.0,India
,Simran,Female,-5.0,Hyderabad,2025-08-10,2022-04-08,-999.0,3.0,USA
C8741,Priya,F,43.0,Chennai,2021-03-27,,-999.0,-1.0,UK
8742,Priya,F,-5.0,Chennai,,,1063.97,10.0,nan
C8743,Amit,Female,59.0,nan,2023-12-14,,-999.0,10.0,USA
8744,Kiran,male,29.0,Delhi,2021-12-08,,-999.0,10.0,Australia
8745,Priya,Male,200.0,Bangalore,,2020-09-21,2556.55,10.0,USA
,Ankit,Female,200.0,Pune,2025-04-26,2021-06-26,-999.0,-1.0,Australia
,Simran,nan,20.0,Delhi,2024-11-21,,-999.0,-1.0,Canada
,Pooja,male,200.0,Ahmedabad,,2020-12-16,-999.0,-1.0,USA
,Ankit,F,200.0,nan,2021-11-01,2025-01-27,-999.0,3.0,Australia
8750,Sneha,male,43.0,Mumbai,,,-999.0,2.0,Canada
8751,Ankit,F,-5.0,Ahmedabad,,,-999.0,-1.0,nan
8752,nan,Female,200.0,Kolkata,2020-11-01,2024-03-23,573.27,3.0,Australia
,Amit,Female,43.0,nan,2023-05-29,2022-06-20,-999.0,-1.0,UK
,Amit,female,200.0,Hyderabad,,,-999.0,3.0,USA
C8755,Amit,Male,48.0,Chennai,,2023-09-08,-999.0,3.0,UK
,Ankit,male,-5.0,Kolkata,,,-999.0,-1.0,UK
,Kiran,female,200.0,Kolkata,,,-999.0,3.0,Canada
8758,Sneha,Female,200.0,nan,,,-999.0,3.0,USA
,Priya,F,57.0,Delhi,2023-02-11,,-999.0,-1.0,India
8760,Kiran,male,56.0,Kolkata,2023-01-13,,-999.0,3.0,UK
C8761,Priya,M,200.0,Chennai,,,-999.0,-1.0,USA
8762,Priya,nan,200.0,Kolkata,,,668.35,3.0,Canada
C8763,Sneha,Female,-5.0,Delhi,2023-09-09,2020-11-28,-999.0,1.0,Australia
8764,nan,F,43.0,nan,,2024-03-28,-999.0,3.0,USA
C8765,Amit,male,43.0,Pune,,2023-01-31,-999.0,-1.0,USA
,nan,Male,200.0,Delhi,2024-04-11,,-999.0,4.0,India
C8767,Amit,Male,200.0,Pune,2023-11-26,,1622.42,3.0,Australia
,Ravi,female,43.0,Delhi,,,3928.38,3.0,UK
,Rahul,Male,200.0,Delhi,,2022-04-19,-999.0,3.0,Australia
8770,Amit,nan,200.0,Chennai,2023-03-12,2021-03-26,-999.0,10.0,Canada
8771,Simran,nan,-5.0,Mumbai,,,-999.0,5.0,Australia
8772,Priya,nan,-5.0,Chennai,2023-11-01,,3834.16,10.0,Canada
8773,Ankit,female,200.0,Pune,2023-04-23,2020-12-12,-999.0,3.0,Canada
8774,Ankit,female,43.0,Chennai,,2022-01-27,-999.0,2.0,India
8775,nan,Female,-5.0,Delhi,,,-999.0,3.0,Australia
8776,Ankit,nan,200.0,Bangalore,2024-08-11,,-999.0,-1.0,nan
8777,Rahul,nan,38.0,Mumbai,,,-999.0,1.0,USA
,Simran,Female,43.0,Mumbai,,,-999.0,10.0,UK
C8779,Rahul,nan,-5.0,Ahmedabad,2020-11-10,,-999.0,10.0,USA
C8780,Amit,nan,-5.0,Mumbai,2024-06-23,,-999.0,1.0,India
C8781,Neha,nan,43.0,Pune,,,-999.0,10.0,Canada
C8782,Kiran,Female,47.0,Ahmedabad,2025-07-17,2021-03-04,-999.0,3.0,Australia
C8783,Neha,M,200.0,nan,2024-04-02,2025-08-11,-999.0,-1.0,UK
8784,Sneha,Male,-5.0,Mumbai,,,-999.0,10.0,India
8785,Rahul,F,-5.0,Pune,2022-10-06,,-999.0,-1.0,nan
C8786,nan,female,59.0,nan,2025-08-13,,2424.92,2.0,UK
8787,Ankit,Female,200.0,Pune,2024-01-25,,-999.0,1.0,Australia
,Ravi,Male,200.0,Hyderabad,2021-12-12,,-999.0,10.0,India
8789,Priya,Male,43.0,Chennai,,2022-02-24,-999.0,10.0,Australia
8790,Kiran,M,200.0,Hyderabad,,,4471.28,-1.0,India
8791,Ankit,F,-5.0,Ahmedabad,,2023-12-28,-999.0,10.0,Australia
8792,Rahul,nan,67.0,Mumbai,,,-999.0,10.0,UK
C8793,Kiran,Male,43.0,Ahmedabad,,,-999.0,3.0,nan
8794,Pooja,nan,200.0,Chennai,2023-01-15,,-999.0,3.0,USA
8795,Priya,F,43.0,Bangalore,2021-11-18,2022-03-28,2351.5,3.0,USA
8796,Ankit,nan,46.0,Ahmedabad,2023-09-13,,-999.0,10.0,Australia
,Ankit,male,-5.0,nan,2025-10-12,2026-01-06,-999.0,4.0,nan
C8798,Ravi,male,-5.0,Mumbai,,,484.18,-1.0,Australia
8799,Rahul,male,200.0,Kolkata,2023-01-05,,2895.3,-1.0,UK
,Priya,Female,43.0,Mumbai,2024-06-09,2024-11-27,-999.0,-1.0,UK
,Rahul,M,43.0,Bangalore,,,-999.0,3.0,Australia
8802,Sneha,nan,200.0,Delhi,2025-04-11,2025-01-16,-999.0,-1.0,India
,Sneha,nan,-5.0,Kolkata,,,-999.0,3.0,UK
8804,Amit,Female,-5.0,Bangalore,,2022-11-05,-999.0,-1.0,Australia
8805,Rahul,M,43.0,Kolkata,,2024-11-26,-999.0,-1.0,nan
,Sneha,M,200.0,Chennai,,,1493.3,-1.0,USA
8807,Neha,M,64.0,Hyderabad,,,4832.79,10.0,UK
8808,Neha,male,43.0,Chennai,2024-02-20,2020-09-24,-999.0,2.0,UK
,Pooja,male,-5.0,nan,2021-07-13,2023-03-16,-999.0,3.0,Canada
,nan,nan,-5.0,Kolkata,2024-12-13,,-999.0,3.0,USA
C8811,Sneha,Female,-5.0,Bangalore,,2024-11-28,-999.0,3.0,nan
,Ankit,female,43.0,Mumbai,,2021-08-09,-999.0,-1.0,Australia
,Ravi,F,59.0,Hyderabad,,,-999.0,-1.0,UK
8814,nan,male,200.0,Chennai,2025-02-07,2024-05-20,940.44,-1.0,Australia
,Ravi,M,59.0,Bangalore,,2021-10-16,-999.0,-1.0,Canada
,Simran,male,43.0,Mumbai,,2022-09-18,-999.0,1.0,India
8817,Ankit,nan,-5.0,Hyderabad,,,-999.0,-1.0,USA
8818,Ankit,F,200.0,Ahmedabad,,,-999.0,3.0,UK
8819,Ravi,M,200.0,nan,2023-10-15,,-999.0,3.0,USA
C8820,Simran,Female,-5.0,Mumbai,,,-999.0,10.0,Canada
C8821,Amit,Male,43.0,Bangalore,,2022-10-29,-999.0,10.0,UK
,Rahul,female,-5.0,Kolkata,,2022-07-13,810.82,3.0,UK
,Sneha,M,200.0,Pune,2022-03-02,2025-12-07,-999.0,10.0,India
8824,Ankit,female,200.0,Kolkata,,2021-06-01,-999.0,5.0,USA
8825,Pooja,nan,-5.0,nan,,,4745.6,-1.0,nan
8826,Neha,nan,200.0,Hyderabad,2025-03-03,2020-12-28,-999.0,-1.0,USA
8827,Ankit,M,-5.0,Hyderabad,2023-12-26,,2537.6,10.0,Australia
8828,Simran,nan,200.0,Mumbai,2025-06-04,,-999.0,3.0,nan
8829,Priya,male,200.0,Ahmedabad,2024-01-09,,-999.0,10.0,Australia
,Rahul,M,43.0,Delhi,2022-01-04,2021-10-16,1579.71,3.0,Australia
8831,Rahul,nan,-5.0,Delhi,2022-03-16,,-999.0,10.0,Canada
8832,Priya,nan,33.0,Chennai,2025-04-03,,-999.0,-1.0,India
8833,Ravi,F,33.0,nan,,,-999.0,10.0,USA
C8834,Kiran,M,51.0,Delhi,,,-999.0,3.0,India
8835,nan,Male,61.0,Delhi,,2025-08-31,-999.0,5.0,UK
8836,Ravi,Male,52.0,Chennai,,,1692.99,10.0,USA
C8837,Sneha,male,25.0,Hyderabad,2021-10-26,,-999.0,-1.0,Australia
,Sneha,F,51.0,Chennai,,,-999.0,10.0,UK
,Simran,nan,200.0,Kolkata,,,-999.0,-1.0,USA
,Priya,M,-5.0,nan,,,-999.0,-1.0,India
,Ravi,F,25.0,Mumbai,2023-01-08,2026-01-17,-999.0,3.0,UK
C8842,Kiran,nan,200.0,Hyderabad,2026-01-11,,-999.0,1.0,USA
,Kiran,F,200.0,Kolkata,2021-09-17,,1924.65,3.0,India
,Rahul,F,200.0,Pune,,2023-02-06,4295.31,2.0,USA
8845,Ravi,F,200.0,Chennai,,2020-08-11,-999.0,10.0,Australia
C8846,Priya,nan,200.0,Kolkata,,2022-03-29,4898.86,-1.0,nan
C8847,Sneha,female,43.0,Chennai,2024-03-15,,-999.0,10.0,India
8848,Ravi,female,200.0,Pune,,,-999.0,10.0,nan
8849,Ravi,nan,200.0,Delhi,,2023-01-02,3916.85,3.0,UK
C8850,Amit,M,-5.0,Mumbai,2023-01-30,2024-02-09,-999.0,4.0,nan
C8851,Ankit,Female,-5.0,Mumbai,2024-09-20,,-999.0,-1.0,USA
8852,Ravi,nan,-5.0,Hyderabad,,,-999.0,3.0,Canada
,nan,nan,33.0,Bangalore,,,3049.58,10.0,UK
8854,Ankit,F,-5.0,Hyderabad,2025-12-11,,3830.13,5.0,nan
,Rahul,Female,43.0,Mumbai,2020-12-01,2024-05-24,-999.0,2.0,India
,nan,Male,43.0,Pune,2024-07-26,,1365.18,3.0,India
8857,Priya,nan,200.0,Delhi,2023-04-15,2024-12-13,-999.0,5.0,UK
8858,nan,female,-5.0,Hyderabad,2020-08-24,,-999.0,3.0,Canada
,Amit,Male,43.0,Hyderabad,2021-04-27,,-999.0,1.0,India
8860,Sneha,Male,43.0,Ahmedabad,,2021-07-21,-999.0,2.0,Canada
C8861,Ravi,Male,200.0,Ahmedabad,2025-02-13,,-999.0,-1.0,Canada
,Kiran,Female,43.0,Kolkata,,,-999.0,4.0,UK
C8863,Amit,nan,200.0,Mumbai,2021-12-27,2024-12-08,4267.35,-1.0,India
,Pooja,F,45.0,Ahmedabad,2024-09-17,,950.02,3.0,Australia
8865,Neha,Female,43.0,Ahmedabad,2023-02-19,,-999.0,10.0,USA
,Pooja,nan,43.0,Delhi,,,4962.19,10.0,Canada
,nan,nan,43.0,Pune,,,4951.92,-1.0,India
8868,Neha,F,200.0,Hyderabad,2025-05-01,,-999.0,10.0,nan
8869,Rahul,male,30.0,Bangalore,,,-999.0,3.0,nan
,nan,male,-5.0,Hyderabad,2023-03-20,,-999.0,4.0,India
8871,Simran,female,22.0,Mumbai,,,2103.61,3.0,nan
C8872,nan,nan,-5.0,nan,2021-04-14,2022-06-23,-999.0,10.0,USA
8873,Amit,Female,48.0,Kolkata,,,1888.12,-1.0,India
8874,Neha,M,40.0,Delhi,,,-999.0,10.0,USA
8875,Priya,M,43.0,Pune,,,-999.0,3.0,India
8876,Pooja,M,200.0,Delhi,2020-11-12,,-999.0,5.0,Australia
8877,Ravi,male,33.0,nan,2024-05-22,,-999.0,3.0,Canada
8878,Pooja,nan,200.0,Mumbai,2020-11-17,,132.39,5.0,Canada
8879,Ankit,F,-5.0,Mumbai,,,1557.72,3.0,nan
8880,Kiran,F,28.0,Mumbai,,2023-04-22,-999.0,3.0,UK
C8881,Rahul,F,-5.0,Kolkata,2025-01-27,,-999.0,3.0,UK
8882,Ravi,nan,200.0,Hyderabad,,2025-02-13,-999.0,10.0,Australia
8883,Simran,nan,61.0,Delhi,2023-09-30,,-999.0,10.0,nan
8884,nan,female,-5.0,nan,,,-999.0,3.0,Canada
C8885,Pooja,Male,200.0,Delhi,2023-10-16,,1536.6,2.0,UK
,Ravi,F,200.0,Pune,2024-12-01,,-999.0,3.0,UK
C8887,nan,female,-5.0,Kolkata,2023-02-10,,-999.0,-1.0,UK
8888,nan,female,-5.0,Hyderabad,,,-999.0,2.0,Canada
8889,Amit,Female,200.0,Delhi,2022-01-27,,-999.0,3.0,USA
C8890,Amit,M,20.0,Delhi,,,-999.0,3.0,USA
8891,Ankit,Male,-5.0,Hyderabad,,2022-07-04,-999.0,-1.0,Australia
C8892,nan,M,-5.0,Pune,,2023-07-02,-999.0,2.0,UK
8893,nan,Female,43.0,Chennai,,,1221.32,-1.0,USA
8894,Neha,nan,40.0,Chennai,2020-12-02,,-999.0,3.0,nan
8895,Pooja,nan,43.0,Bangalore,2025-07-30,,262.52,10.0,UK
8896,Neha,female,200.0,Ahmedabad,2024-07-06,,-999.0,3.0,USA
,Rahul,nan,200.0,Bangalore,,2022-07-29,789.08,10.0,India
C8898,Neha,M,22.0,Pune,,,-999.0,10.0,UK
C8899,Ravi,Female,43.0,Mumbai,,,1142.05,10.0,UK
8900,Priya,Male,200.0,Mumbai,,,-999.0,3.0,Canada
C8901,nan,Female,-5.0,Pune,2020-12-20,2021-10-10,3554.79,3.0,UK
8902,Neha,Male,43.0,Kolkata,2023-06-05,,2875.64,3.0,Australia
8903,Ravi,male,200.0,Hyderabad,2021-09-09,,-999.0,-1.0,UK
,Simran,nan,200.0,Ahmedabad,2020-12-02,,-999.0,1.0,nan
8905,Ankit,female,43.0,Pune,2024-12-28,,-999.0,-1.0,UK
8906,Rahul,F,-5.0,Pune,2023-09-16,,-999.0,10.0,India
8907,Amit,F,-5.0,Kolkata,2024-05-14,,-999.0,3.0,nan
,Sneha,Male,-5.0,Mumbai,2025-02-05,2022-09-23,-999.0,-1.0,India
,Ravi,M,18.0,Bangalore,2023-10-13,2024-08-22,-999.0,3.0,Australia
C8910,Simran,Female,43.0,Mumbai,,,-999.0,10.0,India
C8911,Pooja,Female,-5.0,Ahmedabad,2023-05-26,,-999.0,2.0,UK
C8912,Rahul,Female,44.0,Ahmedabad,2022-05-18,,-999.0,3.0,India
8913,Ravi,male,27.0,Hyderabad,2023-01-20,,-999.0,-1.0,nan
8914,Priya,Female,43.0,Mumbai,,,-999.0,-1.0,India
C8915,Priya,nan,-5.0,Pune,2024-06-01,2020-12-13,3268.8,2.0,UK
8916,Sneha,male,43.0,Hyderabad,,,-999.0,-1.0,Australia
C8917,Simran,F,200.0,Hyderabad,,,-999.0,-1.0,India
,Rahul,Female,46.0,Delhi,,2024-04-13,4599.33,-1.0,UK
,nan,female,200.0,Kolkata,,,4448.01,10.0,nan
8920,Priya,nan,200.0,Ahmedabad,2022-10-15,,-999.0,10.0,Australia
C8921,nan,female,200.0,Chennai,,,4702.57,3.0,USA
8922,Rahul,nan,47.0,Mumbai,2024-03-12,2022-05-11,2655.76,5.0,USA
8923,Rahul,Female,69.0,Hyderabad,2021-08-28,2023-06-02,-999.0,3.0,USA
C8924,Pooja,F,-5.0,Ahmedabad,2024-01-02,,4349.34,10.0,UK
8925,Ravi,M,43.0,Bangalore,2023-11-25,,-999.0,10.0,nan
C8926,Kiran,Female,43.0,Kolkata,2024-05-31,,493.78,10.0,Canada
8927,Pooja,Male,29.0,Bangalore,2021-09-07,,-999.0,10.0,Australia
8928,Ankit,M,-5.0,Kolkata,2022-04-09,,-999.0,3.0,nan
,Kiran,female,27.0,Delhi,2024-01-07,2022-05-17,3050.72,10.0,Canada
8930,Amit,Female,43.0,Delhi,,,-999.0,3.0,Canada
8931,Ankit,Female,43.0,Chennai,2024-06-09,2025-06-01,-999.0,-1.0,Canada
C8932,Kiran,female,66.0,Ahmedabad,2022-04-01,,-999.0,5.0,nan
8933,Simran,male,-5.0,Pune,2024-02-26,,-999.0,-1.0,USA
C8934,Kiran,nan,49.0,Ahmedabad,,,-999.0,-1.0,Australia
C8935,nan,Female,43.0,Ahmedabad,,2020-12-30,-999.0,10.0,Australia
,Priya,nan,200.0,Hyderabad,,,1474.74,-1.0,Canada
8937,nan,nan,43.0,Delhi,,2022-01-08,-999.0,-1.0,Canada
,nan,M,43.0,Mumbai,2023-04-26,,3202.05,10.0,India
8939,Rahul,male,30.0,nan,,,-999.0,10.0,Australia
,nan,nan,200.0,Ahmedabad,2022-07-14,2023-02-11,673.99,4.0,UK
C8941,Sneha,male,-5.0,Hyderabad,2022-08-04,2025-04-22,-999.0,10.0,Canada
C8942,Ankit,male,-5.0,Ahmedabad,,2020-11-29,-999.0,2.0,USA
8943,Amit,female,40.0,Chennai,2021-11-13,2026-01-03,-999.0,3.0,UK
C8944,Sneha,Male,22.0,nan,2021-10-26,2023-06-24,-999.0,-1.0,UK
8945,Ankit,Female,200.0,Kolkata,,,27.27,5.0,UK
8946,Neha,M,67.0,Kolkata,2022-02-04,,1890.05,3.0,UK
C8947,nan,nan,43.0,Chennai,,2023-10-05,1325.4,-1.0,USA
8948,Kiran,Male,29.0,Mumbai,,,2575.33,-1.0,nan
,Rahul,F,43.0,Ahmedabad,,,-999.0,-1.0,nan
C8950,Kiran,M,38.0,Pune,2024-10-31,,-999.0,3.0,USA
8951,Sneha,F,-5.0,Ahmedabad,2021-06-28,,-999.0,-1.0,USA
8952,Sneha,M,-5.0,Hyderabad,2024-08-15,,-999.0,3.0,Canada
8953,nan,F,-5.0,Bangalore,2023-01-02,2023-05-17,-999.0,-1.0,Australia
,Simran,nan,42.0,Pune,,,-999.0,3.0,UK
8955,Kiran,male,200.0,Mumbai,,,-999.0,-1.0,Canada
,Kiran,female,200.0,Bangalore,2025-03-26,2022-06-02,3856.57,3.0,Canada
,Ravi,female,200.0,Kolkata,2025-09-03,,2051.47,10.0,India
8958,Rahul,Female,200.0,nan,,,2030.58,4.0,Canada
C8959,Amit,Male,-5.0,Hyderabad,,,-999.0,10.0,India
,Simran,Male,43.0,Ahmedabad,2021-06-16,2024-05-23,-999.0,10.0,USA
C8961,Kiran,F,200.0,Pune,,,-999.0,4.0,USA
C8962,Rahul,female,43.0,nan,,2025-11-03,4286.11,-1.0,India
C8963,Amit,male,43.0,Pune,,,4013.27,3.0,Australia
8964,Sneha,male,67.0,Hyderabad,2025-08-09,2025-01-14,-999.0,3.0,Australia
C8965,Ankit,Male,43.0,Kolkata,,,-999.0,2.0,Australia
,Rahul,Male,-5.0,Ahmedabad,,,4887.21,3.0,Canada
C8967,nan,F,64.0,nan,2020-12-19,,316.15,-1.0,UK
,Sneha,nan,45.0,Kolkata,,,-999.0,5.0,UK
,Kiran,nan,43.0,Ahmedabad,,2024-08-14,3184.37,3.0,Canada
8970,Neha,M,200.0,Kolkata,,2024-01-16,-999.0,-1.0,nan
8971,Amit,female,43.0,nan,,2025-02-25,-999.0,10.0,Australia
C8972,Sneha,M,62.0,Hyderabad,,,-999.0,3.0,Australia
,Neha,male,43.0,Ahmedabad,,,723.99,3.0,USA
8974,Kiran,F,-5.0,Hyderabad,,,-999.0,-1.0,nan
C8975,Ankit,nan,-5.0,Kolkata,2021-04-28,,-999.0,10.0,Canada
8976,Ankit,Male,38.0,Ahmedabad,2023-02-02,,2567.34,3.0,India
C8977,Neha,M,46.0,Chennai,2023-06-19,2025-07-15,-999.0,10.0,India
8978,Simran,nan,41.0,Chennai,2021-01-21,,-999.0,4.0,nan
,Priya,Female,200.0,Bangalore,,2025-03-12,4692.39,2.0,Canada
8980,Ankit,Female,-5.0,Kolkata,,,-999.0,5.0,Canada
8981,Ravi,nan,200.0,Ahmedabad,,,4646.93,-1.0,Australia
8982,Kiran,Female,-5.0,Hyderabad,2023-10-31,,-999.0,3.0,USA
8983,Kiran,F,43.0,Delhi,,,2760.88,-1.0,nan
8984,Pooja,Female,-5.0,Chennai,2025-12-05,2025-02-02,-999.0,1.0,India
8985,Neha,female,200.0,Hyderabad,,,2609.72,3.0,USA
,nan,female,59.0,Mumbai,,,-999.0,3.0,Canada
C8987,Ravi,Male,-5.0,Kolkata,2024-11-18,,-999.0,4.0,Canada
8988,Neha,nan,200.0,Delhi,,,-999.0,3.0,Canada
8989,Simran,nan,-5.0,Mumbai,2021-07-19,,-999.0,10.0,India
C8990,Amit,Male,200.0,Kolkata,2024-07-29,2024-12-29,2659.94,3.0,USA
,Ravi,female,200.0,Mumbai,2024-09-13,2021-05-02,-999.0,10.0,Canada
8992,Priya,male,43.0,Ahmedabad,,,-999.0,5.0,Australia
8993,Sneha,nan,-5.0,Pune,,2021-09-04,-999.0,-1.0,Canada
8994,Pooja,male,68.0,Chennai,,2025-06-29,-999.0,-1.0,USA
8995,Kiran,nan,26.0,Chennai,,,-999.0,3.0,India
8996,Priya,Male,69.0,Ahmedabad,2020-08-21,2021-02-01,-999.0,-1.0,nan
8997,Pooja,M,59.0,nan,,,4327.06,5.0,India
,Simran,M,-5.0,Delhi,,,-999.0,3.0,USA
8999,Simran,nan,-5.0,Delhi,,,-999.0,10.0,India
9000,nan,F,43.0,Bangalore,,,-999.0,10.0,Canada
9001,Pooja,F,51.0,nan,2022-12-03,,860.13,3.0,UK
9002,Kiran,Male,43.0,Chennai,2023-12-17,,3952.19,3.0,Canada
,Amit,Male,200.0,Mumbai,2026-01-25,,-999.0,5.0,Australia
,Ravi,female,-5.0,Hyderabad,,,-999.0,1.0,Australia
C9005,Ankit,Female,58.0,Mumbai,2025-12-19,2020-09-02,-999.0,10.0,USA
9006,Rahul,F,43.0,Kolkata,,2024-10-05,790.21,2.0,UK
9007,Ankit,nan,26.0,Bangalore,2022-08-16,,99.58,3.0,USA
C9008,Amit,F,44.0,Delhi,2022-06-29,,-999.0,-1.0,nan
,Priya,Male,-5.0,nan,,2022-02-03,-999.0,-1.0,nan
,Ankit,female,43.0,Bangalore,2022-03-16,,-999.0,5.0,UK
,Pooja,Female,68.0,Mumbai,2023-10-02,,4840.99,2.0,nan
,nan,female,34.0,Chennai,,,-999.0,10.0,UK
C9013,Ankit,F,55.0,Bangalore,,2022-12-01,-999.0,3.0,India
9014,Priya,F,43.0,Chennai,2024-01-04,,1353.26,3.0,UK
,nan,female,-5.0,nan,,,-999.0,3.0,nan
9016,Neha,Female,55.0,Pune,,,-999.0,-1.0,USA
C9017,Ravi,nan,40.0,Ahmedabad,,,-999.0,10.0,Canada
C9018,nan,nan,200.0,Mumbai,2021-06-13,2025-01-18,-999.0,-1.0,Canada
,Ravi,male,43.0,Delhi,,,-999.0,10.0,Australia
9020,Sneha,M,43.0,Delhi,,,3935.98,3.0,nan
9021,Ravi,female,200.0,Delhi,,,3398.23,1.0,Canada
9022,nan,Female,200.0,Pune,,2024-02-09,3015.33,3.0,nan
C9023,Neha,nan,43.0,Chennai,,,-999.0,4.0,UK
9024,Amit,Female,43.0,Bangalore,,,-999.0,10.0,Australia
,Rahul,male,-5.0,Pune,,,4182.77,3.0,nan
,Sneha,nan,-5.0,Delhi,,2021-01-14,-999.0,10.0,India
,Pooja,nan,200.0,Ahmedabad,2025-03-07,2021-10-27,-999.0,1.0,USA
9028,Ankit,Female,35.0,Chennai,,,-999.0,10.0,Australia
9029,Simran,nan,43.0,Mumbai,2025-08-27,2023-07-25,-999.0,3.0,India
9030,Pooja,male,45.0,Hyderabad,2023-01-29,2024-10-19,3032.27,-1.0,Canada
9031,Neha,M,200.0,Chennai,2023-07-25,,-999.0,10.0,USA
C9032,Sneha,male,43.0,Hyderabad,,,4355.25,3.0,India
9033,Ankit,nan,43.0,Kolkata,,2022-12-17,-999.0,3.0,India
C9034,Neha,nan,200.0,nan,2022-04-23,,4232.87,3.0,USA
9035,Rahul,male,200.0,Ahmedabad,2023-02-02,2024-11-01,2417.75,10.0,USA
C9036,Simran,F,-5.0,Ahmedabad,,2024-05-11,-999.0,-1.0,Australia
C9037,Ankit,nan,200.0,Bangalore,2022-03-04,2024-08-01,-999.0,3.0,UK
,Priya,nan,36.0,Ahmedabad,,2021-02-10,-999.0,2.0,Australia
9039,Ravi,female,43.0,Hyderabad,2024-05-13,,4134.87,1.0,USA
C9040,nan,Female,-5.0,nan,2025-02-18,,-999.0,4.0,India
9041,nan,M,43.0,nan,,,-999.0,10.0,UK
C9042,Kiran,nan,43.0,Chennai,2023-06-18,2023-02-16,-999.0,10.0,USA
9043,Sneha,nan,-5.0,Ahmedabad,,,4450.1,3.0,USA
9044,nan,male,200.0,nan,2025-02-24,2025-03-19,2741.61,10.0,Australia
9045,Rahul,M,200.0,Pune,2025-03-24,2025-12-27,-999.0,-1.0,Canada
,nan,M,-5.0,Pune,2021-10-08,,-999.0,2.0,USA
9047,Ravi,M,-5.0,Bangalore,,2021-04-11,4227.84,10.0,nan
9048,Priya,Female,43.0,Hyderabad,2022-11-27,,-999.0,10.0,Australia
,Ankit,nan,54.0,Kolkata,,2025-08-29,-999.0,5.0,UK
9050,nan,nan,67.0,Chennai,2021-09-20,,-999.0,10.0,India
9051,nan,male,-5.0,Bangalore,,,1381.64,-1.0,India
,Kiran,female,60.0,nan,2025-01-26,2025-05-10,-999.0,4.0,UK
9053,Neha,M,-5.0,Chennai,,2023-11-11,-999.0,2.0,Canada
C9054,nan,Female,43.0,Mumbai,,2025-04-08,-999.0,3.0,Australia
C9055,Kiran,Female,200.0,Ahmedabad,2024-12-29,,-999.0,10.0,USA
,Pooja,Male,-5.0,Hyderabad,,,-999.0,3.0,India
9057,Simran,F,25.0,Chennai,,,1378.1,-1.0,India
C9058,nan,nan,43.0,Pune,2026-01-25,,-999.0,4.0,Canada
9059,Neha,nan,43.0,Hyderabad,2023-03-18,,-999.0,-1.0,USA
9060,Sneha,nan,200.0,Hyderabad,,,837.52,10.0,USA
,nan,nan,200.0,nan,,,-999.0,-1.0,India
9062,Kiran,female,25.0,Mumbai,,,1843.11,-1.0,Australia
C9063,Priya,male,200.0,Hyderabad,,2024-05-31,-999.0,10.0,Australia
9064,Amit,Female,67.0,nan,,,4188.09,-1.0,USA
9065,Neha,male,-5.0,Ahmedabad,,,-999.0,1.0,UK
9066,Amit,nan,43.0,Mumbai,2023-01-07,,-999.0,-1.0,nan
C9067,Sneha,male,43.0,Delhi,2023-06-11,,1804.54,10.0,India
,nan,female,22.0,Kolkata,2025-06-09,2025-01-18,-999.0,4.0,Australia
9069,Simran,male,43.0,Chennai,2021-02-27,,-999.0,10.0,Australia
9070,Amit,nan,-5.0,Pune,2025-06-23,2022-08-26,-999.0,10.0,Canada
9071,Priya,Female,200.0,Kolkata,,,-999.0,10.0,Australia
C9072,Rahul,Male,28.0,Ahmedabad,,,-999.0,10.0,nan
9073,Amit,male,42.0,Chennai,,,-999.0,-1.0,India
9074,Ankit,Female,43.0,Kolkata,2022-11-06,,-999.0,3.0,UK
C9075,Priya,Male,43.0,nan,,2023-09-19,2808.85,10.0,UK
C9076,Rahul,female,200.0,Ahmedabad,,,-999.0,2.0,India
9077,Ankit,nan,200.0,Bangalore,,,4495.02,-1.0,UK
9078,nan,nan,43.0,Bangalore,2024-08-21,,-999.0,3.0,India
9079,Ankit,nan,43.0,Ahmedabad,2025-07-12,2024-03-04,3008.41,10.0,UK
,Kiran,male,200.0,Pune,2024-01-17,2020-09-05,-999.0,1.0,UK
9081,Neha,F,-5.0,Pune,,,-999.0,-1.0,UK
9082,Neha,Male,43.0,Delhi,2024-10-15,,-999.0,3.0,Canada
9083,Ravi,Female,-5.0,Ahmedabad,,2022-08-15,4584.74,3.0,India
9084,Sneha,M,45.0,Mumbai,,,-999.0,-1.0,Australia
9085,nan,Male,43.0,Pune,,,-999.0,3.0,India
9086,Simran,male,-5.0,Mumbai,2022-07-24,,-999.0,3.0,India
C9087,Pooja,nan,43.0,Delhi,2023-01-24,2021-02-03,-999.0,3.0,USA
,Simran,male,200.0,Bangalore,,2024-04-12,-999.0,10.0,UK
9089,Amit,Female,35.0,Chennai,2021-11-19,,-999.0,10.0,Australia
9090,Ankit,female,43.0,Chennai,,,-999.0,5.0,USA
C9091,Amit,Male,43.0,Chennai,2024-07-17,2021-02-15,1316.86,10.0,USA
C9092,Simran,M,37.0,Hyderabad,2024-06-02,,-999.0,3.0,USA
9093,Neha,nan,43.0,Mumbai,,,-999.0,3.0,nan
9094,Ankit,Female,32.0,nan,,,-999.0,3.0,USA
9095,Neha,F,-5.0,Bangalore,,,-999.0,3.0,UK
9096,Ravi,Female,24.0,Delhi,,,-999.0,3.0,Canada
C9097,Ravi,F,43.0,Mumbai,,,888.47,3.0,India
C9098,Ankit,nan,34.0,Mumbai,,2023-01-02,-999.0,10.0,Australia
,Sneha,F,200.0,Bangalore,2024-04-29,,4929.35,3.0,UK
9100,Kiran,Female,33.0,Pune,,,1043.11,3.0,UK
C9101,Ankit,M,23.0,Mumbai,,,-999.0,5.0,India
9102,Neha,Male,-5.0,Ahmedabad,2022-08-24,,-999.0,3.0,India
9103,Sneha,nan,48.0,Hyderabad,,2025-01-22,1526.77,10.0,USA
9104,Priya,M,-5.0,nan,2025-12-13,2023-03-24,2150.34,10.0,nan
C9105,Kiran,male,43.0,Bangalore,2024-01-07,,-999.0,10.0,India
9106,nan,male,43.0,Mumbai,,2024-02-19,-999.0,-1.0,India
,Priya,nan,50.0,Mumbai,,2024-08-29,-999.0,-1.0,nan
C9108,Pooja,nan,-5.0,Delhi,,,-999.0,5.0,Australia
C9109,Rahul,M,43.0,Bangalore,2020-12-24,,-999.0,10.0,India
C9110,Ankit,Male,18.0,Bangalore,2020-09-22,,3027.84,-1.0,Australia
9111,Priya,Female,200.0,Bangalore,,,-999.0,5.0,USA
9112,Rahul,Female,69.0,Bangalore,2024-02-08,,-999.0,3.0,UK
C9113,nan,Female,43.0,Hyderabad,2023-06-28,2023-06-24,-999.0,1.0,Canada
9114,Ravi,male,-5.0,Hyderabad,,,-999.0,3.0,nan
9115,Amit,female,200.0,Chennai,,2024-05-05,-999.0,3.0,USA
9116,nan,nan,200.0,Ahmedabad,,2024-04-11,-999.0,10.0,India
9117,Sneha,nan,200.0,nan,2022-06-02,,-999.0,10.0,USA
9118,nan,Male,200.0,Delhi,2025-03-17,,-999.0,4.0,nan
,Simran,F,-5.0,Bangalore,2023-11-03,2024-06-22,-999.0,3.0,USA
,nan,nan,43.0,Mumbai,2022-08-12,,41.79,3.0,UK
,Ravi,Female,-5.0,Mumbai,2020-09-24,,-999.0,-1.0,nan
,Kiran,female,62.0,Bangalore,2024-12-02,,-999.0,5.0,Australia
9123,Simran,female,56.0,Hyderabad,,,-999.0,-1.0,nan
C9124,Amit,male,23.0,nan,,,-999.0,10.0,USA
C9125,Pooja,nan,28.0,Bangalore,2023-11-27,2023-03-08,-999.0,3.0,India
C9126,Ravi,nan,60.0,nan,2021-03-16,2024-07-03,-999.0,10.0,USA
,Pooja,male,200.0,Mumbai,2021-09-28,,-999.0,-1.0,India
,Sneha,nan,-5.0,Chennai,2022-03-13,2025-03-05,2512.49,4.0,Australia
9129,Amit,Female,200.0,Delhi,,2021-08-06,-999.0,3.0,Canada
,Pooja,nan,-5.0,Bangalore,,2025-02-11,-999.0,4.0,UK
9131,Kiran,F,43.0,Bangalore,,,-999.0,10.0,UK
9132,Amit,nan,48.0,Mumbai,,,-999.0,3.0,Canada
9133,Rahul,female,200.0,Chennai,,,1480.48,-1.0,UK
9134,Neha,nan,43.0,Hyderabad,2025-06-14,,-999.0,5.0,Australia
C9135,Rahul,Male,-5.0,Chennai,,2022-07-11,-999.0,10.0,India
9136,Kiran,nan,43.0,Pune,2023-01-15,,-999.0,3.0,UK
C9137,Rahul,Male,-5.0,Pune,2024-11-21,,-999.0,5.0,UK
9138,Ravi,Male,-5.0,nan,2024-09-30,,-999.0,3.0,USA
C9139,Kiran,Female,33.0,Delhi,,2023-02-01,-999.0,-1.0,Canada
,nan,nan,200.0,Bangalore,2021-01-30,,-999.0,10.0,USA
9141,Sneha,Male,-5.0,Chennai,2021-01-17,,-999.0,-1.0,Australia
,nan,male,200.0,Chennai,,2025-09-18,-999.0,4.0,Canada
9143,Amit,nan,64.0,Mumbai,,2021-07-14,-999.0,-1.0,UK
9144,Neha,F,43.0,Bangalore,2024-05-21,,3923.12,3.0,USA
C9145,Sneha,M,43.0,Chennai,2020-12-02,,-999.0,1.0,UK
9146,Rahul,Male,-5.0,Chennai,2025-11-04,,-999.0,3.0,nan
9147,Ravi,M,-5.0,Chennai,2023-07-25,2021-12-16,-999.0,2.0,Canada
9148,Rahul,male,-5.0,Pune,,,-999.0,-1.0,Canada
C9149,Kiran,nan,200.0,Pune,2021-09-19,2025-03-12,-999.0,-1.0,Australia
C9150,Ravi,nan,200.0,Hyderabad,2021-10-02,,3015.79,2.0,UK
C9151,Priya,M,-5.0,Mumbai,,2024-11-16,2652.24,4.0,UK
,Ravi,nan,43.0,nan,,2024-02-01,-999.0,10.0,USA
9153,Priya,female,64.0,Kolkata,2022-02-09,,-999.0,-1.0,Australia
C9154,Sneha,Female,43.0,Pune,2020-08-08,,-999.0,3.0,Australia
,Pooja,M,43.0,Chennai,2025-07-12,2024-03-21,-999.0,10.0,Canada
9156,Kiran,F,-5.0,Bangalore,2025-10-30,2025-04-02,-999.0,3.0,nan
C9157,Ankit,Female,-5.0,Delhi,,,-999.0,3.0,UK
C9158,Neha,nan,-5.0,nan,,,2167.26,3.0,UK
9159,Ankit,Male,38.0,Kolkata,,,-999.0,10.0,USA
9160,Pooja,F,48.0,Delhi,,,-999.0,3.0,Canada
C9161,Neha,M,-5.0,Delhi,2025-03-13,,3669.53,4.0,USA
9162,Simran,nan,200.0,Kolkata,2020-10-19,,-999.0,3.0,Australia
,Kiran,female,200.0,nan,2025-02-05,2022-08-26,-999.0,3.0,UK
9164,Amit,female,63.0,Hyderabad,2021-04-30,,-999.0,3.0,Canada
9165,Ravi,F,-5.0,Bangalore,2021-03-23,,-999.0,3.0,Canada
,Ravi,nan,43.0,nan,2022-01-24,,3782.72,3.0,Australia
9167,nan,Female,200.0,Ahmedabad,,,-999.0,3.0,India
9168,Neha,nan,-5.0,Chennai,2024-07-20,2021-07-12,-999.0,3.0,USA
9169,Amit,F,-5.0,nan,2025-10-30,2022-11-26,-999.0,10.0,nan
9170,Neha,Male,-5.0,Mumbai,2026-01-22,,-999.0,10.0,Australia
9171,Priya,male,-5.0,Delhi,,,-999.0,-1.0,nan
C9172,Kiran,male,43.0,Hyderabad,,,-999.0,3.0,UK
9173,nan,nan,43.0,Mumbai,,,3476.13,3.0,UK
9174,Amit,M,200.0,Bangalore,,2022-03-29,-999.0,10.0,India
9175,Neha,male,-5.0,Bangalore,2021-04-25,,-999.0,-1.0,Canada
9176,Ankit,male,200.0,Delhi,,,4901.52,-1.0,USA
9177,nan,M,-5.0,Bangalore,2025-09-29,,-999.0,3.0,USA
9178,Ankit,Female,43.0,Kolkata,2022-10-08,,-999.0,1.0,USA
9179,Amit,Male,33.0,Pune,2025-03-30,,-999.0,10.0,Australia
,Amit,Male,-5.0,Ahmedabad,2024-04-23,2024-11-02,-999.0,3.0,nan
9181,Amit,F,200.0,Chennai,,2022-07-13,-999.0,3.0,USA
C9182,Kiran,female,200.0,Chennai,2022-12-07,,-999.0,10.0,India
,Rahul,female,-5.0,Kolkata,,2021-01-18,2809.19,2.0,nan
9184,Pooja,male,200.0,Hyderabad,,,-999.0,-1.0,nan
,Amit,male,-5.0,Pune,2023-12-11,,-999.0,10.0,nan
9186,Neha,nan,63.0,Delhi,,,-999.0,-1.0,Australia
9187,Rahul,nan,43.0,Delhi,2021-04-04,2022-04-14,-999.0,10.0,Australia
9188,Rahul,nan,39.0,Ahmedabad,2025-11-23,,-999.0,10.0,USA
9189,Pooja,female,43.0,Ahmedabad,2023-08-16,2022-08-24,-999.0,2.0,India
C9190,Ravi,male,32.0,Mumbai,,,2516.36,3.0,nan
9191,Sneha,female,-5.0,Bangalore,,2021-07-07,-999.0,3.0,UK
9192,nan,M,-5.0,Mumbai,,2022-09-20,-999.0,10.0,nan
,Sneha,F,30.0,Bangalore,2021-01-09,2022-04-02,1751.22,-1.0,nan
9194,Priya,F,200.0,Kolkata,,2023-03-23,-999.0,3.0,nan
9195,Rahul,nan,200.0,Mumbai,,2023-05-03,277.51,3.0,India
C9196,Ravi,F,43.0,nan,2020-08-16,2025-03-27,1686.13,10.0,nan
,Pooja,M,200.0,Kolkata,2023-06-18,2025-12-07,4113.91,3.0,Canada
9198,Ankit,F,70.0,nan,,2025-01-06,-999.0,-1.0,Canada
9199,Ankit,F,-5.0,Mumbai,,2022-12-18,2623.85,10.0,India
C9200,Ravi,female,31.0,Delhi,2024-05-02,,430.38,3.0,USA
9201,Pooja,nan,200.0,Delhi,,,-999.0,4.0,nan
9202,Pooja,nan,61.0,nan,,2024-04-13,-999.0,3.0,Australia
C9203,Ankit,nan,52.0,Kolkata,2025-02-17,,4120.73,3.0,Australia
,Amit,nan,29.0,Chennai,,2023-05-15,-999.0,10.0,UK
C9205,nan,nan,200.0,Hyderabad,2021-05-25,2020-10-12,-999.0,-1.0,Canada
C9206,Pooja,female,200.0,Mumbai,,2020-09-03,-999.0,10.0,Australia
,Rahul,nan,200.0,Delhi,,,-999.0,10.0,nan
,Rahul,female,200.0,Pune,2023-07-29,,-999.0,10.0,Australia
9209,Rahul,female,43.0,Delhi,,2021-07-26,-999.0,-1.0,Canada
9210,nan,male,38.0,nan,2023-10-31,2024-11-26,-999.0,1.0,UK
9211,nan,Male,200.0,Pune,2024-02-04,2020-11-25,-999.0,10.0,Canada
9212,Ravi,female,200.0,Bangalore,2021-11-05,,2247.53,-1.0,Australia
9213,Kiran,male,43.0,Kolkata,2022-03-16,,1089.16,5.0,India
9214,nan,nan,-5.0,Ahmedabad,2021-07-12,,-999.0,-1.0,USA
9215,Simran,female,46.0,Chennai,2022-04-20,2024-06-21,3029.86,3.0,USA
C9216,Ravi,male,50.0,Kolkata,2022-07-14,2024-03-05,-999.0,3.0,nan
9217,Priya,male,-5.0,Pune,,,-999.0,3.0,Australia
,Ravi,female,43.0,Hyderabad,,2023-07-29,-999.0,-1.0,India
9219,Kiran,female,-5.0,Kolkata,2023-11-15,,-999.0,3.0,India
9220,nan,nan,43.0,Pune,2020-12-25,2025-03-27,1354.39,-1.0,USA
,Priya,Male,200.0,Bangalore,2021-12-23,,4006.5,10.0,India
9222,Rahul,nan,-5.0,Kolkata,2022-08-29,,-999.0,4.0,USA
9223,Kiran,female,43.0,Mumbai,2023-10-22,,-999.0,3.0,Canada
C9224,Ravi,female,-5.0,Hyderabad,,,-999.0,-1.0,UK
9225,Sneha,M,-5.0,nan,,,-999.0,10.0,Australia
C9226,Simran,F,57.0,nan,,2024-09-26,-999.0,10.0,USA
9227,Amit,male,200.0,Mumbai,2025-11-07,2025-05-02,-999.0,10.0,USA
C9228,Ravi,Female,37.0,Pune,,,-999.0,-1.0,India
,Priya,male,64.0,Chennai,,,-999.0,5.0,Canada
,Pooja,female,200.0,Delhi,,2021-01-10,-999.0,-1.0,Canada
C9231,Ankit,Male,40.0,Kolkata,,2024-02-25,-999.0,-1.0,Canada
9232,Rahul,Female,200.0,Pune,2021-03-22,,-999.0,10.0,Canada
C9233,nan,Male,200.0,Kolkata,,,4992.82,3.0,USA
9234,Ankit,nan,200.0,Delhi,,2024-08-11,-999.0,-1.0,UK
9235,Sneha,M,43.0,Chennai,,,-999.0,10.0,UK
,Amit,Female,68.0,nan,,,-999.0,-1.0,USA
,Amit,Female,68.0,Mumbai,,,-999.0,3.0,UK
C9238,Rahul,F,-5.0,Chennai,,2021-05-22,4872.95,10.0,USA
9239,Kiran,nan,-5.0,nan,,2023-06-13,-999.0,-1.0,USA
C9240,Rahul,female,43.0,Hyderabad,,,-999.0,10.0,Canada
9241,Rahul,male,43.0,nan,2023-05-19,2022-03-13,-999.0,10.0,India
C9242,Neha,F,43.0,Kolkata,,,2035.07,3.0,USA
9243,Neha,M,200.0,Chennai,2024-01-25,2024-08-09,2320.09,-1.0,India
,nan,female,43.0,Pune,,,-999.0,2.0,Canada
,nan,female,-5.0,Chennai,,,-999.0,-1.0,UK
9246,Neha,M,20.0,Chennai,2025-10-21,,-999.0,-1.0,Australia
,Sneha,F,200.0,Kolkata,,,4209.53,4.0,India
,Neha,M,43.0,Pune,2026-01-13,,-999.0,2.0,Australia
,nan,Male,200.0,Mumbai,,,-999.0,10.0,UK
9250,Amit,Male,44.0,Hyderabad,,,-999.0,3.0,UK
9251,nan,Male,-5.0,Pune,,,-999.0,5.0,nan
,Sneha,Male,18.0,Bangalore,2022-10-01,,2337.39,10.0,UK
,nan,nan,59.0,Ahmedabad,2022-02-26,2023-09-17,-999.0,-1.0,Canada
,Simran,Male,-5.0,Pune,,,-999.0,3.0,UK
9255,Rahul,F,38.0,Bangalore,,2023-06-29,-999.0,10.0,USA
9256,Pooja,female,43.0,Pune,,,-999.0,10.0,Canada
9257,nan,male,56.0,Chennai,2024-08-15,,2627.45,10.0,India
9258,nan,nan,-5.0,Hyderabad,2021-07-10,,-999.0,10.0,nan
9259,Ankit,female,41.0,Mumbai,2021-02-23,,-999.0,3.0,Canada
9260,Kiran,female,-5.0,Hyderabad,,,-999.0,4.0,USA
C9261,Amit,F,43.0,Kolkata,2023-10-22,,-999.0,-1.0,Canada
C9262,nan,female,43.0,Chennai,2022-07-29,,2841.01,-1.0,USA
9263,Neha,Female,-5.0,Bangalore,2021-11-21,2020-09-23,-999.0,3.0,India
,Rahul,Male,-5.0,Mumbai,2022-07-26,,2157.53,-1.0,Australia
9265,Kiran,Male,-5.0,Mumbai,2023-03-26,,3252.35,-1.0,UK
9266,Kiran,Female,-5.0,Ahmedabad,,2022-09-08,-999.0,3.0,Australia
,Neha,female,200.0,Ahmedabad,,,-999.0,3.0,USA
9268,Sneha,Male,43.0,Mumbai,,,-999.0,-1.0,UK
C9269,Ankit,nan,200.0,Mumbai,2021-04-12,,4527.31,5.0,Australia
,Kiran,Male,43.0,Chennai,2021-09-04,,-999.0,4.0,Canada
C9271,Amit,female,43.0,Bangalore,2025-07-07,,1544.64,3.0,Australia
C9272,nan,female,200.0,Delhi,,,-999.0,3.0,nan
,nan,female,43.0,Pune,,2022-07-13,2685.8,-1.0,India
9274,Sneha,nan,63.0,Kolkata,,,-999.0,10.0,Canada
9275,Rahul,M,57.0,Pune,2021-06-08,2025-10-18,-999.0,-1.0,India
9276,Priya,nan,43.0,Ahmedabad,,,-999.0,4.0,UK
C9277,Sneha,M,43.0,Pune,2024-10-31,,584.74,10.0,Canada
9278,Ankit,male,200.0,Bangalore,2022-09-02,2020-10-06,-999.0,10.0,UK
C9279,Simran,male,43.0,Bangalore,2025-05-31,,-999.0,10.0,USA
C9280,Priya,nan,200.0,Mumbai,,,-999.0,10.0,Australia
9281,Amit,F,-5.0,Mumbai,2021-02-28,,-999.0,10.0,USA
C9282,nan,nan,69.0,Pune,,2020-08-28,3123.06,10.0,UK
,Kiran,Male,-5.0,Bangalore,,2024-03-06,3451.2,-1.0,Canada
C9284,Sneha,Female,43.0,Kolkata,,,-999.0,-1.0,nan
,Rahul,male,43.0,Mumbai,2020-09-10,,-999.0,10.0,Canada
9286,Rahul,Male,37.0,Mumbai,,,-999.0,-1.0,UK
,nan,F,45.0,Hyderabad,2023-05-17,2025-08-28,1699.5,-1.0,Canada
9288,Ankit,male,-5.0,Bangalore,2021-08-29,,2779.49,-1.0,nan
,Pooja,nan,43.0,Ahmedabad,2022-11-09,2022-06-12,-999.0,3.0,UK
,Priya,nan,27.0,Delhi,,,-999.0,3.0,UK
C9291,Neha,F,200.0,Mumbai,,,2767.65,3.0,Canada
C9292,Sneha,Male,43.0,Kolkata,,,4860.1,3.0,Canada
C9293,Priya,nan,-5.0,Kolkata,2023-02-21,2021-09-17,-999.0,4.0,USA
9294,Priya,nan,200.0,Kolkata,2025-02-25,2021-01-28,-999.0,1.0,India
9295,Pooja,nan,200.0,Delhi,,,-999.0,4.0,India
9296,Neha,nan,200.0,Kolkata,,2021-01-07,-999.0,4.0,nan
C9297,Ravi,nan,27.0,nan,,,-999.0,10.0,USA
C9298,Kiran,female,43.0,Hyderabad,2022-11-19,,3633.62,-1.0,USA
,Simran,nan,-5.0,Kolkata,2022-08-23,2025-03-21,-999.0,1.0,nan
,Ankit,nan,200.0,Chennai,2024-10-08,,-999.0,3.0,Canada
C9301,nan,Male,43.0,Hyderabad,2022-10-31,2024-08-11,-999.0,-1.0,India
9302,nan,F,-5.0,nan,2026-01-16,,-999.0,5.0,India
,Kiran,male,43.0,Ahmedabad,2022-08-04,2021-01-13,2366.69,5.0,USA
9304,Sneha,nan,43.0,Kolkata,2021-02-04,,-999.0,10.0,India
9305,Priya,Male,200.0,Pune,,2023-12-06,966.94,-1.0,USA
C9306,Simran,male,200.0,Delhi,2021-04-19,,-999.0,4.0,nan
9307,Priya,M,200.0,Chennai,,2024-09-06,-999.0,3.0,UK
C9308,Kiran,female,-5.0,Ahmedabad,2025-01-17,2024-09-02,-999.0,10.0,India
,Rahul,male,-5.0,Pune,2025-01-03,2022-03-24,-999.0,3.0,Canada
C9310,Kiran,F,-5.0,Delhi,,,-999.0,3.0,India
9311,Ravi,female,200.0,Delhi,,2023-02-11,-999.0,2.0,Australia
C9312,nan,male,-5.0,Mumbai,2022-12-15,,-999.0,3.0,Canada
C9313,nan,male,-5.0,Bangalore,2021-05-08,2022-11-08,-999.0,10.0,India
C9314,Ravi,male,43.0,Bangalore,,2022-11-08,-999.0,10.0,nan
9315,nan,M,-5.0,Mumbai,2021-08-28,,-999.0,2.0,Australia
9316,Ankit,Female,66.0,Hyderabad,,,3550.73,3.0,nan
9317,Amit,Female,200.0,Kolkata,,,4296.47,3.0,Australia
C9318,nan,nan,-5.0,Pune,2022-06-17,,-999.0,3.0,UK
,Ankit,Female,200.0,Bangalore,,,-999.0,5.0,USA
C9320,Ankit,nan,43.0,Pune,,,-999.0,3.0,India
9321,Ankit,F,43.0,Pune,2023-11-02,2024-10-15,3387.88,-1.0,India
C9322,Sneha,male,43.0,Pune,,,-999.0,3.0,UK
9323,Rahul,Male,43.0,Hyderabad,2020-10-17,,-999.0,-1.0,Australia
9324,Amit,nan,200.0,Bangalore,,,-999.0,3.0,UK
,Rahul,M,43.0,Delhi,2021-07-23,2023-01-03,470.14,3.0,India
9326,nan,male,200.0,Mumbai,2020-10-06,,-999.0,10.0,nan
9327,Rahul,female,-5.0,Bangalore,,,-999.0,10.0,USA
9328,nan,Female,24.0,Pune,,,-999.0,4.0,Australia
9329,Neha,F,-5.0,Pune,2022-07-31,2024-01-21,-999.0,-1.0,UK
C9330,Ankit,M,44.0,Pune,,,208.01,10.0,nan
,Neha,male,200.0,Delhi,,,-999.0,10.0,nan
,Simran,nan,200.0,Hyderabad,2024-11-16,,-999.0,-1.0,Australia
C9333,Neha,nan,-5.0,nan,,,-999.0,3.0,nan
,Sneha,nan,52.0,Ahmedabad,2024-02-28,,-999.0,1.0,Canada
9335,Kiran,female,-5.0,nan,2020-08-13,2024-06-16,-999.0,10.0,Canada
9336,Kiran,M,-5.0,Kolkata,2021-07-17,,418.61,10.0,India
,Ravi,nan,200.0,Chennai,,2025-04-10,-999.0,3.0,USA
9338,Simran,F,34.0,nan,,,-999.0,3.0,Canada
C9339,Amit,nan,43.0,nan,2022-10-06,2024-12-10,-999.0,-1.0,Canada
9340,Simran,Male,40.0,Ahmedabad,,,-999.0,3.0,India
,Kiran,Female,43.0,Mumbai,,2022-08-24,-999.0,10.0,UK
,Amit,nan,200.0,Bangalore,,,-999.0,-1.0,Australia
,Sneha,Female,200.0,nan,,,-999.0,10.0,Canada
C9344,Ravi,nan,200.0,Chennai,2021-01-22,,-999.0,10.0,nan
,Simran,Male,43.0,Hyderabad,,2024-10-02,-999.0,10.0,India
C9346,Rahul,nan,-5.0,Delhi,2025-06-30,,569.25,5.0,USA
9347,nan,nan,200.0,Bangalore,2024-06-25,,-999.0,1.0,nan
,Priya,Female,43.0,Pune,,,-999.0,-1.0,Australia
9349,Amit,male,58.0,Delhi,2022-12-07,,-999.0,10.0,USA
C9350,Rahul,nan,42.0,nan,2025-07-21,2022-05-14,-999.0,-1.0,USA
9351,Sneha,M,-5.0,Chennai,,,-999.0,10.0,India
,Kiran,Female,43.0,Ahmedabad,,2023-05-21,-999.0,3.0,India
,Ankit,F,51.0,Ahmedabad,2021-10-04,,-999.0,-1.0,UK
,Rahul,Male,69.0,Bangalore,,2021-07-12,-999.0,10.0,India
C9355,Sneha,female,200.0,Delhi,,,3848.02,3.0,USA
9356,nan,Female,-5.0,nan,2020-09-11,2022-10-04,-999.0,3.0,India
9357,Sneha,female,43.0,nan,2023-02-01,2022-08-16,-999.0,2.0,India
C9358,Pooja,F,63.0,Kolkata,,,801.22,-1.0,Canada
9359,Rahul,F,200.0,Chennai,,2020-09-16,-999.0,3.0,nan
9360,nan,male,22.0,Ahmedabad,2021-05-08,,-999.0,3.0,UK
,Pooja,female,43.0,Bangalore,,,-999.0,-1.0,Canada
C9362,Amit,nan,-5.0,Ahmedabad,2022-04-18,2025-01-28,-999.0,10.0,nan
,Sneha,Female,43.0,Pune,2022-03-16,,-999.0,-1.0,Canada
C9364,Ankit,nan,-5.0,Bangalore,,2020-08-06,-999.0,-1.0,Australia
,Sneha,F,69.0,Delhi,,2022-09-13,-999.0,-1.0,Australia
C9366,Pooja,female,19.0,nan,,2025-06-03,81.48,5.0,UK
C9367,Sneha,Male,61.0,Pune,2023-03-11,2023-02-08,3977.31,3.0,UK
,Simran,nan,-5.0,Kolkata,,2024-05-03,-999.0,-1.0,India
,nan,Female,21.0,nan,,2025-04-23,-999.0,3.0,Australia
9370,Kiran,F,64.0,Kolkata,2023-06-27,2020-09-19,-999.0,-1.0,India
9371,Neha,F,43.0,Chennai,,,-999.0,10.0,India
C9372,Sneha,nan,200.0,Bangalore,2024-07-21,,-999.0,3.0,UK
C9373,nan,Male,42.0,Delhi,,2021-03-05,-999.0,-1.0,Canada
9374,Kiran,nan,-5.0,Ahmedabad,2022-11-13,,3253.48,3.0,nan
9375,Ankit,Female,-5.0,Kolkata,2021-06-14,2025-11-07,-999.0,3.0,Australia
9376,Sneha,male,45.0,Bangalore,,2025-03-04,-999.0,4.0,USA
9377,Pooja,Female,43.0,Chennai,,,2803.61,3.0,India
9378,nan,F,43.0,Pune,,2024-08-21,-999.0,3.0,USA
C9379,Ravi,female,43.0,Delhi,2021-08-13,,-999.0,3.0,UK
9380,Pooja,nan,-5.0,Chennai,,2022-04-13,-999.0,3.0,India
C9381,Neha,nan,200.0,Bangalore,,,-999.0,3.0,India
C9382,Ravi,male,43.0,nan,2022-09-04,,-999.0,10.0,USA
C9383,nan,M,54.0,nan,,,-999.0,3.0,Canada
C9384,Ankit,Female,43.0,Pune,2023-12-24,,-999.0,3.0,India
C9385,Kiran,Female,200.0,Mumbai,2022-03-27,,-999.0,10.0,USA
C9386,Ravi,F,-5.0,Mumbai,,2023-11-01,-999.0,10.0,Australia
9387,Neha,Male,200.0,Mumbai,2022-11-17,,-999.0,4.0,Canada
9388,Pooja,nan,-5.0,Pune,,,-999.0,4.0,UK
9389,Neha,Female,43.0,Mumbai,2024-03-22,2023-02-22,2113.61,10.0,India
9390,Kiran,nan,200.0,Delhi,,,-999.0,-1.0,India
C9391,Priya,Male,200.0,Mumbai,,2024-09-08,-999.0,2.0,UK
9392,Sneha,female,52.0,Hyderabad,2024-04-29,,-999.0,-1.0,India
9393,Ravi,F,47.0,Pune,,,-999.0,3.0,Australia
C9394,Pooja,Female,22.0,Kolkata,,,-999.0,-1.0,India
9395,Sneha,male,57.0,Delhi,2021-12-31,2025-09-19,-999.0,5.0,UK
C9396,Kiran,female,43.0,Ahmedabad,,2021-08-05,-999.0,3.0,USA
9397,Ravi,female,200.0,Hyderabad,,,-999.0,10.0,UK
9398,Simran,nan,-5.0,Chennai,2024-08-05,,1449.4,3.0,Canada
C9399,Simran,F,68.0,Kolkata,,,1839.17,-1.0,UK
9400,Neha,nan,-5.0,Ahmedabad,2023-11-29,,-999.0,3.0,India
9401,Sneha,male,-5.0,Bangalore,,2024-04-14,-999.0,3.0,USA
9402,nan,nan,43.0,Chennai,2025-02-07,2024-01-14,-999.0,10.0,nan
C9403,Priya,female,58.0,Kolkata,,2024-07-31,-999.0,-1.0,nan
C9404,nan,male,69.0,Kolkata,,2025-01-17,-999.0,3.0,Canada
,Ravi,female,43.0,nan,,,-999.0,3.0,Australia
C9406,Kiran,M,43.0,Mumbai,2021-09-06,2024-09-09,-999.0,3.0,India
9407,Pooja,nan,200.0,Pune,2021-12-13,2021-05-11,-999.0,-1.0,nan
,nan,female,-5.0,Chennai,,,-999.0,2.0,Canada
9409,nan,F,200.0,Chennai,2021-10-11,,688.94,-1.0,UK
C9410,Simran,M,43.0,Kolkata,,2022-04-03,-999.0,10.0,Australia
,Priya,Female,-5.0,nan,,2023-09-25,-999.0,10.0,nan
C9412,nan,M,200.0,Kolkata,2025-01-21,,-999.0,-1.0,USA
,Rahul,nan,-5.0,Hyderabad,,2021-06-30,-999.0,-1.0,Canada
C9414,Amit,M,200.0,Mumbai,,,-999.0,-1.0,Australia
,Ravi,Male,64.0,Mumbai,2023-04-04,,-999.0,10.0,USA
,nan,nan,200.0,Pune,2023-07-06,,-999.0,-1.0,nan
,Pooja,male,200.0,Hyderabad,2021-04-16,,2480.24,-1.0,Canada
9418,nan,Male,22.0,Bangalore,,,-999.0,10.0,nan
,Neha,F,25.0,Mumbai,2025-08-12,,-999.0,5.0,India
C9420,Neha,F,43.0,Mumbai,2024-08-06,,-999.0,4.0,India
,Amit,F,-5.0,Chennai,2024-03-02,,4484.47,-1.0,USA
,nan,nan,62.0,Hyderabad,2025-08-12,2025-07-15,2144.41,3.0,Canada
C9423,Sneha,male,200.0,Kolkata,,2024-12-19,-999.0,-1.0,India
9424,Priya,nan,43.0,Ahmedabad,,,-999.0,-1.0,nan
,Amit,M,-5.0,Kolkata,2021-12-02,,1347.08,-1.0,India
C9426,Priya,nan,-5.0,nan,2025-09-06,,875.87,3.0,India
C9427,Ravi,nan,43.0,Ahmedabad,2021-01-31,,-999.0,10.0,Australia
9428,Kiran,M,200.0,Mumbai,,,-999.0,10.0,USA
9429,Ankit,M,43.0,Chennai,,2020-09-19,485.36,5.0,Australia
9430,nan,nan,23.0,Ahmedabad,2021-07-26,,3621.47,5.0,nan
9431,Amit,nan,43.0,Pune,2021-02-02,,1758.48,2.0,USA
,nan,Male,70.0,nan,,2024-12-10,1382.64,-1.0,India
9433,Ravi,nan,33.0,Bangalore,,2022-09-30,-999.0,10.0,Australia
9434,Pooja,Male,-5.0,Pune,,2022-12-16,-999.0,5.0,Canada
9435,nan,nan,200.0,Ahmedabad,,2023-02-25,-999.0,2.0,nan
C9436,Simran,nan,25.0,Pune,2022-08-06,,-999.0,10.0,nan
C9437,nan,nan,200.0,Chennai,,2022-04-17,-999.0,10.0,UK
,Pooja,M,19.0,Pune,,2020-11-14,-999.0,3.0,India
,Ankit,M,200.0,Chennai,2022-07-06,,-999.0,10.0,India
,Simran,Male,-5.0,Chennai,,,-999.0,5.0,Australia
9441,nan,Female,43.0,Chennai,2024-10-17,,492.43,1.0,UK
,Pooja,female,-5.0,Kolkata,2024-08-25,2022-10-23,2043.03,3.0,UK
C9443,Sneha,F,200.0,Kolkata,,2020-11-23,-999.0,1.0,Canada
9444,Pooja,female,43.0,Hyderabad,2023-04-26,,-999.0,-1.0,UK
C9445,Priya,Female,200.0,Chennai,2022-03-06,,-999.0,10.0,India
9446,nan,female,200.0,Hyderabad,2025-02-25,,-999.0,10.0,UK
9447,Simran,Male,-5.0,Ahmedabad,2021-07-07,,2249.68,3.0,Australia
,Neha,nan,43.0,Bangalore,,,-999.0,10.0,India
9449,Ankit,male,200.0,Delhi,,2021-10-06,-999.0,1.0,India
9450,Sneha,F,20.0,Kolkata,2024-04-12,,-999.0,-1.0,Canada
9451,Ravi,Male,43.0,Mumbai,2020-08-19,,-999.0,-1.0,USA
9452,Ravi,F,43.0,Hyderabad,,,-999.0,10.0,USA
,Rahul,Male,200.0,Ahmedabad,2022-04-26,,-999.0,5.0,India
,Ravi,male,-5.0,Mumbai,,2024-11-28,-999.0,3.0,USA
C9455,Ankit,Male,-5.0,Mumbai,,2023-11-17,650.63,5.0,nan
C9456,nan,M,-5.0,Delhi,,,-999.0,2.0,Canada
C9457,Amit,Male,200.0,Bangalore,2024-11-30,,-999.0,-1.0,nan
,Sneha,M,43.0,Chennai,2025-01-28,,-999.0,-1.0,Canada
,Rahul,nan,200.0,Delhi,2023-11-01,,941.36,-1.0,Canada
C9460,nan,female,43.0,Kolkata,2024-11-06,2022-10-31,-999.0,3.0,India
9461,Priya,F,54.0,Delhi,2023-01-31,,-999.0,-1.0,India
,Pooja,nan,43.0,Mumbai,,,3227.57,-1.0,Canada
C9463,Ravi,F,38.0,Ahmedabad,2021-02-13,2021-02-02,3774.3,-1.0,India
C9464,Rahul,female,43.0,nan,,,-999.0,10.0,Australia
9465,Neha,nan,-5.0,Ahmedabad,2020-11-30,,-999.0,3.0,India
C9466,Amit,F,200.0,Chennai,2021-12-11,,-999.0,-1.0,USA
,Rahul,F,34.0,nan,,2024-08-12,-999.0,-1.0,India
9468,nan,nan,-5.0,Mumbai,,2024-01-08,-999.0,-1.0,USA
9469,Amit,Female,31.0,nan,,2022-08-01,3729.3,3.0,India
9470,nan,male,63.0,Ahmedabad,,,-999.0,10.0,USA
9471,nan,Male,59.0,Hyderabad,2025-10-07,,1278.13,3.0,USA
,Sneha,female,200.0,Ahmedabad,,,3666.79,4.0,Australia
9473,Pooja,Female,69.0,nan,2022-06-29,,-999.0,10.0,USA
,Kiran,F,22.0,Ahmedabad,,,2864.11,1.0,nan
,Amit,M,43.0,Delhi,,,-999.0,3.0,Australia
9476,Simran,male,43.0,Bangalore,2023-04-01,,-999.0,3.0,nan
,Ankit,M,-5.0,nan,2022-12-01,,3903.64,3.0,Canada
,Kiran,M,24.0,Ahmedabad,2021-04-13,,-999.0,-1.0,India
C9479,Ankit,nan,43.0,Chennai,2021-06-13,2023-04-20,975.84,3.0,India
,Rahul,M,43.0,Delhi,2023-06-02,,-999.0,-1.0,USA
,Amit,female,43.0,nan,2023-04-06,,-999.0,3.0,Australia
,Rahul,M,43.0,nan,,2022-08-19,-999.0,3.0,Australia
C9483,Sneha,Female,200.0,Chennai,2021-11-30,2022-12-16,2580.54,10.0,UK
9484,Neha,Female,200.0,Bangalore,,2023-12-06,-999.0,3.0,UK
9485,Sneha,nan,43.0,Mumbai,,,4532.79,10.0,UK
9486,Neha,Female,43.0,nan,,,-999.0,10.0,India
,nan,F,-5.0,Delhi,,2021-12-17,3795.4,3.0,USA
9488,Simran,nan,200.0,Hyderabad,,2021-02-22,1698.03,10.0,Canada
9489,nan,female,42.0,nan,,,-999.0,10.0,India
9490,Sneha,nan,-5.0,Kolkata,2020-09-12,,-999.0,3.0,Canada
,Simran,female,43.0,Mumbai,2024-06-27,,-999.0,1.0,India
,Neha,nan,200.0,nan,2024-01-15,,-999.0,3.0,USA
9493,Pooja,Female,-5.0,Pune,,2021-09-30,10.56,3.0,USA
9494,Ankit,F,43.0,Delhi,,,1693.61,3.0,Australia
C9495,Simran,F,-5.0,Mumbai,2025-09-16,,1933.16,3.0,UK
C9496,nan,Male,61.0,Pune,2021-03-26,,3548.5,4.0,India
9497,Sneha,Male,43.0,Ahmedabad,2024-05-31,,-999.0,-1.0,nan
9498,Simran,female,43.0,Pune,,,-999.0,4.0,nan
C9499,Neha,nan,-5.0,Bangalore,,,-999.0,10.0,USA
,Ravi,nan,-5.0,Ahmedabad,,2022-01-04,-999.0,-1.0,India
,Pooja,nan,-5.0,Bangalore,,2022-06-18,-999.0,-1.0,UK
9502,Sneha,male,43.0,Delhi,,,4315.74,3.0,India
9503,Amit,male,43.0,Kolkata,,,784.04,2.0,Canada
,nan,nan,200.0,Bangalore,2022-06-05,,3221.91,1.0,USA
C9505,Pooja,Male,-5.0,Delhi,2024-05-03,,-999.0,10.0,India
,Priya,F,59.0,Ahmedabad,2024-08-07,,-999.0,3.0,nan
9507,Rahul,M,200.0,Chennai,,,-999.0,3.0,Canada
9508,nan,female,43.0,Bangalore,,,485.13,3.0,Australia
9509,Neha,nan,200.0,Delhi,,2021-11-19,4879.26,-1.0,nan
C9510,Amit,F,-5.0,Chennai,2023-02-27,,545.76,2.0,Australia
9511,Priya,nan,200.0,Pune,2025-09-06,,4711.44,-1.0,USA
9512,Ravi,male,-5.0,Bangalore,2020-12-13,,-999.0,3.0,Australia
C9513,Neha,female,-5.0,Hyderabad,2020-09-30,,-999.0,-1.0,USA
,nan,Male,43.0,Hyderabad,,,-999.0,10.0,UK
,Rahul,female,200.0,Ahmedabad,,2021-04-18,-999.0,10.0,USA
9516,Amit,nan,43.0,Kolkata,,,-999.0,4.0,USA
,Simran,F,40.0,Hyderabad,2023-10-29,,-999.0,3.0,Australia
9518,Rahul,female,-5.0,Chennai,,,-999.0,5.0,Canada
C9519,Kiran,female,69.0,Pune,,,-999.0,3.0,Canada
C9520,Priya,male,-5.0,Mumbai,2020-09-15,2024-03-26,-999.0,3.0,UK
C9521,Pooja,F,32.0,Kolkata,,,-999.0,3.0,India
,Priya,Male,38.0,Ahmedabad,2023-01-15,2022-05-20,3393.38,3.0,India
C9523,Neha,male,43.0,Mumbai,2020-12-15,,-999.0,3.0,USA
9524,Ankit,nan,200.0,Chennai,2023-12-27,,-999.0,5.0,USA
9525,Sneha,male,200.0,Ahmedabad,,,897.92,-1.0,USA
C9526,nan,nan,-5.0,Ahmedabad,2025-10-02,,-999.0,3.0,USA
,Pooja,Male,-5.0,Pune,,,-999.0,-1.0,India
9528,Simran,Male,-5.0,Pune,2020-08-06,,-999.0,-1.0,India
9529,Simran,Male,200.0,Hyderabad,,2025-06-11,-999.0,3.0,nan
9530,Rahul,F,32.0,Hyderabad,,,-999.0,3.0,nan
,Pooja,Male,43.0,Pune,,,-999.0,3.0,UK
,Amit,Female,43.0,Ahmedabad,,,-999.0,10.0,India
9533,nan,male,43.0,Mumbai,,2024-06-11,3621.43,5.0,Canada
9534,Priya,nan,43.0,Hyderabad,,,1544.2,10.0,Canada
,nan,M,43.0,Ahmedabad,,,-999.0,3.0,India
9536,nan,Male,27.0,nan,2022-10-14,,-999.0,5.0,India
9537,Ravi,Female,43.0,nan,,2024-03-17,-999.0,-1.0,nan
C9538,nan,F,20.0,Bangalore,2024-10-17,,4865.92,-1.0,USA
9539,Kiran,male,-5.0,Chennai,,2020-09-21,-999.0,10.0,nan
9540,Kiran,nan,-5.0,Hyderabad,,2021-06-17,-999.0,-1.0,Australia
9541,Neha,M,43.0,Delhi,,,-999.0,-1.0,India
C9542,Ankit,M,42.0,Hyderabad,,2025-09-19,-999.0,10.0,USA
9543,Pooja,Female,58.0,Hyderabad,,2022-08-12,-999.0,-1.0,USA
9544,Amit,Male,19.0,nan,,2023-03-07,-999.0,-1.0,USA
9545,Priya,Female,200.0,Delhi,,,-999.0,10.0,India
,Simran,male,45.0,Kolkata,,,815.33,2.0,Canada
9547,Pooja,female,51.0,Kolkata,,,-999.0,10.0,Australia
9548,Ankit,M,-5.0,nan,,,-999.0,-1.0,UK
C9549,nan,Female,43.0,Mumbai,2025-05-01,,2634.69,3.0,nan
9550,Amit,female,61.0,Kolkata,,,-999.0,3.0,India
9551,Ravi,Male,43.0,Chennai,2026-01-25,2021-07-12,-999.0,4.0,India
,Neha,Male,43.0,Mumbai,,,-999.0,10.0,Canada
C9553,Amit,male,18.0,Pune,2025-06-16,2020-12-22,1795.4,10.0,USA
9554,Rahul,Male,-5.0,Hyderabad,,,-999.0,3.0,Australia
9555,Ankit,nan,43.0,Mumbai,,,1502.9,-1.0,Canada
9556,Kiran,M,43.0,nan,,2024-04-06,3512.93,3.0,nan
9557,Pooja,nan,200.0,Bangalore,,2023-04-10,4078.42,10.0,Canada
C9558,nan,female,-5.0,Hyderabad,2023-07-25,,2135.31,10.0,nan
9559,Ankit,nan,-5.0,Chennai,,,1575.62,-1.0,India
9560,Ankit,M,43.0,Hyderabad,,,-999.0,3.0,Australia
9561,Neha,nan,-5.0,Hyderabad,2024-02-17,,-999.0,3.0,Canada
C9562,Simran,Male,200.0,Ahmedabad,,,-999.0,10.0,India
,Amit,M,23.0,Kolkata,,,-999.0,5.0,UK
,Neha,female,30.0,Hyderabad,2023-10-02,,-999.0,10.0,USA
9565,nan,nan,200.0,Mumbai,2024-09-04,,-999.0,-1.0,India
9566,Priya,Male,58.0,nan,,2025-05-23,-999.0,3.0,Canada
,Kiran,F,29.0,Pune,2022-05-13,,-999.0,3.0,India
,nan,F,200.0,Pune,,,-999.0,1.0,nan
C9569,Priya,nan,-5.0,Chennai,,,-999.0,3.0,UK
C9570,Sneha,nan,200.0,Chennai,2025-09-23,,1409.13,3.0,Canada
9571,Neha,Female,43.0,Ahmedabad,2025-07-26,,-999.0,-1.0,Canada
,Kiran,nan,200.0,Chennai,,2025-12-07,-999.0,3.0,Australia
,Rahul,Female,200.0,Bangalore,2024-10-06,2025-05-21,4969.11,2.0,Canada
C9574,Ankit,F,200.0,Delhi,2020-10-19,2023-03-07,-999.0,3.0,nan
,Kiran,Male,65.0,Mumbai,,,-999.0,10.0,USA
9576,Kiran,female,43.0,Chennai,,2023-02-20,-999.0,-1.0,Australia
C9577,Neha,F,58.0,Pune,,,-999.0,10.0,India
,Pooja,Female,-5.0,Delhi,2021-06-05,,-999.0,3.0,India
C9579,nan,M,43.0,Bangalore,2023-06-10,,-999.0,-1.0,Canada
,Simran,Male,-5.0,Bangalore,,2024-11-26,-999.0,-1.0,Australia
9581,Neha,male,200.0,Ahmedabad,,,-999.0,-1.0,UK
C9582,Neha,M,-5.0,Bangalore,,2025-09-18,-999.0,10.0,Canada
9583,Priya,Female,200.0,Hyderabad,,,-999.0,3.0,UK
,Ankit,Female,43.0,Chennai,2023-07-10,,-999.0,3.0,nan
9585,Ankit,male,200.0,Hyderabad,2022-12-01,,3063.25,3.0,Canada
C9586,Ankit,female,67.0,Bangalore,2024-01-29,,-999.0,5.0,UK
C9587,nan,nan,-5.0,nan,2024-01-30,2024-05-07,-999.0,-1.0,UK
,Simran,nan,-5.0,Delhi,2025-10-01,,-999.0,10.0,UK
9589,Sneha,nan,43.0,Delhi,,,-999.0,10.0,UK
,Neha,male,31.0,Kolkata,,,-999.0,4.0,Australia
,Simran,male,43.0,nan,2023-02-07,2025-12-27,-999.0,3.0,USA
9592,Sneha,Male,-5.0,Pune,2023-04-27,,-999.0,2.0,Australia
C9593,nan,nan,59.0,Delhi,2022-06-11,,1691.0,-1.0,USA
9594,Ankit,Female,-5.0,Hyderabad,,,-999.0,3.0,Australia
9595,nan,Female,200.0,Delhi,,,-999.0,2.0,USA
C9596,Amit,nan,-5.0,Kolkata,2021-07-16,2021-11-05,-999.0,10.0,USA
,Neha,male,200.0,Pune,,,-999.0,10.0,Australia
C9598,Simran,nan,200.0,Hyderabad,,,-999.0,3.0,USA
,Ravi,Male,43.0,Pune,,2020-12-29,-999.0,5.0,UK
C9600,Priya,male,-5.0,Pune,2023-01-01,,-999.0,3.0,India
9601,Priya,nan,-5.0,Chennai,2020-10-06,,3290.44,-1.0,UK
9602,Kiran,nan,43.0,Mumbai,2022-07-25,,4486.12,-1.0,Canada
9603,Amit,M,200.0,Mumbai,2024-06-07,,1338.5,10.0,USA
9604,Rahul,Female,-5.0,Bangalore,,,-999.0,2.0,Canada
9605,Priya,Male,30.0,Mumbai,,,-999.0,-1.0,Canada
C9606,Ankit,M,200.0,Ahmedabad,2021-11-18,,-999.0,-1.0,UK
9607,nan,F,43.0,Ahmedabad,,,-999.0,3.0,India
9608,Ankit,Female,43.0,Pune,2024-10-23,2026-01-18,-999.0,1.0,Canada
,Priya,female,43.0,Delhi,,,-999.0,-1.0,nan
9610,Priya,male,69.0,Hyderabad,,,246.5,2.0,Australia
C9611,Priya,M,200.0,Bangalore,2021-08-10,2024-06-18,-999.0,-1.0,UK
C9612,Ankit,Male,-5.0,Bangalore,,,-999.0,5.0,nan
,Amit,female,69.0,Hyderabad,,,-999.0,-1.0,India
C9614,nan,male,53.0,Chennai,2020-11-05,,-999.0,3.0,UK
9615,Pooja,Male,-5.0,Delhi,,,-999.0,-1.0,Australia
9616,Ravi,Male,43.0,Hyderabad,,,2773.36,3.0,nan
C9617,Rahul,nan,43.0,Mumbai,2024-08-11,,-999.0,10.0,Canada
9618,nan,female,200.0,Chennai,2022-06-13,,-999.0,-1.0,USA
C9619,Kiran,male,-5.0,Bangalore,2022-06-04,,-999.0,-1.0,Canada
,Pooja,F,43.0,Ahmedabad,2021-08-15,,-999.0,5.0,USA
9621,Kiran,nan,20.0,Kolkata,,,2005.51,3.0,Canada
,Neha,nan,69.0,nan,,,-999.0,5.0,nan
,Kiran,Female,200.0,Hyderabad,2024-10-28,,-999.0,3.0,India
C9624,Simran,M,-5.0,Hyderabad,,2024-06-21,-999.0,10.0,Australia
,Neha,nan,-5.0,Delhi,,2023-07-28,-999.0,-1.0,India
,nan,female,200.0,Mumbai,,,3730.1,-1.0,USA
C9627,Sneha,F,200.0,Hyderabad,2020-11-09,2020-12-02,-999.0,3.0,nan
9628,Pooja,Female,43.0,Delhi,,,1602.95,-1.0,UK
9629,Sneha,male,-5.0,nan,2022-08-27,2024-04-12,-999.0,10.0,nan
9630,Rahul,Female,-5.0,Delhi,,,-999.0,-1.0,India
,Ravi,male,-5.0,Chennai,,,-999.0,1.0,India
C9632,Sneha,male,68.0,nan,,,-999.0,3.0,UK
9633,Rahul,Female,-5.0,Kolkata,,,-999.0,10.0,India
9634,nan,nan,200.0,Delhi,,,3639.92,4.0,Canada
C9635,Kiran,female,64.0,Hyderabad,2020-08-23,,3757.76,3.0,Australia
C9636,Neha,nan,43.0,Delhi,,2022-11-09,-999.0,-1.0,USA
9637,nan,Male,-5.0,Mumbai,2025-12-03,2024-08-07,452.63,3.0,USA
,Kiran,nan,200.0,Chennai,2022-12-10,2021-02-20,-999.0,3.0,India
C9639,Priya,M,40.0,Chennai,,,-999.0,2.0,USA
C9640,Rahul,F,200.0,Ahmedabad,,,1284.5,-1.0,nan
C9641,Priya,female,43.0,Ahmedabad,,,-999.0,3.0,Australia
9642,Sneha,Female,-5.0,nan,2021-07-16,,2982.96,10.0,India
C9643,Priya,Male,200.0,nan,2025-10-25,,4269.73,3.0,Australia
9644,Priya,M,38.0,nan,,2024-04-08,-999.0,-1.0,USA
,Kiran,female,200.0,Mumbai,,2023-10-19,-999.0,10.0,Australia
,Sneha,female,-5.0,Delhi,2022-01-14,,-999.0,3.0,USA
,Amit,F,-5.0,Hyderabad,,2021-08-16,983.58,2.0,India
C9648,Ankit,male,-5.0,Ahmedabad,2024-07-03,,4026.99,5.0,USA
9649,Priya,Male,200.0,Chennai,,2022-05-01,3386.39,-1.0,India
9650,nan,Female,-5.0,Chennai,2021-01-04,2024-12-27,-999.0,10.0,UK
,Neha,nan,-5.0,nan,2023-09-21,2020-09-18,3489.13,-1.0,UK
9652,Neha,F,48.0,Hyderabad,2022-12-20,2025-06-25,-999.0,5.0,UK
9653,Sneha,F,43.0,Pune,2023-08-12,,-999.0,-1.0,Australia
9654,Simran,Male,-5.0,Hyderabad,,,-999.0,-1.0,Australia
9655,Ravi,nan,43.0,Mumbai,,2021-10-18,-999.0,-1.0,UK
9656,Simran,male,-5.0,Delhi,2024-10-19,2023-07-26,-999.0,10.0,nan
9657,Priya,F,36.0,nan,2024-07-26,,-999.0,3.0,India
,nan,Male,200.0,Mumbai,2025-07-07,,-999.0,10.0,Australia
C9659,Priya,male,-5.0,Hyderabad,,,-999.0,3.0,Canada
C9660,Neha,female,200.0,Pune,,2022-10-11,3394.53,1.0,Australia
C9661,Amit,nan,-5.0,Delhi,,,-999.0,3.0,nan
C9662,Amit,female,44.0,Pune,2020-12-03,2024-06-15,-999.0,-1.0,India
9663,nan,male,54.0,Ahmedabad,,2020-08-16,-999.0,3.0,nan
9664,nan,Female,43.0,Chennai,,2025-10-02,1523.96,3.0,Canada
9665,Rahul,female,43.0,Mumbai,2024-04-01,,-999.0,-1.0,Canada
9666,Simran,nan,51.0,Chennai,,2020-12-23,-999.0,10.0,Canada
9667,Kiran,nan,200.0,Bangalore,,2024-04-08,2420.51,2.0,USA
,Simran,male,31.0,nan,2022-10-29,2024-07-20,2761.01,10.0,UK
C9669,Priya,female,43.0,Mumbai,2026-01-19,2022-06-12,-999.0,-1.0,UK
,Pooja,nan,62.0,Delhi,2023-04-20,,-999.0,-1.0,Canada
,Priya,M,21.0,Bangalore,,,-999.0,1.0,India
9672,Kiran,Female,43.0,Mumbai,,2023-04-24,-999.0,3.0,nan
C9673,Ravi,Male,-5.0,Pune,,,3614.94,10.0,India
9674,nan,female,46.0,Mumbai,,,-999.0,3.0,Canada
,Simran,Female,200.0,Hyderabad,,2023-09-14,2158.79,-1.0,Australia
,Ravi,M,38.0,Mumbai,,2025-11-16,-999.0,-1.0,USA
C9677,Ankit,female,43.0,Pune,2022-08-07,,1930.21,10.0,USA
C9678,Rahul,male,43.0,Chennai,2022-12-16,2020-10-12,-999.0,-1.0,UK
9679,nan,M,43.0,Pune,2022-06-18,,1124.26,2.0,nan
9680,Ravi,nan,18.0,Chennai,,,485.16,4.0,USA
,nan,Male,20.0,Chennai,2025-11-24,2024-11-07,-999.0,-1.0,Canada
9682,Rahul,Male,-5.0,Pune,,,3105.17,10.0,Australia
9683,nan,female,200.0,Pune,,2020-09-13,-999.0,3.0,Australia
9684,Simran,M,-5.0,Delhi,2024-12-24,,-999.0,-1.0,USA
,Sneha,M,200.0,nan,2020-12-24,,-999.0,-1.0,Canada
C9686,Priya,F,200.0,Pune,,,-999.0,2.0,Canada
9687,nan,Female,-5.0,Ahmedabad,2021-08-09,,-999.0,10.0,UK
C9688,Neha,Female,43.0,Chennai,2021-02-01,,2839.93,-1.0,Australia
,Ravi,F,200.0,Hyderabad,2022-06-01,,-999.0,5.0,Australia
9690,Rahul,female,43.0,Kolkata,,,-999.0,-1.0,nan
C9691,Ravi,M,200.0,Ahmedabad,2022-03-12,2022-06-28,-999.0,3.0,USA
9692,Simran,Female,43.0,nan,2024-10-10,2024-10-18,-999.0,4.0,Australia
9693,Amit,female,-5.0,Chennai,,2022-07-12,-999.0,10.0,Australia
C9694,Neha,Male,43.0,Bangalore,,,-999.0,-1.0,UK
9695,Neha,female,50.0,Mumbai,,,336.15,10.0,nan
9696,nan,male,67.0,Ahmedabad,,2020-08-29,-999.0,10.0,Canada
9697,Priya,female,35.0,Pune,,,968.82,-1.0,USA
9698,nan,male,23.0,Chennai,,,-999.0,3.0,nan
9699,Amit,M,43.0,nan,2023-09-02,2023-06-17,-999.0,10.0,UK
C9700,Simran,F,200.0,Mumbai,2022-02-07,,-999.0,5.0,India
9701,nan,F,-5.0,nan,,,-999.0,5.0,Canada
9702,Neha,male,-5.0,Chennai,,,-999.0,3.0,UK
9703,Neha,Female,43.0,Chennai,,2025-03-10,2713.92,3.0,nan
C9704,Ankit,nan,43.0,Hyderabad,2022-10-31,2025-07-17,-999.0,3.0,USA
C9705,Kiran,M,43.0,Pune,2023-06-24,,-999.0,3.0,India
9706,Rahul,male,38.0,Ahmedabad,,,1565.52,5.0,India
9707,nan,female,21.0,Pune,2025-08-17,,-999.0,10.0,Australia
9708,Pooja,F,45.0,nan,2025-07-30,,-999.0,-1.0,UK
,Kiran,female,22.0,Bangalore,,,-999.0,1.0,India
,Simran,male,57.0,nan,2022-07-09,2024-08-30,1012.77,10.0,India
9711,Amit,nan,-5.0,Mumbai,2022-05-07,,-999.0,10.0,Australia
C9712,Pooja,Female,200.0,Delhi,2024-02-20,,-999.0,3.0,Canada
9713,nan,Female,43.0,Hyderabad,,2022-04-27,-999.0,10.0,USA
9714,Priya,Female,21.0,Mumbai,,,-999.0,3.0,Canada
9715,nan,Male,-5.0,Ahmedabad,,,3964.21,10.0,Canada
9716,Ravi,nan,65.0,nan,2021-06-23,2022-07-30,-999.0,-1.0,UK
,Ravi,nan,-5.0,Hyderabad,2021-05-14,,-999.0,4.0,UK
9718,nan,Male,200.0,Kolkata,,,2623.22,3.0,Canada
9719,Amit,F,23.0,Pune,2023-02-25,,-999.0,3.0,Canada
C9720,Pooja,nan,43.0,Chennai,,2021-08-15,-999.0,-1.0,Australia
C9721,Priya,F,66.0,Ahmedabad,,,-999.0,10.0,nan
,Sneha,M,43.0,Kolkata,2024-02-22,,-999.0,4.0,nan
9723,Pooja,M,33.0,nan,2023-10-22,,-999.0,3.0,Australia
9724,Rahul,nan,200.0,Mumbai,2020-09-02,,-999.0,10.0,Australia
C9725,Simran,F,38.0,Mumbai,,2024-02-19,4441.52,-1.0,Australia
9726,Ankit,F,-5.0,Chennai,2020-12-06,,-999.0,3.0,USA
C9727,Sneha,M,43.0,Chennai,2021-05-22,2023-03-10,-999.0,10.0,USA
9728,Sneha,F,200.0,Ahmedabad,,,-999.0,-1.0,Canada
C9729,Sneha,M,60.0,Kolkata,2025-08-24,2023-09-06,1064.18,10.0,Canada
9730,Kiran,Female,20.0,Ahmedabad,2025-04-29,,-999.0,3.0,nan
,Pooja,M,200.0,Kolkata,2023-06-21,,-999.0,3.0,India
C9732,Kiran,female,200.0,Hyderabad,2021-04-11,2022-05-12,-999.0,2.0,nan
9733,Ankit,F,43.0,Ahmedabad,,2024-01-12,-999.0,-1.0,Australia
,Rahul,Male,43.0,Bangalore,2025-10-08,,-999.0,10.0,UK
9735,Kiran,Female,200.0,Bangalore,,,-999.0,3.0,USA
C9736,Kiran,Male,69.0,Mumbai,2024-05-17,,-999.0,3.0,USA
9737,nan,female,-5.0,Chennai,,,-999.0,3.0,nan
C9738,Amit,female,50.0,Hyderabad,,2025-09-26,-999.0,-1.0,Australia
9739,nan,nan,-5.0,Kolkata,2021-10-07,,-999.0,10.0,Canada
C9740,nan,female,43.0,Kolkata,2024-12-06,2020-08-26,-999.0,10.0,USA
,Pooja,nan,36.0,nan,,,-999.0,1.0,India
9742,Simran,female,-5.0,Hyderabad,,,-999.0,-1.0,USA
9743,Ankit,Male,43.0,Mumbai,,2023-09-22,-999.0,1.0,Australia
C9744,Rahul,M,43.0,Delhi,2024-07-05,,-999.0,3.0,UK
C9745,Pooja,F,-5.0,Delhi,,,-999.0,10.0,UK
C9746,Rahul,male,-5.0,Ahmedabad,,2023-12-29,-999.0,10.0,Australia
C9747,Ankit,Female,36.0,Bangalore,2021-08-04,,202.66,3.0,UK
C9748,Rahul,male,36.0,Mumbai,2025-12-28,,-999.0,-1.0,nan
9749,Priya,nan,43.0,Pune,2023-03-12,,-999.0,-1.0,USA
9750,Priya,female,18.0,Delhi,2022-05-25,,-999.0,-1.0,Australia
9751,Ankit,nan,43.0,nan,,2021-01-28,680.53,4.0,USA
,Kiran,F,200.0,Chennai,,,-999.0,4.0,India
C9753,nan,M,-5.0,Chennai,,,323.56,10.0,Australia
C9754,Ravi,F,43.0,Hyderabad,2022-08-24,2023-01-16,-999.0,5.0,Australia
9755,Sneha,female,43.0,Mumbai,,2025-10-26,-999.0,5.0,USA
,Amit,Female,32.0,Hyderabad,2025-11-26,,-999.0,3.0,Canada
9757,Pooja,female,25.0,Ahmedabad,,2024-10-20,-999.0,3.0,Australia
C9758,Simran,nan,43.0,Pune,2021-07-19,,-999.0,-1.0,UK
,Amit,female,200.0,Chennai,,,-999.0,2.0,USA
9760,Rahul,male,36.0,Ahmedabad,2024-12-29,2020-10-21,-999.0,-1.0,nan
9761,Ankit,Female,26.0,Delhi,2020-11-06,2021-05-13,3501.21,-1.0,nan
9762,Priya,nan,-5.0,Bangalore,,,-999.0,-1.0,Canada
9763,Amit,Male,43.0,Chennai,,,-999.0,-1.0,USA
9764,Amit,nan,43.0,Chennai,2025-09-03,,3671.83,5.0,nan
9765,Ankit,male,35.0,Mumbai,2025-11-21,,-999.0,10.0,UK
9766,nan,nan,43.0,Delhi,,,-999.0,2.0,India
9767,Simran,nan,-5.0,Ahmedabad,2021-01-27,,-999.0,10.0,USA
C9768,Pooja,Female,35.0,Kolkata,,2021-04-21,-999.0,2.0,Australia
,Rahul,M,200.0,Pune,2020-12-20,,-999.0,10.0,USA
,nan,nan,62.0,Bangalore,2024-03-01,2022-01-15,-999.0,10.0,India
,Priya,nan,-5.0,Bangalore,2022-03-18,,-999.0,3.0,Australia
9772,Simran,female,43.0,Kolkata,,,-999.0,4.0,UK
9773,Amit,Male,200.0,Bangalore,2022-04-28,,822.79,3.0,Canada
9774,Amit,M,-5.0,Chennai,2022-06-03,2024-11-20,-999.0,3.0,India
C9775,Neha,female,28.0,Ahmedabad,2022-02-20,,2811.69,10.0,USA
C9776,nan,Male,200.0,Mumbai,,2024-02-03,-999.0,5.0,Canada
,nan,Male,43.0,Ahmedabad,2022-09-02,,-999.0,5.0,UK
,Amit,M,200.0,Delhi,2022-05-30,,4310.68,3.0,nan
C9779,Pooja,nan,-5.0,Kolkata,2022-07-30,,-999.0,-1.0,Canada
9780,Rahul,M,-5.0,Pune,,,-999.0,3.0,UK
C9781,Neha,Male,43.0,nan,2024-02-02,,-999.0,10.0,India
,Priya,F,43.0,Mumbai,,,1777.81,-1.0,Australia
C9783,Amit,Male,43.0,Mumbai,2021-02-21,2025-01-01,-999.0,10.0,Australia
9784,nan,nan,43.0,Pune,,,-999.0,10.0,UK
9785,Rahul,female,43.0,Delhi,2023-10-31,,-999.0,1.0,Australia
9786,Amit,Male,65.0,Ahmedabad,2022-12-10,,-999.0,4.0,UK
9787,Pooja,Female,-5.0,nan,2021-12-06,,-999.0,4.0,Canada
,Neha,Male,-5.0,Delhi,2022-03-25,,-999.0,3.0,Canada
9789,Pooja,female,-5.0,Hyderabad,,,-999.0,3.0,USA
C9790,Priya,M,43.0,Kolkata,,,3364.96,3.0,Australia
,Neha,Male,200.0,Kolkata,,,-999.0,3.0,India
C9792,Ankit,nan,200.0,Pune,,,-999.0,3.0,UK
9793,Priya,nan,-5.0,Pune,2024-02-19,,2786.32,3.0,India
,Ankit,nan,-5.0,Pune,2024-06-02,2021-08-14,-999.0,2.0,Canada
C9795,Priya,female,-5.0,Kolkata,,,-999.0,10.0,USA
9796,Priya,F,-5.0,Chennai,2022-03-13,,-999.0,4.0,Canada
9797,Rahul,F,-5.0,Pune,2025-09-29,2024-01-06,-999.0,-1.0,UK
C9798,Ravi,Female,-5.0,Pune,,,-999.0,3.0,nan
,Rahul,nan,43.0,Hyderabad,,2022-04-17,-999.0,3.0,USA
9800,Neha,Male,43.0,Mumbai,2021-08-30,2025-04-16,-999.0,10.0,nan
9801,nan,M,-5.0,Pune,2024-11-12,2021-10-09,-999.0,-1.0,Canada
9802,Simran,F,43.0,Chennai,2024-10-30,,-999.0,-1.0,nan
,Ankit,Male,-5.0,Pune,,,-999.0,2.0,Australia
9804,Kiran,M,200.0,Pune,2022-12-07,2020-10-14,1113.12,10.0,UK
9805,Kiran,female,43.0,Ahmedabad,,,4234.8,3.0,India
9806,Rahul,Female,200.0,Ahmedabad,2021-11-05,2022-08-09,-999.0,3.0,Canada
C9807,Pooja,male,200.0,Kolkata,,,-999.0,4.0,Australia
,Priya,F,-5.0,Bangalore,2022-11-09,,-999.0,3.0,USA
9809,Rahul,male,30.0,Chennai,,,4389.72,3.0,India
C9810,nan,Female,-5.0,Delhi,2023-11-29,2025-02-03,-999.0,2.0,USA
C9811,Pooja,male,-5.0,Ahmedabad,2025-10-03,,2223.0,3.0,Canada
C9812,Kiran,female,-5.0,Ahmedabad,,2024-04-24,-999.0,3.0,USA
C9813,Ravi,female,-5.0,Delhi,,,-999.0,3.0,Canada
9814,Pooja,female,200.0,Hyderabad,2020-09-20,,-999.0,-1.0,Australia
9815,Pooja,Male,-5.0,nan,2023-08-27,,3581.07,10.0,nan
C9816,Ankit,Female,200.0,Pune,,2022-11-26,-999.0,10.0,Canada
9817,Rahul,female,43.0,Delhi,,,-999.0,-1.0,Australia
,Pooja,F,-5.0,Mumbai,,2026-01-09,-999.0,3.0,Canada
9819,Pooja,nan,200.0,nan,,,-999.0,3.0,Australia
C9820,Kiran,nan,38.0,Pune,,2024-01-12,1933.34,10.0,UK
,Amit,F,-5.0,Bangalore,2020-09-21,,-999.0,3.0,India
9822,Pooja,Female,-5.0,Bangalore,2025-07-26,2024-03-11,-999.0,3.0,USA
,Rahul,F,35.0,Hyderabad,,2020-08-18,-999.0,10.0,UK
9824,nan,Female,200.0,Delhi,,,-999.0,3.0,UK
,Sneha,F,200.0,Bangalore,,2021-10-05,-999.0,4.0,nan
9826,Ravi,male,200.0,Kolkata,2021-02-12,2020-11-04,856.15,2.0,Canada
9827,Amit,nan,30.0,Delhi,2023-11-01,2021-04-12,585.13,-1.0,nan
9828,Sneha,nan,-5.0,nan,,,1142.94,3.0,Canada
C9829,nan,male,43.0,Mumbai,2024-04-04,2022-01-23,-999.0,1.0,Australia
9830,Priya,nan,32.0,Pune,2021-04-11,,-999.0,3.0,India
9831,Kiran,female,200.0,Pune,,2026-01-02,-999.0,10.0,UK
9832,Simran,F,-5.0,Chennai,,,-999.0,3.0,Canada
C9833,Amit,F,47.0,nan,,,-999.0,5.0,UK
9834,Pooja,nan,43.0,Bangalore,,,4334.9,2.0,Australia
9835,nan,Female,200.0,Delhi,2025-06-07,,-999.0,3.0,nan
9836,Sneha,nan,20.0,Pune,,2023-07-27,4414.42,-1.0,nan
,nan,F,68.0,Ahmedabad,2024-12-31,,-999.0,4.0,Australia
9838,Amit,F,-5.0,Mumbai,,,-999.0,10.0,India
9839,Kiran,nan,43.0,Bangalore,2021-08-31,,-999.0,-1.0,India
9840,Simran,M,200.0,Chennai,,2025-07-11,-999.0,1.0,Australia
9841,Sneha,Male,200.0,Bangalore,,,-999.0,3.0,Canada
,nan,female,-5.0,Bangalore,,,3105.34,2.0,India
9843,nan,Male,-5.0,Kolkata,,,-999.0,10.0,Australia
,Sneha,male,41.0,Pune,2023-05-31,,1516.22,10.0,USA
9845,Pooja,Male,200.0,nan,2021-06-17,,3474.49,10.0,Canada
C9846,Sneha,nan,-5.0,Kolkata,2022-01-07,,-999.0,-1.0,Australia
9847,Sneha,nan,63.0,nan,,2022-01-12,2051.68,1.0,nan
9848,Amit,Female,26.0,nan,2023-10-15,,-999.0,4.0,India
9849,Priya,Male,-5.0,Hyderabad,,,-999.0,10.0,nan
9850,nan,nan,43.0,Mumbai,2023-02-25,2024-04-07,-999.0,-1.0,nan
9851,Simran,nan,43.0,Chennai,2024-09-27,,3319.93,-1.0,nan
,Simran,male,200.0,Delhi,2022-04-02,2022-09-27,3491.56,-1.0,nan
,Amit,nan,43.0,Mumbai,,,-999.0,-1.0,Australia
C9854,Ravi,female,200.0,nan,2024-01-17,,-999.0,10.0,nan
,Sneha,nan,43.0,Kolkata,,,-999.0,-1.0,UK
9856,Sneha,female,68.0,Mumbai,,2021-09-29,-999.0,10.0,nan
9857,nan,Female,-5.0,Bangalore,,2024-10-06,-999.0,10.0,Australia
9858,nan,Male,43.0,Bangalore,,,4112.4,10.0,India
C9859,Rahul,nan,43.0,Kolkata,,2021-11-08,-999.0,10.0,USA
9860,Ankit,M,22.0,Mumbai,,2020-08-23,-999.0,5.0,nan
,Priya,nan,200.0,Pune,,,-999.0,3.0,USA
C9862,nan,Male,64.0,Delhi,2020-08-27,,-999.0,10.0,UK
,Rahul,nan,32.0,Mumbai,2021-06-30,,-999.0,2.0,Australia
9864,Pooja,male,25.0,Mumbai,,2025-05-09,-999.0,10.0,USA
9865,Ravi,female,28.0,Mumbai,,,-999.0,10.0,India
,Rahul,nan,200.0,Chennai,2024-06-13,2025-10-04,-999.0,3.0,USA
C9867,Rahul,F,43.0,Mumbai,,,160.31,3.0,Canada
9868,Amit,Male,200.0,nan,,,-999.0,5.0,Canada
,Ankit,nan,200.0,Kolkata,,,-999.0,4.0,USA
,Ankit,Male,-5.0,Ahmedabad,2022-10-19,,96.77,-1.0,Canada
C9871,Simran,F,-5.0,Ahmedabad,,,585.15,-1.0,India
9872,Priya,female,56.0,Hyderabad,2024-11-28,,1566.3,10.0,UK
,nan,M,57.0,Chennai,,,-999.0,10.0,Canada
9874,Ravi,nan,-5.0,Chennai,,,-999.0,10.0,Canada
9875,Rahul,Male,-5.0,Chennai,2020-11-02,2022-05-15,-999.0,3.0,USA
,Priya,M,51.0,Kolkata,,,-999.0,5.0,nan
C9877,Neha,Male,50.0,Chennai,,2024-08-19,-999.0,10.0,Canada
C9878,Sneha,M,43.0,nan,2024-01-15,2023-08-02,1940.44,10.0,India
9879,Sneha,male,-5.0,Mumbai,2023-09-26,,-999.0,3.0,India
C9880,Rahul,male,-5.0,Chennai,,,-999.0,4.0,USA
C9881,Sneha,F,-5.0,Ahmedabad,2022-03-30,,-999.0,3.0,India
C9882,Rahul,Female,23.0,Delhi,,,4202.31,1.0,Canada
9883,Rahul,Male,43.0,Ahmedabad,,,3264.66,3.0,USA
C9884,Neha,M,25.0,Kolkata,2022-10-07,,-999.0,-1.0,USA
C9885,Priya,nan,200.0,Mumbai,,,-999.0,-1.0,nan
C9886,Simran,M,49.0,Kolkata,2023-10-07,2024-06-08,3804.99,-1.0,Australia
,nan,female,43.0,Hyderabad,2025-08-03,,-999.0,-1.0,Australia
9888,Kiran,female,-5.0,Delhi,2024-02-09,,-999.0,5.0,UK
,Amit,nan,19.0,Delhi,2024-09-03,,-999.0,-1.0,Australia
9890,Kiran,F,61.0,Bangalore,2022-08-04,2025-05-10,-999.0,10.0,UK
C9891,Rahul,F,-5.0,Chennai,2021-05-17,,-999.0,3.0,nan
,Pooja,Female,200.0,Chennai,2021-01-13,2024-12-12,-999.0,3.0,UK
,Amit,female,200.0,Mumbai,,2023-01-28,-999.0,2.0,Canada
9894,Neha,F,-5.0,Ahmedabad,,2025-10-19,-999.0,10.0,UK
9895,Priya,M,-5.0,Ahmedabad,2023-05-19,2023-03-31,-999.0,3.0,nan
9896,nan,Male,200.0,Hyderabad,2025-05-14,2024-09-13,-999.0,3.0,USA
9897,Simran,M,200.0,Ahmedabad,2024-10-31,2025-02-15,-999.0,3.0,nan
9898,Pooja,Female,-5.0,Delhi,,2020-08-20,-999.0,-1.0,Australia
9899,Amit,Female,200.0,Bangalore,2020-12-25,,159.56,3.0,USA
9900,Ankit,male,200.0,Kolkata,,,-999.0,5.0,USA
9901,Amit,Female,-5.0,Bangalore,2023-04-16,,-999.0,-1.0,nan
9902,Ravi,M,44.0,Delhi,2020-09-22,2023-05-06,-999.0,-1.0,India
9903,Kiran,male,43.0,Delhi,2024-12-05,,-999.0,1.0,Australia
C9904,Amit,female,200.0,nan,2020-10-16,,-999.0,3.0,nan
9905,Ankit,male,43.0,Kolkata,,2022-04-30,-999.0,5.0,Australia
C9906,Kiran,M,54.0,Pune,2023-01-14,,-999.0,-1.0,USA
9907,Pooja,nan,-5.0,nan,,,2491.17,4.0,USA
9908,Sneha,female,200.0,Kolkata,2025-10-26,2022-12-06,-999.0,2.0,UK
C9909,Kiran,M,200.0,Kolkata,2024-04-09,2023-03-29,-999.0,5.0,UK
C9910,Ankit,Female,200.0,Ahmedabad,2023-10-25,2020-08-25,-999.0,-1.0,nan
,Priya,Male,43.0,Ahmedabad,2021-08-10,,-999.0,1.0,India
9912,Neha,male,-5.0,Hyderabad,,2022-07-29,-999.0,4.0,UK
9913,Ankit,M,23.0,Delhi,,,-999.0,5.0,Australia
,nan,F,-5.0,Kolkata,2024-01-19,,-999.0,3.0,UK
C9915,Rahul,Male,31.0,Chennai,,2022-05-07,234.66,-1.0,UK
9916,Kiran,nan,200.0,Hyderabad,2022-08-05,,819.04,10.0,Australia
9917,Ankit,Male,43.0,Pune,2025-01-07,,1580.01,10.0,India
9918,nan,F,37.0,nan,,2023-08-13,-999.0,-1.0,India
9919,Pooja,M,60.0,Ahmedabad,,,-999.0,2.0,Canada
9920,Priya,Male,65.0,Bangalore,2024-08-03,,-999.0,-1.0,nan
9921,Neha,female,200.0,Mumbai,2020-11-23,,-999.0,10.0,India
9922,nan,M,200.0,nan,,2023-12-17,-999.0,-1.0,UK
,Ankit,Male,29.0,Kolkata,2025-11-07,,-999.0,2.0,Canada
9924,nan,male,200.0,nan,2024-06-25,,-999.0,2.0,Australia
C9925,Sneha,F,28.0,Kolkata,2023-10-21,,-999.0,2.0,UK
,Ankit,Male,-5.0,Mumbai,,,-999.0,3.0,Canada
C9927,nan,M,-5.0,nan,,2023-08-28,-999.0,4.0,Canada
9928,Amit,Male,50.0,Kolkata,2021-09-14,,-999.0,3.0,Canada
9929,Ravi,male,43.0,Chennai,2024-10-26,,-999.0,-1.0,UK
C9930,nan,female,-5.0,Pune,,,-999.0,2.0,Australia
9931,nan,Male,200.0,Chennai,2022-06-12,2024-08-26,-999.0,3.0,USA
,Amit,nan,43.0,Ahmedabad,,2022-02-06,-999.0,5.0,USA
,Sneha,female,43.0,Bangalore,2022-04-10,,-999.0,10.0,nan
9934,Sneha,Male,200.0,Kolkata,2023-09-26,,-999.0,-1.0,UK
C9935,Rahul,M,-5.0,nan,,,-999.0,-1.0,UK
9936,Amit,Female,200.0,Hyderabad,2020-12-02,,-999.0,3.0,Canada
C9937,Priya,nan,200.0,Mumbai,,,1463.21,-1.0,nan
9938,Amit,nan,-5.0,nan,,2021-04-03,-999.0,4.0,UK
,Amit,Male,21.0,nan,,2024-05-29,-999.0,2.0,USA
C9940,nan,male,200.0,nan,,,-999.0,3.0,USA
9941,Sneha,Male,-5.0,nan,,,-999.0,10.0,Canada
,Sneha,Male,22.0,Chennai,,2021-10-04,-999.0,3.0,USA
9943,Amit,male,19.0,Delhi,,,1257.68,-1.0,Canada
C9944,Sneha,F,200.0,Hyderabad,2021-06-23,,-999.0,10.0,India
9945,Sneha,female,43.0,Hyderabad,2025-01-18,,-999.0,1.0,Canada
9946,nan,Female,200.0,Bangalore,2021-05-14,,-999.0,3.0,nan
9947,Amit,male,33.0,Delhi,2024-02-08,,4352.69,10.0,nan
C9948,Pooja,Male,200.0,Hyderabad,2020-12-23,2022-10-14,-999.0,-1.0,Canada
C9949,Simran,male,200.0,Chennai,2021-06-22,,-999.0,3.0,Canada
9950,Ankit,nan,200.0,Ahmedabad,,,-999.0,10.0,nan
9951,Kiran,nan,200.0,Mumbai,2025-11-14,,-999.0,3.0,UK
,Pooja,F,-5.0,Delhi,,,557.22,4.0,UK
9953,Ankit,F,43.0,Delhi,2021-07-12,,-999.0,3.0,USA
9954,Sneha,male,200.0,Hyderabad,,,-999.0,3.0,USA
9955,nan,F,18.0,Hyderabad,2021-06-14,2023-04-02,2915.49,3.0,India
9956,Kiran,nan,43.0,nan,,,2967.39,10.0,nan
9957,Ravi,female,51.0,Hyderabad,,2025-03-20,-999.0,3.0,India
C9958,Kiran,nan,200.0,Bangalore,,2023-06-16,-999.0,3.0,Canada
,Simran,female,43.0,Mumbai,,,-999.0,10.0,USA
C9960,nan,female,-5.0,Delhi,2024-10-01,,4690.79,3.0,Canada
,Ankit,nan,50.0,Mumbai,2024-10-25,2023-12-04,-999.0,10.0,UK
9962,Kiran,nan,-5.0,Bangalore,,,-999.0,4.0,Australia
9963,Priya,nan,43.0,nan,,,-999.0,3.0,Australia
9964,nan,M,43.0,nan,,,-999.0,-1.0,USA
9965,Priya,Female,22.0,Hyderabad,,2020-09-27,-999.0,3.0,Canada
C9966,nan,female,43.0,Chennai,,2022-04-12,-999.0,-1.0,UK
9967,Ankit,male,200.0,Hyderabad,2024-04-04,,2019.69,10.0,Canada
,Rahul,nan,200.0,Hyderabad,,,-999.0,4.0,nan
9969,nan,male,-5.0,Delhi,,2024-05-30,-999.0,10.0,nan
,Simran,F,200.0,Bangalore,,2024-04-27,-999.0,3.0,Australia
C9971,Priya,Female,200.0,Mumbai,,,-999.0,3.0,USA
9972,Kiran,female,29.0,Hyderabad,,2023-04-19,-999.0,2.0,UK
C9973,Amit,nan,-5.0,Ahmedabad,,2025-02-28,-999.0,10.0,India
9974,Sneha,male,-5.0,Mumbai,2024-11-30,2021-10-23,-999.0,10.0,Canada
9975,Neha,M,-5.0,Bangalore,2024-06-08,,104.02,3.0,Canada
9976,Sneha,Female,200.0,Bangalore,,2021-04-18,-999.0,3.0,nan
,Priya,female,200.0,Chennai,,,2387.43,3.0,Canada
9978,Ravi,M,200.0,Hyderabad,2024-08-15,2024-06-23,-999.0,1.0,nan
9979,Simran,Female,43.0,nan,2021-10-07,,1350.72,1.0,UK
9980,nan,male,43.0,Kolkata,,2022-09-02,-999.0,2.0,UK
9981,Priya,nan,43.0,Delhi,2025-02-17,2023-10-25,2829.14,-1.0,Australia
,Pooja,male,-5.0,Bangalore,2023-03-06,,-999.0,10.0,UK
,Ankit,Male,68.0,Delhi,,,-999.0,-1.0,Australia
9984,Rahul,nan,39.0,Chennai,,,-999.0,-1.0,India
9985,Amit,nan,27.0,Kolkata,,,-999.0,3.0,Australia
9986,Ankit,nan,-5.0,nan,2023-03-27,2020-11-21,3796.11,3.0,USA
C9987,Priya,M,51.0,Ahmedabad,,2021-08-05,-999.0,3.0,Australia
C9988,Neha,F,43.0,nan,,,-999.0,3.0,nan
9989,Ravi,Male,61.0,Bangalore,,,-999.0,-1.0,nan
9990,Priya,M,58.0,Chennai,,2023-03-14,-999.0,3.0,UK
C9991,Amit,nan,53.0,nan,2023-08-31,,-999.0,-1.0,USA
9992,Sneha,F,43.0,Bangalore,,,-999.0,3.0,USA
9993,Ravi,male,37.0,nan,,2025-08-08,-999.0,3.0,Australia
9994,Rahul,Female,200.0,Delhi,2024-06-18,,-999.0,3.0,USA
,Pooja,Male,23.0,Delhi,2022-02-26,,851.75,1.0,Australia
9996,nan,M,200.0,Delhi,,2020-09-17,-999.0,10.0,UK
,Ankit,female,-5.0,Chennai,,2022-03-23,-999.0,5.0,USA
9998,nan,female,35.0,Kolkata,2022-05-24,,-999.0,-1.0,USA
,Pooja,F,24.0,Chennai,,,-999.0,-1.0,UK
10000,Kiran,F,-5.0,Hyderabad,2022-07-03,2025-03-21,2254.23,3.0,USA
